date,vistor,vistorAbrv,vistorGoals,home,homeAbrv,homeGoals,notes
"2014-10-08","Philadelphia Flyers","PHI","1","Boston Bruins","BOS","2",
"2014-10-08","Vancouver Canucks","VAN","4","Calgary Flames","CGY","2",
"2014-10-08","San Jose Sharks","SJS","4","Los Angeles Kings","LAK","0",
"2014-10-08","Montreal Canadiens","MTL","4","Toronto Maple Leafs","TOR","3",
"2014-10-09","Winnipeg Jets","WPG","6","Arizona Coyotes","ARI","2",
"2014-10-09","Columbus Blue Jackets","CBJ","3","Buffalo Sabres","BUF","1",
"2014-10-09","Chicago Blackhawks","CHI","3","Dallas Stars","DAL","2",
"2014-10-09","Boston Bruins","BOS","1","Detroit Red Wings","DET","2",
"2014-10-09","Calgary Flames","CGY","5","Edmonton Oilers","EDM","2",
"2014-10-09","Colorado Avalanche","COL","0","Minnesota Wild","MIN","5",
"2014-10-09","Ottawa Senators","OTT","2","Nashville Predators","NSH","3",
"2014-10-09","New Jersey Devils","NJD","6","Philadelphia Flyers","PHI","4",
"2014-10-09","Anaheim Ducks","ANA","4","Pittsburgh Penguins","PIT","6",
"2014-10-09","New York Rangers","NYR","3","St. Louis Blues","STL","2",
"2014-10-09","Florida Panthers","FLA","2","Tampa Bay Lightning","TBL","3",
"2014-10-09","Montreal Canadiens","MTL","2","Washington Capitals","WSH","1",
"2014-10-10","New York Islanders","NYI","5","Carolina Hurricanes","CAR","3",
"2014-10-11","Los Angeles Kings","LAK","2","Arizona Coyotes","ARI","3",
"2014-10-11","Washington Capitals","WSH","4","Boston Bruins","BOS","0",
"2014-10-11","New York Rangers","NYR","2","Columbus Blue Jackets","CBJ","5",
"2014-10-11","Buffalo Sabres","BUF","2","Chicago Blackhawks","CHI","6",
"2014-10-11","Minnesota Wild","MIN","3","Colorado Avalanche","COL","0",
"2014-10-11","Anaheim Ducks","ANA","3","Detroit Red Wings","DET","2",
"2014-10-11","New Jersey Devils","NJD","5","Florida Panthers","FLA","1",
"2014-10-11","Dallas Stars","DAL","1","Nashville Predators","NSH","4",
"2014-10-11","Carolina Hurricanes","CAR","3","New York Islanders","NYI","4",
"2014-10-11","Montreal Canadiens","MTL","4","Philadelphia Flyers","PHI","3",
"2014-10-11","Winnipeg Jets","WPG","0","San Jose Sharks","SJS","3",
"2014-10-11","Calgary Flames","CGY","1","St. Louis Blues","STL","4",
"2014-10-11","Ottawa Senators","OTT","3","Tampa Bay Lightning","TBL","2",
"2014-10-11","Pittsburgh Penguins","PIT","5","Toronto Maple Leafs","TOR","2",
"2014-10-11","Edmonton Oilers","EDM","4","Vancouver Canucks","VAN","5",
"2014-10-12","Winnipeg Jets","WPG","1","Los Angeles Kings","LAK","4",
"2014-10-12","Toronto Maple Leafs","TOR","6","New York Rangers","NYR","3",
"2014-10-13","Colorado Avalanche","COL","2","Boston Bruins","BOS","1",
"2014-10-13","Anaheim Ducks","ANA","5","Buffalo Sabres","BUF","1",
"2014-10-13","Ottawa Senators","OTT","1","Florida Panthers","FLA","0",
"2014-10-13","Montreal Canadiens","MTL","1","Tampa Bay Lightning","TBL","7",
"2014-10-14","Buffalo Sabres","BUF","4","Carolina Hurricanes","CAR","3",
"2014-10-14","Dallas Stars","DAL","4","Columbus Blue Jackets","CBJ","2",
"2014-10-14","Edmonton Oilers","EDM","1","Los Angeles Kings","LAK","6",
"2014-10-14","Calgary Flames","CGY","3","Nashville Predators","NSH","2",
"2014-10-14","New York Islanders","NYI","6","New York Rangers","NYR","3",
"2014-10-14","Anaheim Ducks","ANA","4","Philadelphia Flyers","PHI","3",
"2014-10-14","New Jersey Devils","NJD","2","Tampa Bay Lightning","TBL","1",
"2014-10-14","Colorado Avalanche","COL","2","Toronto Maple Leafs","TOR","3",
"2014-10-14","San Jose Sharks","SJS","6","Washington Capitals","WSH","5",
"2014-10-15","Edmonton Oilers","EDM","4","Arizona Coyotes","ARI","7",
"2014-10-15","Calgary Flames","CGY","2","Chicago Blackhawks","CHI","1",
"2014-10-15","Boston Bruins","BOS","3","Detroit Red Wings","DET","2",
"2014-10-16","St. Louis Blues","STL","0","Los Angeles Kings","LAK","1",
"2014-10-16","Boston Bruins","BOS","4","Montreal Canadiens","MTL","6",
"2014-10-16","San Jose Sharks","SJS","3","New York Islanders","NYI","4",
"2014-10-16","Carolina Hurricanes","CAR","1","New York Rangers","NYR","2",
"2014-10-16","Colorado Avalanche","COL","3","Ottawa Senators","OTT","5",
"2014-10-16","Dallas Stars","DAL","3","Pittsburgh Penguins","PIT","2",
"2014-10-16","New Jersey Devils","NJD","2","Washington Capitals","WSH","6",
"2014-10-17","Minnesota Wild","MIN","1","Anaheim Ducks","ANA","2",
"2014-10-17","Florida Panthers","FLA","1","Buffalo Sabres","BUF","0",
"2014-10-17","Calgary Flames","CGY","2","Columbus Blue Jackets","CBJ","3",
"2014-10-17","Vancouver Canucks","VAN","2","Edmonton Oilers","EDM","0",
"2014-10-17","Detroit Red Wings","DET","4","Toronto Maple Leafs","TOR","1",
"2014-10-17","Nashville Predators","NSH","2","Winnipeg Jets","WPG","0",
"2014-10-18","St. Louis Blues","STL","6","Arizona Coyotes","ARI","1",
"2014-10-18","Boston Bruins","BOS","4","Buffalo Sabres","BUF","0",
"2014-10-18","Nashville Predators","NSH","1","Chicago Blackhawks","CHI","2",
"2014-10-18","Philadelphia Flyers","PHI","6","Dallas Stars","DAL","5",
"2014-10-18","Toronto Maple Leafs","TOR","0","Detroit Red Wings","DET","1",
"2014-10-18","Colorado Avalanche","COL","2","Montreal Canadiens","MTL","3",
"2014-10-18","San Jose Sharks","SJS","4","New Jersey Devils","NJD","2",
"2014-10-18","Columbus Blue Jackets","CBJ","2","Ottawa Senators","OTT","3",
"2014-10-18","New York Islanders","NYI","1","Pittsburgh Penguins","PIT","3",
"2014-10-18","Tampa Bay Lightning","TBL","4","Vancouver Canucks","VAN","2",
"2014-10-18","Florida Panthers","FLA","1","Washington Capitals","WSH","2",
"2014-10-19","St. Louis Blues","STL","0","Anaheim Ducks","ANA","3",
"2014-10-19","Minnesota Wild","MIN","1","Los Angeles Kings","LAK","2",
"2014-10-19","San Jose Sharks","SJS","0","New York Rangers","NYR","4",
"2014-10-19","Calgary Flames","CGY","4","Winnipeg Jets","WPG","1",
"2014-10-20","Tampa Bay Lightning","TBL","2","Edmonton Oilers","EDM","3",
"2014-10-21","San Jose Sharks","SJS","3","Boston Bruins","BOS","5",
"2014-10-21","Tampa Bay Lightning","TBL","2","Calgary Flames","CGY","1",
"2014-10-21","Philadelphia Flyers","PHI","0","Chicago Blackhawks","CHI","4",
"2014-10-21","Florida Panthers","FLA","4","Colorado Avalanche","COL","3",
"2014-10-21","Vancouver Canucks","VAN","3","Dallas Stars","DAL","6",
"2014-10-21","Detroit Red Wings","DET","1","Montreal Canadiens","MTL","2",
"2014-10-21","New York Rangers","NYR","4","New Jersey Devils","NJD","3",
"2014-10-21","Arizona Coyotes","ARI","3","Nashville Predators","NSH","4",
"2014-10-21","Toronto Maple Leafs","TOR","5","New York Islanders","NYI","2",
"2014-10-21","Carolina Hurricanes","CAR","1","Winnipeg Jets","WPG","3",
"2014-10-22","Buffalo Sabres","BUF","1","Anaheim Ducks","ANA","4",
"2014-10-22","Washington Capitals","WSH","2","Edmonton Oilers","EDM","3",
"2014-10-22","Toronto Maple Leafs","TOR","","Ottawa Senators","OTT","",
"2014-10-22","Philadelphia Flyers","PHI","5","Pittsburgh Penguins","PIT","3",
"2014-10-23","New York Islanders","NYI","3","Boston Bruins","BOS","2",
"2014-10-23","Carolina Hurricanes","CAR","0","Calgary Flames","CGY","5",
"2014-10-23","Pittsburgh Penguins","PIT","3","Detroit Red Wings","DET","4",
"2014-10-23","Buffalo Sabres","BUF","0","Los Angeles Kings","LAK","2",
"2014-10-23","Arizona Coyotes","ARI","0","Minnesota Wild","MIN","2",
"2014-10-23","Chicago Blackhawks","CHI","2","Nashville Predators","NSH","3",
"2014-10-23","Columbus Blue Jackets","CBJ","5","San Jose Sharks","SJS","4",
"2014-10-23","Vancouver Canucks","VAN","4","St. Louis Blues","STL","1",
"2014-10-24","Columbus Blue Jackets","CBJ","1","Anaheim Ducks","ANA","4",
"2014-10-24","Vancouver Canucks","VAN","3","Colorado Avalanche","COL","7",
"2014-10-24","Carolina Hurricanes","CAR","3","Edmonton Oilers","EDM","6",
"2014-10-24","Dallas Stars","DAL","3","New Jersey Devils","NJD","2",
"2014-10-24","Tampa Bay Lightning","TBL","4","Winnipeg Jets","WPG","2",
"2014-10-25","Florida Panthers","FLA","1","Arizona Coyotes","ARI","2",
"2014-10-25","Washington Capitals","WSH","3","Calgary Flames","CGY","1",
"2014-10-25","Tampa Bay Lightning","TBL","2","Minnesota Wild","MIN","7",
"2014-10-25","New York Rangers","NYR","1","Montreal Canadiens","MTL","3",
"2014-10-25","Pittsburgh Penguins","PIT","3","Nashville Predators","NSH","0",
"2014-10-25","Dallas Stars","DAL","5","New York Islanders","NYI","7",
"2014-10-25","New Jersey Devils","NJD","3","Ottawa Senators","OTT","2",
"2014-10-25","Detroit Red Wings","DET","2","Philadelphia Flyers","PHI","4",
"2014-10-25","Buffalo Sabres","BUF","2","San Jose Sharks","SJS","1",
"2014-10-25","Chicago Blackhawks","CHI","2","St. Louis Blues","STL","3",
"2014-10-25","Boston Bruins","BOS","4","Toronto Maple Leafs","TOR","1",
"2014-10-26","San Jose Sharks","SJS","4","Anaheim Ducks","ANA","1",
"2014-10-26","Ottawa Senators","OTT","1","Chicago Blackhawks","CHI","2",
"2014-10-26","Columbus Blue Jackets","CBJ","2","Los Angeles Kings","LAK","5",
"2014-10-26","Washington Capitals","WSH","2","Vancouver Canucks","VAN","4",
"2014-10-26","Colorado Avalanche","COL","1","Winnipeg Jets","WPG","2",
"2014-10-27","Montreal Canadiens","MTL","0","Edmonton Oilers","EDM","3",
"2014-10-27","Minnesota Wild","MIN","4","New York Rangers","NYR","5",
"2014-10-28","Minnesota Wild","MIN","4","Boston Bruins","BOS","3",
"2014-10-28","Ottawa Senators","OTT","5","Columbus Blue Jackets","CBJ","2",
"2014-10-28","Montreal Canadiens","MTL","2","Calgary Flames","CGY","1",
"2014-10-28","Anaheim Ducks","ANA","1","Chicago Blackhawks","CHI","0",
"2014-10-28","San Jose Sharks","SJS","3","Colorado Avalanche","COL","2",
"2014-10-28","St. Louis Blues","STL","4","Dallas Stars","DAL","3",
"2014-10-28","Winnipeg Jets","WPG","4","New York Islanders","NYI","3",
"2014-10-28","Los Angeles Kings","LAK","2","Philadelphia Flyers","PHI","3",
"2014-10-28","New Jersey Devils","NJD","3","Pittsburgh Penguins","PIT","8",
"2014-10-28","Arizona Coyotes","ARI","3","Tampa Bay Lightning","TBL","7",
"2014-10-28","Buffalo Sabres","BUF","0","Toronto Maple Leafs","TOR","4",
"2014-10-28","Carolina Hurricanes","CAR","1","Vancouver Canucks","VAN","4",
"2014-10-29","Nashville Predators","NSH","4","Edmonton Oilers","EDM","1",
"2014-10-29","Detroit Red Wings","DET","4","Washington Capitals","WSH","2",
"2014-10-30","Boston Bruins","BOS","3","Buffalo Sabres","BUF","2",
"2014-10-30","New York Islanders","NYI","0","Colorado Avalanche","COL","5",
"2014-10-30","Arizona Coyotes","ARI","1","Florida Panthers","FLA","2",
"2014-10-30","San Jose Sharks","SJS","3","Minnesota Wild","MIN","4",
"2014-10-30","Winnipeg Jets","WPG","1","New Jersey Devils","NJD","2",
"2014-10-30","Chicago Blackhawks","CHI","5","Ottawa Senators","OTT","4",
"2014-10-30","Los Angeles Kings","LAK","0","Pittsburgh Penguins","PIT","3",
"2014-10-30","Anaheim Ducks","ANA","0","St. Louis Blues","STL","2",
"2014-10-30","Philadelphia Flyers","PHI","3","Tampa Bay Lightning","TBL","4",
"2014-10-30","Montreal Canadiens","MTL","2","Vancouver Canucks","VAN","3",
"2014-10-31","Toronto Maple Leafs","TOR","4","Columbus Blue Jackets","CBJ","1",
"2014-10-31","Nashville Predators","NSH","3","Calgary Flames","CGY","4",
"2014-10-31","Anaheim Ducks","ANA","2","Dallas Stars","DAL","1",
"2014-10-31","Los Angeles Kings","LAK","2","Detroit Red Wings","DET","5",
"2014-11-01","Ottawa Senators","OTT","2","Boston Bruins","BOS","4",
"2014-11-01","Arizona Coyotes","ARI","0","Carolina Hurricanes","CAR","3",
"2014-11-01","Vancouver Canucks","VAN","3","Edmonton Oilers","EDM","2",
"2014-11-01","Philadelphia Flyers","PHI","1","Florida Panthers","FLA","2",
"2014-11-01","Dallas Stars","DAL","1","Minnesota Wild","MIN","4",
"2014-11-01","Columbus Blue Jackets","CBJ","2","New Jersey Devils","NJD","3",
"2014-11-01","Winnipeg Jets","WPG","1","New York Rangers","NYR","0",
"2014-11-01","Buffalo Sabres","BUF","0","Pittsburgh Penguins","PIT","5",
"2014-11-01","New York Islanders","NYI","1","San Jose Sharks","SJS","3",
"2014-11-01","Colorado Avalanche","COL","2","St. Louis Blues","STL","3",
"2014-11-01","Washington Capitals","WSH","3","Tampa Bay Lightning","TBL","4",
"2014-11-01","Chicago Blackhawks","CHI","2","Toronto Maple Leafs","TOR","3",
"2014-11-02","Detroit Red Wings","DET","2","Buffalo Sabres","BUF","3",
"2014-11-02","Los Angeles Kings","LAK","2","Carolina Hurricanes","CAR","3",
"2014-11-02","Winnipeg Jets","WPG","1","Chicago Blackhawks","CHI","0",
"2014-11-02","Anaheim Ducks","ANA","3","Colorado Avalanche","COL","2",
"2014-11-02","Calgary Flames","CGY","6","Montreal Canadiens","MTL","2",
"2014-11-02","Nashville Predators","NSH","3","Vancouver Canucks","VAN","1",
"2014-11-02","Arizona Coyotes","ARI","6","Washington Capitals","WSH","5",
"2014-11-03","St. Louis Blues","STL","4","New York Rangers","NYR","3",
"2014-11-04","Toronto Maple Leafs","TOR","2","Arizona Coyotes","ARI","3",
"2014-11-04","Florida Panthers","FLA","1","Boston Bruins","BOS","2",
"2014-11-04","Carolina Hurricanes","CAR","4","Columbus Blue Jackets","CBJ","2",
"2014-11-04","Vancouver Canucks","VAN","5","Colorado Avalanche","COL","2",
"2014-11-04","Los Angeles Kings","LAK","3","Dallas Stars","DAL","1",
"2014-11-04","Pittsburgh Penguins","PIT","4","Minnesota Wild","MIN","1",
"2014-11-04","Chicago Blackhawks","CHI","5","Montreal Canadiens","MTL","0",
"2014-11-04","St. Louis Blues","STL","1","New Jersey Devils","NJD","0",
"2014-11-04","Detroit Red Wings","DET","1","Ottawa Senators","OTT","3",
"2014-11-04","Edmonton Oilers","EDM","1","Philadelphia Flyers","PHI","4",
"2014-11-04","Nashville Predators","NSH","1","Winnipeg Jets","WPG","3",
"2014-11-04","Calgary Flames","CGY","4","Washington Capitals","WSH","3",
"2014-11-05","New York Islanders","NYI","3","Anaheim Ducks","ANA","2",
"2014-11-05","Montreal Canadiens","MTL","2","Buffalo Sabres","BUF","1",
"2014-11-05","Detroit Red Wings","DET","3","New York Rangers","NYR","4",
"2014-11-06","Edmonton Oilers","EDM","2","Boston Bruins","BOS","5",
"2014-11-06","Toronto Maple Leafs","TOR","3","Colorado Avalanche","COL","4",
"2014-11-06","Nashville Predators","NSH","3","Dallas Stars","DAL","2",
"2014-11-06","New York Islanders","NYI","2","Los Angeles Kings","LAK","1",
"2014-11-06","Minnesota Wild","MIN","0","Ottawa Senators","OTT","3",
"2014-11-06","Florida Panthers","FLA","1","Philadelphia Flyers","PHI","4",
"2014-11-06","Vancouver Canucks","VAN","3","San Jose Sharks","SJS","2",
"2014-11-06","New Jersey Devils","NJD","3","St. Louis Blues","STL","4",
"2014-11-06","Calgary Flames","CGY","2","Tampa Bay Lightning","TBL","5",
"2014-11-06","Pittsburgh Penguins","PIT","4","Winnipeg Jets","WPG","3",
"2014-11-07","Arizona Coyotes","ARI","3","Anaheim Ducks","ANA","2",
"2014-11-07","Edmonton Oilers","EDM","3","Buffalo Sabres","BUF","2",
"2014-11-07","Columbus Blue Jackets","CBJ","2","Carolina Hurricanes","CAR","3",
"2014-11-07","Washington Capitals","WSH","3","Chicago Blackhawks","CHI","2",
"2014-11-07","New Jersey Devils","NJD","2","Detroit Red Wings","DET","4",
"2014-11-08","New York Islanders","NYI","1","Arizona Coyotes","ARI","0",
"2014-11-08","Pittsburgh Penguins","PIT","6","Buffalo Sabres","BUF","1",
"2014-11-08","Tampa Bay Lightning","TBL","7","Columbus Blue Jackets","CBJ","4",
"2014-11-08","San Jose Sharks","SJS","5","Dallas Stars","DAL","3",
"2014-11-08","Calgary Flames","CGY","6","Florida Panthers","FLA","4",
"2014-11-08","Vancouver Canucks","VAN","1","Los Angeles Kings","LAK","5",
"2014-11-08","Minnesota Wild","MIN","1","Montreal Canadiens","MTL","4",
"2014-11-08","Winnipeg Jets","WPG","2","Ottawa Senators","OTT","1",
"2014-11-08","Colorado Avalanche","COL","3","Philadelphia Flyers","PHI","4",
"2014-11-08","Nashville Predators","NSH","2","St. Louis Blues","STL","1",
"2014-11-08","New York Rangers","NYR","4","Toronto Maple Leafs","TOR","5",
"2014-11-08","Carolina Hurricanes","CAR","3","Washington Capitals","WSH","4",
"2014-11-09","Vancouver Canucks","VAN","2","Anaheim Ducks","ANA","1",
"2014-11-09","San Jose Sharks","SJS","2","Chicago Blackhawks","CHI","5",
"2014-11-09","Tampa Bay Lightning","TBL","4","Detroit Red Wings","DET","3",
"2014-11-09","Edmonton Oilers","EDM","3","New York Rangers","NYR","1",
"2014-11-09","Toronto Maple Leafs","TOR","5","Ottawa Senators","OTT","3",
"2014-11-10","New Jersey Devils","NJD","2","Boston Bruins","BOS","4",
"2014-11-10","Calgary Flames","CGY","1","Carolina Hurricanes","CAR","4",
"2014-11-11","Dallas Stars","DAL","4","Arizona Coyotes","ARI","3",
"2014-11-11","Tampa Bay Lightning","TBL","2","Chicago Blackhawks","CHI","3",
"2014-11-11","San Jose Sharks","SJS","1","Florida Panthers","FLA","4",
"2014-11-11","Winnipeg Jets","WPG","0","Montreal Canadiens","MTL","3",
"2014-11-11","Minnesota Wild","MIN","1","New Jersey Devils","NJD","3",
"2014-11-11","Edmonton Oilers","EDM","2","Nashville Predators","NSH","3",
"2014-11-11","Colorado Avalanche","COL","0","New York Islanders","NYI","6",
"2014-11-11","Pittsburgh Penguins","PIT","0","New York Rangers","NYR","5",
"2014-11-11","Buffalo Sabres","BUF","1","St. Louis Blues","STL","6",
"2014-11-11","Ottawa Senators","OTT","3","Vancouver Canucks","VAN","4",
"2014-11-11","Columbus Blue Jackets","CBJ","2","Washington Capitals","WSH","4",
"2014-11-12","Los Angeles Kings","LAK","5","Anaheim Ducks","ANA","6",
"2014-11-12","Boston Bruins","BOS","1","Toronto Maple Leafs","TOR","6",
"2014-11-13","Winnipeg Jets","WPG","3","Carolina Hurricanes","CAR","1",
"2014-11-13","Arizona Coyotes","ARI","3","Calgary Flames","CGY","5",
"2014-11-13","Ottawa Senators","OTT","4","Edmonton Oilers","EDM","3",
"2014-11-13","Dallas Stars","DAL","2","Los Angeles Kings","LAK","0",
"2014-11-13","Buffalo Sabres","BUF","3","Minnesota Wild","MIN","6",
"2014-11-13","Boston Bruins","BOS","1","Montreal Canadiens","MTL","5",
"2014-11-13","Colorado Avalanche","COL","4","New York Rangers","NYR","3",
"2014-11-13","Nashville Predators","NSH","3","St. Louis Blues","STL","4",
"2014-11-13","San Jose Sharks","SJS","2","Tampa Bay Lightning","TBL","1",
"2014-11-14","Chicago Blackhawks","CHI","1","Detroit Red Wings","DET","4",
"2014-11-14","New York Islanders","NYI","4","Florida Panthers","FLA","3",
"2014-11-14","Columbus Blue Jackets","CBJ","4","Philadelphia Flyers","PHI","3",
"2014-11-14","Pittsburgh Penguins","PIT","2","Toronto Maple Leafs","TOR","1",
"2014-11-14","Arizona Coyotes","ARI","5","Vancouver Canucks","VAN","0",
"2014-11-14","New Jersey Devils","NJD","1","Washington Capitals","WSH","0",
"2014-11-15","Carolina Hurricanes","CAR","1","Boston Bruins","BOS","2",
"2014-11-15","Toronto Maple Leafs","TOR","2","Buffalo Sabres","BUF","6",
"2014-11-15","San Jose Sharks","SJS","1","Columbus Blue Jackets","CBJ","2",
"2014-11-15","Ottawa Senators","OTT","2","Calgary Flames","CGY","4",
"2014-11-15","Minnesota Wild","MIN","2","Dallas Stars","DAL","1",
"2014-11-15","Anaheim Ducks","ANA","2","Los Angeles Kings","LAK","3",
"2014-11-15","Philadelphia Flyers","PHI","3","Montreal Canadiens","MTL","6",
"2014-11-15","Colorado Avalanche","COL","3","New Jersey Devils","NJD","2",
"2014-11-15","Winnipeg Jets","WPG","1","Nashville Predators","NSH","2",
"2014-11-15","New York Rangers","NYR","2","Pittsburgh Penguins","PIT","3",
"2014-11-15","Washington Capitals","WSH","1","St. Louis Blues","STL","4",
"2014-11-15","New York Islanders","NYI","2","Tampa Bay Lightning","TBL","5",
"2014-11-16","Florida Panthers","FLA","6","Anaheim Ducks","ANA","2",
"2014-11-16","San Jose Sharks","SJS","2","Carolina Hurricanes","CAR","0",
"2014-11-16","Dallas Stars","DAL","2","Chicago Blackhawks","CHI","6",
"2014-11-16","Montreal Canadiens","MTL","4","Detroit Red Wings","DET","1",
"2014-11-16","Arizona Coyotes","ARI","2","Edmonton Oilers","EDM","1",
"2014-11-16","Winnipeg Jets","WPG","3","Minnesota Wild","MIN","4",
"2014-11-17","Tampa Bay Lightning","TBL","5","New York Rangers","NYR","1",
"2014-11-18","Washington Capitals","WSH","2","Arizona Coyotes","ARI","1",
"2014-11-18","St. Louis Blues","STL","0","Boston Bruins","BOS","2",
"2014-11-18","San Jose Sharks","SJS","1","Buffalo Sabres","BUF","4",
"2014-11-18","Detroit Red Wings","DET","5","Columbus Blue Jackets","CBJ","0",
"2014-11-18","Anaheim Ducks","ANA","3","Calgary Flames","CGY","4",
"2014-11-18","Carolina Hurricanes","CAR","6","Dallas Stars","DAL","4",
"2014-11-18","Florida Panthers","FLA","2","Los Angeles Kings","LAK","5",
"2014-11-18","Pittsburgh Penguins","PIT","4","Montreal Canadiens","MTL","0",
"2014-11-18","Tampa Bay Lightning","TBL","2","New York Islanders","NYI","5",
"2014-11-18","Nashville Predators","NSH","9","Toronto Maple Leafs","TOR","2",
"2014-11-18","New Jersey Devils","NJD","1","Winnipeg Jets","WPG","3",
"2014-11-19","Vancouver Canucks","VAN","5","Edmonton Oilers","EDM","4",
"2014-11-19","Philadelphia Flyers","PHI","0","New York Rangers","NYR","2",
"2014-11-20","Chicago Blackhawks","CHI","4","Calgary Flames","CGY","3",
"2014-11-20","Washington Capitals","WSH","3","Colorado Avalanche","COL","2",
"2014-11-20","Arizona Coyotes","ARI","1","Dallas Stars","DAL","3",
"2014-11-20","Carolina Hurricanes","CAR","2","Los Angeles Kings","LAK","3",
"2014-11-20","St. Louis Blues","STL","1","Montreal Canadiens","MTL","4",
"2014-11-20","Nashville Predators","NSH","2","Ottawa Senators","OTT","3",
"2014-11-20","Minnesota Wild","MIN","3","Philadelphia Flyers","PHI","2",
"2014-11-20","Florida Panthers","FLA","3","San Jose Sharks","SJS","2",
"2014-11-20","Tampa Bay Lightning","TBL","2","Toronto Maple Leafs","TOR","5",
"2014-11-20","Anaheim Ducks","ANA","4","Vancouver Canucks","VAN","3",
"2014-11-20","Detroit Red Wings","DET","4","Winnipeg Jets","WPG","3",
"2014-11-21","New York Rangers","NYR","","Buffalo Sabres","BUF","","ppd. to Feb. 20, blizzard"
"2014-11-21","Boston Bruins","BOS","4","Columbus Blue Jackets","CBJ","3",
"2014-11-21","New Jersey Devils","NJD","2","Edmonton Oilers","EDM","0",
"2014-11-21","New York Islanders","NYI","5","Pittsburgh Penguins","PIT","4",
"2014-11-22","Montreal Canadiens","MTL","2","Boston Bruins","BOS","0",
"2014-11-22","New Jersey Devils","NJD","4","Calgary Flames","CGY","5",
"2014-11-22","Carolina Hurricanes","CAR","3","Colorado Avalanche","COL","4",
"2014-11-22","Los Angeles Kings","LAK","4","Dallas Stars","DAL","5",
"2014-11-22","Chicago Blackhawks","CHI","7","Edmonton Oilers","EDM","1",
"2014-11-22","Florida Panthers","FLA","2","Nashville Predators","NSH","3",
"2014-11-22","Pittsburgh Penguins","PIT","1","New York Islanders","NYI","4",
"2014-11-22","St. Louis Blues","STL","3","Ottawa Senators","OTT","2",
"2014-11-22","Columbus Blue Jackets","CBJ","2","Philadelphia Flyers","PHI","4",
"2014-11-22","Arizona Coyotes","ARI","4","San Jose Sharks","SJS","3",
"2014-11-22","Minnesota Wild","MIN","1","Tampa Bay Lightning","TBL","2",
"2014-11-22","Detroit Red Wings","DET","1","Toronto Maple Leafs","TOR","4",
"2014-11-22","Buffalo Sabres","BUF","2","Washington Capitals","WSH","1",
"2014-11-23","Arizona Coyotes","ARI","1","Anaheim Ducks","ANA","2",
"2014-11-23","Montreal Canadiens","MTL","0","New York Rangers","NYR","5",
"2014-11-23","Chicago Blackhawks","CHI","1","Vancouver Canucks","VAN","4",
"2014-11-23","St. Louis Blues","STL","4","Winnipeg Jets","WPG","2",
"2014-11-24","Pittsburgh Penguins","PIT","3","Boston Bruins","BOS","2",
"2014-11-24","Ottawa Senators","OTT","3","Detroit Red Wings","DET","4",
"2014-11-24","Minnesota Wild","MIN","4","Florida Panthers","FLA","1",
"2014-11-24","Philadelphia Flyers","PHI","0","New York Islanders","NYI","1",
"2014-11-25","Calgary Flames","CGY","2","Anaheim Ducks","ANA","3",
"2014-11-25","Colorado Avalanche","COL","4","Arizona Coyotes","ARI","3",
"2014-11-25","Winnipeg Jets","WPG","4","Columbus Blue Jackets","CBJ","2",
"2014-11-25","Edmonton Oilers","EDM","2","Dallas Stars","DAL","3",
"2014-11-25","Los Angeles Kings","LAK","3","Nashville Predators","NSH","4",
"2014-11-25","Ottawa Senators","OTT","3","St. Louis Blues","STL","2",
"2014-11-25","New Jersey Devils","NJD","0","Vancouver Canucks","VAN","2",
"2014-11-26","Winnipeg Jets","WPG","2","Buffalo Sabres","BUF","1",
"2014-11-26","Chicago Blackhawks","CHI","3","Colorado Avalanche","COL","2",
"2014-11-26","Philadelphia Flyers","PHI","2","Detroit Red Wings","DET","5",
"2014-11-26","Carolina Hurricanes","CAR","0","Florida Panthers","FLA","1",
"2014-11-26","Los Angeles Kings","LAK","4","Minnesota Wild","MIN","0",
"2014-11-26","Washington Capitals","WSH","2","New York Islanders","NYI","3",
"2014-11-26","Toronto Maple Leafs","TOR","3","Pittsburgh Penguins","PIT","4",
"2014-11-26","Calgary Flames","CGY","2","San Jose Sharks","SJS","0",
"2014-11-26","New York Rangers","NYR","3","Tampa Bay Lightning","TBL","4",
"2014-11-27","Edmonton Oilers","EDM","0","Nashville Predators","NSH","1",
"2014-11-28","Chicago Blackhawks","CHI","4","Anaheim Ducks","ANA","1",
"2014-11-28","Winnipeg Jets","WPG","1","Boston Bruins","BOS","2",
"2014-11-28","Montreal Canadiens","MTL","1","Buffalo Sabres","BUF","2",
"2014-11-28","Vancouver Canucks","VAN","5","Columbus Blue Jackets","CBJ","0",
"2014-11-28","Minnesota Wild","MIN","5","Dallas Stars","DAL","4",
"2014-11-28","Ottawa Senators","OTT","2","Florida Panthers","FLA","3",
"2014-11-28","Detroit Red Wings","DET","5","New Jersey Devils","NJD","4",
"2014-11-28","New York Rangers","NYR","3","Philadelphia Flyers","PHI","0",
"2014-11-28","Carolina Hurricanes","CAR","4","Pittsburgh Penguins","PIT","2",
"2014-11-28","Edmonton Oilers","EDM","3","St. Louis Blues","STL","4",
"2014-11-28","New York Islanders","NYI","2","Washington Capitals","WSH","5",
"2014-11-29","Calgary Flames","CGY","3","Arizona Coyotes","ARI","0",
"2014-11-29","Pittsburgh Penguins","PIT","3","Carolina Hurricanes","CAR","2",
"2014-11-29","Dallas Stars","DAL","2","Colorado Avalanche","COL","5",
"2014-11-29","Chicago Blackhawks","CHI","4","Los Angeles Kings","LAK","1",
"2014-11-29","St. Louis Blues","STL","3","Minnesota Wild","MIN","2",
"2014-11-29","Buffalo Sabres","BUF","4","Montreal Canadiens","MTL","3",
"2014-11-29","Columbus Blue Jackets","CBJ","1","Nashville Predators","NSH","2",
"2014-11-29","New Jersey Devils","NJD","1","New York Islanders","NYI","3",
"2014-11-29","Philadelphia Flyers","PHI","2","New York Rangers","NYR","5",
"2014-11-29","Anaheim Ducks","ANA","4","San Jose Sharks","SJS","6",
"2014-11-29","Ottawa Senators","OTT","1","Tampa Bay Lightning","TBL","4",
"2014-11-29","Washington Capitals","WSH","2","Toronto Maple Leafs","TOR","6",
"2014-11-30","Vancouver Canucks","VAN","3","Detroit Red Wings","DET","5",
"2014-12-01","Boston Bruins","BOS","2","Anaheim Ducks","ANA","3",
"2014-12-01","Florida Panthers","FLA","1","Columbus Blue Jackets","CBJ","2",
"2014-12-01","Montreal Canadiens","MTL","4","Colorado Avalanche","COL","3",
"2014-12-01","Arizona Coyotes","ARI","5","Edmonton Oilers","EDM","2",
"2014-12-01","Tampa Bay Lightning","TBL","6","New York Rangers","NYR","3",
"2014-12-02","Tampa Bay Lightning","TBL","1","Buffalo Sabres","BUF","2",
"2014-12-02","Nashville Predators","NSH","1","Carolina Hurricanes","CAR","2",
"2014-12-02","Arizona Coyotes","ARI","2","Calgary Flames","CGY","5",
"2014-12-02","Florida Panthers","FLA","4","Detroit Red Wings","DET","3",
"2014-12-02","Boston Bruins","BOS","0","Los Angeles Kings","LAK","2",
"2014-12-02","Ottawa Senators","OTT","2","New York Islanders","NYI","3",
"2014-12-02","New Jersey Devils","NJD","0","Pittsburgh Penguins","PIT","1",
"2014-12-02","Philadelphia Flyers","PHI","1","San Jose Sharks","SJS","2",
"2014-12-02","Dallas Stars","DAL","3","Toronto Maple Leafs","TOR","5",
"2014-12-02","Vancouver Canucks","VAN","4","Washington Capitals","WSH","3",
"2014-12-03","Philadelphia Flyers","PHI","4","Anaheim Ducks","ANA","5",
"2014-12-03","St. Louis Blues","STL","1","Chicago Blackhawks","CHI","4",
"2014-12-03","Montreal Canadiens","MTL","1","Minnesota Wild","MIN","2",
"2014-12-03","Edmonton Oilers","EDM","2","Winnipeg Jets","WPG","3",
"2014-12-04","Los Angeles Kings","LAK","4","Arizona Coyotes","ARI","0",
"2014-12-04","Washington Capitals","WSH","2","Carolina Hurricanes","CAR","1",
"2014-12-04","Colorado Avalanche","COL","3","Calgary Flames","CGY","4",
"2014-12-04","Dallas Stars","DAL","2","Detroit Red Wings","DET","5",
"2014-12-04","Columbus Blue Jackets","CBJ","4","Florida Panthers","FLA","3",
"2014-12-04","St. Louis Blues","STL","3","Nashville Predators","NSH","4",
"2014-12-04","New York Islanders","NYI","2","Ottawa Senators","OTT","1",
"2014-12-04","Vancouver Canucks","VAN","3","Pittsburgh Penguins","PIT","0",
"2014-12-04","Boston Bruins","BOS","4","San Jose Sharks","SJS","7",
"2014-12-04","Buffalo Sabres","BUF","0","Tampa Bay Lightning","TBL","5",
"2014-12-04","New Jersey Devils","NJD","5","Toronto Maple Leafs","TOR","3",
"2014-12-05","Montreal Canadiens","MTL","3","Chicago Blackhawks","CHI","4",
"2014-12-05","Anaheim Ducks","ANA","5","Minnesota Wild","MIN","4",
"2014-12-05","Colorado Avalanche","COL","2","Winnipeg Jets","WPG","6",
"2014-12-06","Boston Bruins","BOS","5","Arizona Coyotes","ARI","2",
"2014-12-06","San Jose Sharks","SJS","3","Calgary Flames","CGY","2",
"2014-12-06","Montreal Canadiens","MTL","1","Dallas Stars","DAL","4",
"2014-12-06","New York Rangers","NYR","2","Detroit Red Wings","DET","3",
"2014-12-06","Buffalo Sabres","BUF","2","Florida Panthers","FLA","3",
"2014-12-06","Philadelphia Flyers","PHI","2","Los Angeles Kings","LAK","1",
"2014-12-06","Washington Capitals","WSH","4","New Jersey Devils","NJD","1",
"2014-12-06","Chicago Blackhawks","CHI","3","Nashville Predators","NSH","1",
"2014-12-06","St. Louis Blues","STL","6","New York Islanders","NYI","4",
"2014-12-06","Ottawa Senators","OTT","2","Pittsburgh Penguins","PIT","3",
"2014-12-06","Columbus Blue Jackets","CBJ","3","Tampa Bay Lightning","TBL","1",
"2014-12-06","Vancouver Canucks","VAN","2","Toronto Maple Leafs","TOR","5",
"2014-12-07","Detroit Red Wings","DET","3","Carolina Hurricanes","CAR","1",
"2014-12-07","San Jose Sharks","SJS","1","Edmonton Oilers","EDM","2",
"2014-12-07","Vancouver Canucks","VAN","3","Ottawa Senators","OTT","4",
"2014-12-07","Anaheim Ducks","ANA","4","Winnipeg Jets","WPG","3",
"2014-12-08","New Jersey Devils","NJD","2","Carolina Hurricanes","CAR","1",
"2014-12-08","Pittsburgh Penguins","PIT","3","New York Rangers","NYR","4",
"2014-12-08","Florida Panthers","FLA","2","St. Louis Blues","STL","4",
"2014-12-09","Los Angeles Kings","LAK","0","Buffalo Sabres","BUF","1",
"2014-12-09","Philadelphia Flyers","PHI","2","Columbus Blue Jackets","CBJ","3",
"2014-12-09","Nashville Predators","NSH","3","Colorado Avalanche","COL","0",
"2014-12-09","Winnipeg Jets","WPG","5","Dallas Stars","DAL","2",
"2014-12-09","New York Islanders","NYI","4","Minnesota Wild","MIN","5",
"2014-12-09","Vancouver Canucks","VAN","1","Montreal Canadiens","MTL","3",
"2014-12-09","Chicago Blackhawks","CHI","3","New Jersey Devils","NJD","2",
"2014-12-09","Edmonton Oilers","EDM","2","San Jose Sharks","SJS","5",
"2014-12-09","Washington Capitals","WSH","5","Tampa Bay Lightning","TBL","3",
"2014-12-09","Calgary Flames","CGY","1","Toronto Maple Leafs","TOR","4",
"2014-12-10","Edmonton Oilers","EDM","1","Anaheim Ducks","ANA","2",
"2014-12-10","Toronto Maple Leafs","TOR","2","Detroit Red Wings","DET","1",
"2014-12-11","Nashville Predators","NSH","5","Arizona Coyotes","ARI","1",
"2014-12-11","Chicago Blackhawks","CHI","3","Boston Bruins","BOS","2",
"2014-12-11","Calgary Flames","CGY","3","Buffalo Sabres","BUF","4",
"2014-12-11","Winnipeg Jets","WPG","3","Colorado Avalanche","COL","4",
"2014-12-11","Los Angeles Kings","LAK","5","Ottawa Senators","OTT","3",
"2014-12-11","New Jersey Devils","NJD","1","Philadelphia Flyers","PHI","4",
"2014-12-11","Minnesota Wild","MIN","1","San Jose Sharks","SJS","2",
"2014-12-11","New York Islanders","NYI","3","St. Louis Blues","STL","6",
"2014-12-11","Carolina Hurricanes","CAR","1","Tampa Bay Lightning","TBL","2",
"2014-12-11","Columbus Blue Jackets","CBJ","3","Washington Capitals","WSH","2",
"2014-12-12","Florida Panthers","FLA","3","Detroit Red Wings","DET","2",
"2014-12-12","Anaheim Ducks","ANA","4","Edmonton Oilers","EDM","2",
"2014-12-12","Los Angeles Kings","LAK","2","Montreal Canadiens","MTL","6",
"2014-12-12","Calgary Flames","CGY","1","Pittsburgh Penguins","PIT","3",
"2014-12-13","Minnesota Wild","MIN","4","Arizona Coyotes","ARI","3",
"2014-12-13","Ottawa Senators","OTT","3","Boston Bruins","BOS","2",
"2014-12-13","Florida Panthers","FLA","3","Buffalo Sabres","BUF","4",
"2014-12-13","Pittsburgh Penguins","PIT","3","Columbus Blue Jackets","CBJ","4",
"2014-12-13","St. Louis Blues","STL","3","Colorado Avalanche","COL","2",
"2014-12-13","New Jersey Devils","NJD","3","Dallas Stars","DAL","4",
"2014-12-13","Chicago Blackhawks","CHI","2","New York Islanders","NYI","3",
"2014-12-13","Carolina Hurricanes","CAR","1","Philadelphia Flyers","PHI","5",
"2014-12-13","Nashville Predators","NSH","0","San Jose Sharks","SJS","2",
"2014-12-13","Detroit Red Wings","DET","1","Toronto Maple Leafs","TOR","4",
"2014-12-13","New York Rangers","NYR","5","Vancouver Canucks","VAN","1",
"2014-12-13","Anaheim Ducks","ANA","4","Winnipeg Jets","WPG","1",
"2014-12-13","Tampa Bay Lightning","TBL","2","Washington Capitals","WSH","4",
"2014-12-14","Calgary Flames","CGY","1","Chicago Blackhawks","CHI","2",
"2014-12-14","New York Rangers","NYR","2","Edmonton Oilers","EDM","0",
"2014-12-14","Los Angeles Kings","LAK","3","Toronto Maple Leafs","TOR","4",
"2014-12-15","Ottawa Senators","OTT","4","Buffalo Sabres","BUF","5",
"2014-12-15","New Jersey Devils","NJD","2","New York Islanders","NYI","3",
"2014-12-15","Tampa Bay Lightning","TBL","2","Pittsburgh Penguins","PIT","4",
"2014-12-16","Edmonton Oilers","EDM","1","Arizona Coyotes","ARI","2",
"2014-12-16","New York Rangers","NYR","5","Calgary Flames","CGY","2",
"2014-12-16","Minnesota Wild","MIN","3","Chicago Blackhawks","CHI","5",
"2014-12-16","Columbus Blue Jackets","CBJ","1","Detroit Red Wings","DET","0",
"2014-12-16","Washington Capitals","WSH","1","Florida Panthers","FLA","2",
"2014-12-16","Carolina Hurricanes","CAR","1","Montreal Canadiens","MTL","4",
"2014-12-16","Boston Bruins","BOS","2","Nashville Predators","NSH","3",
"2014-12-16","Tampa Bay Lightning","TBL","3","Philadelphia Flyers","PHI","1",
"2014-12-16","Los Angeles Kings","LAK","2","St. Louis Blues","STL","5",
"2014-12-16","Anaheim Ducks","ANA","2","Toronto Maple Leafs","TOR","6",
"2014-12-16","Buffalo Sabres","BUF","1","Winnipeg Jets","WPG","5",
"2014-12-17","Boston Bruins","BOS","3","Minnesota Wild","MIN","2",
"2014-12-17","Ottawa Senators","OTT","2","New Jersey Devils","NJD","0",
"2014-12-17","Dallas Stars","DAL","2","Vancouver Canucks","VAN","0",
"2014-12-18","Toronto Maple Leafs","TOR","1","Carolina Hurricanes","CAR","4",
"2014-12-18","Washington Capitals","WSH","5","Columbus Blue Jackets","CBJ","4",
"2014-12-18","St. Louis Blues","STL","4","Los Angeles Kings","LAK","6",
"2014-12-18","Anaheim Ducks","ANA","2","Montreal Canadiens","MTL","1",
"2014-12-18","Florida Panthers","FLA","2","Philadelphia Flyers","PHI","1",
"2014-12-18","Colorado Avalanche","COL","0","Pittsburgh Penguins","PIT","1",
"2014-12-18","Edmonton Oilers","EDM","3","San Jose Sharks","SJS","4",
"2014-12-19","Dallas Stars","DAL","2","Calgary Flames","CGY","1",
"2014-12-19","New York Islanders","NYI","2","Detroit Red Wings","DET","1",
"2014-12-19","Tampa Bay Lightning","TBL","2","New Jersey Devils","NJD","3",
"2014-12-19","Anaheim Ducks","ANA","2","Ottawa Senators","OTT","6",
"2014-12-19","Boston Bruins","BOS","1","Winnipeg Jets","WPG","2",
"2014-12-20","Colorado Avalanche","COL","5","Buffalo Sabres","BUF","1",
"2014-12-20","New York Rangers","NYR","3","Carolina Hurricanes","CAR","2",
"2014-12-20","Chicago Blackhawks","CHI","2","Columbus Blue Jackets","CBJ","3",
"2014-12-20","Arizona Coyotes","ARI","2","Los Angeles Kings","LAK","4",
"2014-12-20","Nashville Predators","NSH","6","Minnesota Wild","MIN","5",
"2014-12-20","Ottawa Senators","OTT","1","Montreal Canadiens","MTL","4",
"2014-12-20","Washington Capitals","WSH","4","New Jersey Devils","NJD","0",
"2014-12-20","Tampa Bay Lightning","TBL","1","New York Islanders","NYI","3",
"2014-12-20","Florida Panthers","FLA","1","Pittsburgh Penguins","PIT","3",
"2014-12-20","St. Louis Blues","STL","2","San Jose Sharks","SJS","3",
"2014-12-20","Philadelphia Flyers","PHI","7","Toronto Maple Leafs","TOR","4",
"2014-12-20","Calgary Flames","CGY","2","Vancouver Canucks","VAN","3",
"2014-12-21","Buffalo Sabres","BUF","3","Boston Bruins","BOS","4",
"2014-12-21","Toronto Maple Leafs","TOR","0","Chicago Blackhawks","CHI","4",
"2014-12-21","Colorado Avalanche","COL","2","Detroit Red Wings","DET","1",
"2014-12-21","Dallas Stars","DAL","6","Edmonton Oilers","EDM","5",
"2014-12-21","Carolina Hurricanes","CAR","0","New York Rangers","NYR","1",
"2014-12-21","Philadelphia Flyers","PHI","4","Winnipeg Jets","WPG","3",
"2014-12-22","San Jose Sharks","SJS","2","Anaheim Ducks","ANA","3",
"2014-12-22","Nashville Predators","NSH","5","Columbus Blue Jackets","CBJ","1",
"2014-12-22","Pittsburgh Penguins","PIT","3","Florida Panthers","FLA","4",
"2014-12-22","Calgary Flames","CGY","4","Los Angeles Kings","LAK","3",
"2014-12-22","Arizona Coyotes","ARI","1","Vancouver Canucks","VAN","7",
"2014-12-22","Ottawa Senators","OTT","1","Washington Capitals","WSH","2",
"2014-12-23","Nashville Predators","NSH","3","Boston Bruins","BOS","5",
"2014-12-23","Winnipeg Jets","WPG","5","Chicago Blackhawks","CHI","1",
"2014-12-23","St. Louis Blues","STL","0","Colorado Avalanche","COL","5",
"2014-12-23","Toronto Maple Leafs","TOR","4","Dallas Stars","DAL","0",
"2014-12-23","Buffalo Sabres","BUF","3","Detroit Red Wings","DET","6",
"2014-12-23","Arizona Coyotes","ARI","5","Edmonton Oilers","EDM","1",
"2014-12-23","Philadelphia Flyers","PHI","5","Minnesota Wild","MIN","2",
"2014-12-23","Carolina Hurricanes","CAR","2","New Jersey Devils","NJD","1",
"2014-12-23","Montreal Canadiens","MTL","3","New York Islanders","NYI","1",
"2014-12-23","Washington Capitals","WSH","2","New York Rangers","NYR","4",
"2014-12-23","Pittsburgh Penguins","PIT","3","Tampa Bay Lightning","TBL","4",
"2014-12-27","Anaheim Ducks","ANA","1","Arizona Coyotes","ARI","2",
"2014-12-27","New York Islanders","NYI","3","Buffalo Sabres","BUF","4",
"2014-12-27","Boston Bruins","BOS","2","Columbus Blue Jackets","CBJ","6",
"2014-12-27","Edmonton Oilers","EDM","1","Calgary Flames","CGY","4",
"2014-12-27","Chicago Blackhawks","CHI","5","Colorado Avalanche","COL","2",
"2014-12-27","San Jose Sharks","SJS","1","Los Angeles Kings","LAK","3",
"2014-12-27","Winnipeg Jets","WPG","4","Minnesota Wild","MIN","3",
"2014-12-27","Philadelphia Flyers","PHI","1","Nashville Predators","NSH","4",
"2014-12-27","New Jersey Devils","NJD","1","New York Rangers","NYR","3",
"2014-12-27","Detroit Red Wings","DET","3","Ottawa Senators","OTT","2",
"2014-12-27","Washington Capitals","WSH","3","Pittsburgh Penguins","PIT","0",
"2014-12-27","Dallas Stars","DAL","4","St. Louis Blues","STL","3",
"2014-12-27","Carolina Hurricanes","CAR","1","Tampa Bay Lightning","TBL","2",
"2014-12-28","Vancouver Canucks","VAN","1","Anaheim Ducks","ANA","2",
"2014-12-28","Toronto Maple Leafs","TOR","4","Florida Panthers","FLA","6",
"2014-12-29","Philadelphia Flyers","PHI","2","Arizona Coyotes","ARI","4",
"2014-12-29","Detroit Red Wings","DET","2","Boston Bruins","BOS","5",
"2014-12-29","Montreal Canadiens","MTL","3","Carolina Hurricanes","CAR","1",
"2014-12-29","Los Angeles Kings","LAK","1","Calgary Flames","CGY","2",
"2014-12-29","Nashville Predators","NSH","4","Chicago Blackhawks","CHI","5",
"2014-12-29","New York Rangers","NYR","2","Dallas Stars","DAL","3",
"2014-12-29","Pittsburgh Penguins","PIT","1","New Jersey Devils","NJD","3",
"2014-12-29","Washington Capitals","WSH","3","New York Islanders","NYI","4",
"2014-12-29","Buffalo Sabres","BUF","2","Ottawa Senators","OTT","5",
"2014-12-29","Colorado Avalanche","COL","0","St. Louis Blues","STL","3",
"2014-12-29","Toronto Maple Leafs","TOR","2","Tampa Bay Lightning","TBL","3",
"2014-12-29","Minnesota Wild","MIN","3","Winnipeg Jets","WPG","2",
"2014-12-30","Los Angeles Kings","LAK","2","Edmonton Oilers","EDM","3",
"2014-12-30","Montreal Canadiens","MTL","2","Florida Panthers","FLA","1",
"2014-12-30","St. Louis Blues","STL","2","Nashville Predators","NSH","3",
"2014-12-30","Vancouver Canucks","VAN","3","San Jose Sharks","SJS","1",
"2014-12-31","San Jose Sharks","SJS","3","Anaheim Ducks","ANA","0",
"2014-12-31","Toronto Maple Leafs","TOR","4","Boston Bruins","BOS","3",
"2014-12-31","Tampa Bay Lightning","TBL","5","Buffalo Sabres","BUF","1",
"2014-12-31","Minnesota Wild","MIN","1","Columbus Blue Jackets","CBJ","3",
"2014-12-31","Edmonton Oilers","EDM","3","Calgary Flames","CGY","4",
"2014-12-31","Philadelphia Flyers","PHI","3","Colorado Avalanche","COL","4",
"2014-12-31","Arizona Coyotes","ARI","0","Dallas Stars","DAL","6",
"2014-12-31","New Jersey Devils","NJD","1","Detroit Red Wings","DET","3",
"2014-12-31","New York Rangers","NYR","5","Florida Panthers","FLA","2",
"2014-12-31","Carolina Hurricanes","CAR","1","Pittsburgh Penguins","PIT","2",
"2014-12-31","New York Islanders","NYI","5","Winnipeg Jets","WPG","2",
"2015-01-01","Los Angeles Kings","LAK","3","Vancouver Canucks","VAN","2",
"2015-01-01","Chicago Blackhawks","CHI","2","Washington Capitals","WSH","3",
"2015-01-02","St. Louis Blues","STL","3","Anaheim Ducks","ANA","4",
"2015-01-02","Florida Panthers","FLA","2","Buffalo Sabres","BUF","0",
"2015-01-02","Philadelphia Flyers","PHI","1","Carolina Hurricanes","CAR","2",
"2015-01-02","New York Islanders","NYI","2","Calgary Flames","CGY","1",
"2015-01-02","Edmonton Oilers","EDM","1","Colorado Avalanche","COL","2",
"2015-01-02","Toronto Maple Leafs","TOR","1","Minnesota Wild","MIN","3",
"2015-01-02","Montreal Canadiens","MTL","4","New Jersey Devils","NJD","2",
"2015-01-02","Tampa Bay Lightning","TBL","3","Pittsburgh Penguins","PIT","6",
"2015-01-03","Columbus Blue Jackets","CBJ","3","Arizona Coyotes","ARI","6",
"2015-01-03","Ottawa Senators","OTT","3","Boston Bruins","BOS","2",
"2015-01-03","Minnesota Wild","MIN","1","Dallas Stars","DAL","7",
"2015-01-03","Nashville Predators","NSH","7","Los Angeles Kings","LAK","6",
"2015-01-03","Philadelphia Flyers","PHI","2","New Jersey Devils","NJD","5",
"2015-01-03","Buffalo Sabres","BUF","1","New York Rangers","NYR","6",
"2015-01-03","Montreal Canadiens","MTL","4","Pittsburgh Penguins","PIT","1",
"2015-01-03","St. Louis Blues","STL","7","San Jose Sharks","SJS","2",
"2015-01-03","Detroit Red Wings","DET","1","Vancouver Canucks","VAN","4",
"2015-01-03","Toronto Maple Leafs","TOR","1","Winnipeg Jets","WPG","5",
"2015-01-04","Nashville Predators","NSH","3","Anaheim Ducks","ANA","4",
"2015-01-04","Boston Bruins","BOS","1","Carolina Hurricanes","CAR","2",
"2015-01-04","Dallas Stars","DAL","4","Chicago Blackhawks","CHI","5",
"2015-01-04","Columbus Blue Jackets","CBJ","4","Colorado Avalanche","COL","3",
"2015-01-04","New York Islanders","NYI","2","Edmonton Oilers","EDM","5",
"2015-01-04","Tampa Bay Lightning","TBL","4","Ottawa Senators","OTT","2",
"2015-01-04","Florida Panthers","FLA","3","Washington Capitals","WSH","4",
"2015-01-05","San Jose Sharks","SJS","3","Winnipeg Jets","WPG","2",
"2015-01-06","St. Louis Blues","STL","6","Arizona Coyotes","ARI","0",
"2015-01-06","Colorado Avalanche","COL","2","Chicago Blackhawks","CHI","0",
"2015-01-06","Columbus Blue Jackets","CBJ","4","Dallas Stars","DAL","2",
"2015-01-06","Detroit Red Wings","DET","4","Edmonton Oilers","EDM","2",
"2015-01-06","San Jose Sharks","SJS","4","Minnesota Wild","MIN","3",
"2015-01-06","Tampa Bay Lightning","TBL","4","Montreal Canadiens","MTL","2",
"2015-01-06","Buffalo Sabres","BUF","1","New Jersey Devils","NJD","4",
"2015-01-06","Carolina Hurricanes","CAR","2","Nashville Predators","NSH","3",
"2015-01-06","Ottawa Senators","OTT","1","Philadelphia Flyers","PHI","2",
"2015-01-06","New York Islanders","NYI","2","Vancouver Canucks","VAN","3",
"2015-01-07","New York Rangers","NYR","4","Anaheim Ducks","ANA","1",
"2015-01-07","Detroit Red Wings","DET","3","Calgary Flames","CGY","2",
"2015-01-07","Boston Bruins","BOS","3","Pittsburgh Penguins","PIT","2",
"2015-01-07","Washington Capitals","WSH","6","Toronto Maple Leafs","TOR","2",
"2015-01-08","Winnipeg Jets","WPG","1","Arizona Coyotes","ARI","4",
"2015-01-08","New Jersey Devils","NJD","0","Boston Bruins","BOS","3",
"2015-01-08","Buffalo Sabres","BUF","2","Carolina Hurricanes","CAR","5",
"2015-01-08","Ottawa Senators","OTT","2","Colorado Avalanche","COL","5",
"2015-01-08","New York Rangers","NYR","4","Los Angeles Kings","LAK","3",
"2015-01-08","Chicago Blackhawks","CHI","4","Minnesota Wild","MIN","2",
"2015-01-08","Dallas Stars","DAL","2","Nashville Predators","NSH","3",
"2015-01-08","Washington Capitals","WSH","2","Philadelphia Flyers","PHI","3",
"2015-01-08","San Jose Sharks","SJS","2","St. Louis Blues","STL","7",
"2015-01-08","Florida Panthers","FLA","3","Vancouver Canucks","VAN","1",
"2015-01-09","Florida Panthers","FLA","6","Calgary Flames","CGY","5",
"2015-01-09","Chicago Blackhawks","CHI","2","Edmonton Oilers","EDM","5",
"2015-01-09","New York Islanders","NYI","3","New Jersey Devils","NJD","2",
"2015-01-09","Buffalo Sabres","BUF","1","Tampa Bay Lightning","TBL","2",
"2015-01-09","Columbus Blue Jackets","CBJ","2","Toronto Maple Leafs","TOR","5",
"2015-01-10","Ottawa Senators","OTT","5","Arizona Coyotes","ARI","1",
"2015-01-10","New York Islanders","NYI","5","Columbus Blue Jackets","CBJ","2",
"2015-01-10","Dallas Stars","DAL","3","Colorado Avalanche","COL","4",
"2015-01-10","Winnipeg Jets","WPG","5","Los Angeles Kings","LAK","4",
"2015-01-10","Nashville Predators","NSH","3","Minnesota Wild","MIN","1",
"2015-01-10","Pittsburgh Penguins","PIT","2","Montreal Canadiens","MTL","1",
"2015-01-10","Boston Bruins","BOS","3","Philadelphia Flyers","PHI","1",
"2015-01-10","New York Rangers","NYR","3","San Jose Sharks","SJS","1",
"2015-01-10","Carolina Hurricanes","CAR","4","St. Louis Blues","STL","5",
"2015-01-10","Calgary Flames","CGY","1","Vancouver Canucks","VAN","0",
"2015-01-10","Detroit Red Wings","DET","1","Washington Capitals","WSH","3",
"2015-01-11","Winnipeg Jets","WPG","4","Anaheim Ducks","ANA","5",
"2015-01-11","Minnesota Wild","MIN","1","Chicago Blackhawks","CHI","4",
"2015-01-11","Florida Panthers","FLA","4","Edmonton Oilers","EDM","2",
"2015-01-12","Toronto Maple Leafs","TOR","0","Los Angeles Kings","LAK","2",
"2015-01-12","Tampa Bay Lightning","TBL","3","Philadelphia Flyers","PHI","7",
"2015-01-12","Colorado Avalanche","COL","1","Washington Capitals","WSH","2",
"2015-01-13","San Jose Sharks","SJS","3","Arizona Coyotes","ARI","2",
"2015-01-13","Tampa Bay Lightning","TBL","3","Boston Bruins","BOS","4",
"2015-01-13","Detroit Red Wings","DET","3","Buffalo Sabres","BUF","1",
"2015-01-13","Colorado Avalanche","COL","2","Carolina Hurricanes","CAR","3",
"2015-01-13","Ottawa Senators","OTT","4","Dallas Stars","DAL","5",
"2015-01-13","Vancouver Canucks","VAN","1","Nashville Predators","NSH","5",
"2015-01-13","New York Islanders","NYI","3","New York Rangers","NYR","0",
"2015-01-13","Minnesota Wild","MIN","2","Pittsburgh Penguins","PIT","7",
"2015-01-13","Edmonton Oilers","EDM","2","St. Louis Blues","STL","4",
"2015-01-13","Florida Panthers","FLA","2","Winnipeg Jets","WPG","8",
"2015-01-14","Toronto Maple Leafs","TOR","0","Anaheim Ducks","ANA","4",
"2015-01-14","Montreal Canadiens","MTL","3","Columbus Blue Jackets","CBJ","2",
"2015-01-14","New Jersey Devils","NJD","5","Los Angeles Kings","LAK","3",
"2015-01-14","Philadelphia Flyers","PHI","0","Washington Capitals","WSH","1",
"2015-01-15","Calgary Flames","CGY","4","Arizona Coyotes","ARI","1",
"2015-01-15","New York Rangers","NYR","0","Boston Bruins","BOS","3",
"2015-01-15","Minnesota Wild","MIN","7","Buffalo Sabres","BUF","0",
"2015-01-15","Winnipeg Jets","WPG","2","Dallas Stars","DAL","1",
"2015-01-15","Colorado Avalanche","COL","4","Florida Panthers","FLA","2",
"2015-01-15","Montreal Canadiens","MTL","1","Ottawa Senators","OTT","4",
"2015-01-15","Vancouver Canucks","VAN","4","Philadelphia Flyers","PHI","0",
"2015-01-15","Toronto Maple Leafs","TOR","1","San Jose Sharks","SJS","3",
"2015-01-15","Detroit Red Wings","DET","3","St. Louis Blues","STL","2",
"2015-01-15","Edmonton Oilers","EDM","2","Tampa Bay Lightning","TBL","3",
"2015-01-16","New Jersey Devils","NJD","1","Anaheim Ducks","ANA","5",
"2015-01-16","Vancouver Canucks","VAN","3","Carolina Hurricanes","CAR","0",
"2015-01-16","New York Rangers","NYR","2","Columbus Blue Jackets","CBJ","1",
"2015-01-16","Winnipeg Jets","WPG","4","Chicago Blackhawks","CHI","2",
"2015-01-16","Washington Capitals","WSH","3","Nashville Predators","NSH","4",
"2015-01-16","Pittsburgh Penguins","PIT","3","New York Islanders","NYI","6",
"2015-01-17","Columbus Blue Jackets","CBJ","3","Boston Bruins","BOS","1",
"2015-01-17","Philadelphia Flyers","PHI","4","Buffalo Sabres","BUF","3",
"2015-01-17","Washington Capitals","WSH","4","Dallas Stars","DAL","5",
"2015-01-17","Nashville Predators","NSH","2","Detroit Red Wings","DET","5",
"2015-01-17","Edmonton Oilers","EDM","3","Florida Panthers","FLA","2",
"2015-01-17","Anaheim Ducks","ANA","3","Los Angeles Kings","LAK","2",
"2015-01-17","Arizona Coyotes","ARI","1","Minnesota Wild","MIN","3",
"2015-01-17","New York Islanders","NYI","4","Montreal Canadiens","MTL","6",
"2015-01-17","Carolina Hurricanes","CAR","3","Ottawa Senators","OTT","2",
"2015-01-17","Calgary Flames","CGY","4","San Jose Sharks","SJS","3",
"2015-01-17","Toronto Maple Leafs","TOR","0","St. Louis Blues","STL","3",
"2015-01-17","Colorado Avalanche","COL","2","Tampa Bay Lightning","TBL","3",
"2015-01-18","Dallas Stars","DAL","6","Chicago Blackhawks","CHI","3",
"2015-01-18","Buffalo Sabres","BUF","4","Detroit Red Wings","DET","6",
"2015-01-18","New York Rangers","NYR","5","Pittsburgh Penguins","PIT","2",
"2015-01-18","Arizona Coyotes","ARI","3","Winnipeg Jets","WPG","4",
"2015-01-19","Vancouver Canucks","VAN","2","Florida Panthers","FLA","1",
"2015-01-19","Calgary Flames","CGY","2","Los Angeles Kings","LAK","1",
"2015-01-19","Columbus Blue Jackets","CBJ","3","Minnesota Wild","MIN","1",
"2015-01-19","Philadelphia Flyers","PHI","4","New York Islanders","NYI","7",
"2015-01-19","New Jersey Devils","NJD","5","San Jose Sharks","SJS","2",
"2015-01-19","Colorado Avalanche","COL","1","St. Louis Blues","STL","3",
"2015-01-19","Carolina Hurricanes","CAR","4","Toronto Maple Leafs","TOR","1",
"2015-01-20","Arizona Coyotes","ARI","1","Chicago Blackhawks","CHI","6",
"2015-01-20","Boston Bruins","BOS","3","Dallas Stars","DAL","1",
"2015-01-20","Minnesota Wild","MIN","4","Detroit Red Wings","DET","5",
"2015-01-20","Nashville Predators","NSH","1","Montreal Canadiens","MTL","2",
"2015-01-20","Ottawa Senators","OTT","2","New York Rangers","NYR","3",
"2015-01-20","Pittsburgh Penguins","PIT","2","Philadelphia Flyers","PHI","3",
"2015-01-20","Vancouver Canucks","VAN","1","Tampa Bay Lightning","TBL","4",
"2015-01-20","Edmonton Oilers","EDM","5","Washington Capitals","WSH","4",
"2015-01-21","Calgary Flames","CGY","3","Anaheim Ducks","ANA","6",
"2015-01-21","Boston Bruins","BOS","2","Colorado Avalanche","COL","3",
"2015-01-21","Toronto Maple Leafs","TOR","3","Ottawa Senators","OTT","4",
"2015-01-21","Chicago Blackhawks","CHI","3","Pittsburgh Penguins","PIT","2",
"2015-01-21","Los Angeles Kings","LAK","2","San Jose Sharks","SJS","4",
"2015-01-21","Columbus Blue Jackets","CBJ","0","Winnipeg Jets","WPG","4",
"2015-01-27","Tampa Bay Lightning","TBL","2","Carolina Hurricanes","CAR","4",
"2015-01-27","Washington Capitals","WSH","3","Columbus Blue Jackets","CBJ","4",
"2015-01-27","Buffalo Sabres","BUF","1","Calgary Flames","CGY","4",
"2015-01-27","Minnesota Wild","MIN","2","Edmonton Oilers","EDM","1",
"2015-01-27","Detroit Red Wings","DET","5","Florida Panthers","FLA","4",
"2015-01-27","Dallas Stars","DAL","2","Montreal Canadiens","MTL","3",
"2015-01-27","Colorado Avalanche","COL","3","Nashville Predators","NSH","4",
"2015-01-27","New York Rangers","NYR","1","New York Islanders","NYI","4",
"2015-01-27","Arizona Coyotes","ARI","3","Philadelphia Flyers","PHI","4",
"2015-01-27","Winnipeg Jets","WPG","3","Pittsburgh Penguins","PIT","5",
"2015-01-27","Anaheim Ducks","ANA","4","Vancouver Canucks","VAN","0",
"2015-01-28","Chicago Blackhawks","CHI","3","Los Angeles Kings","LAK","4",
"2015-01-28","Toronto Maple Leafs","TOR","1","New Jersey Devils","NJD","2",
"2015-01-28","Pittsburgh Penguins","PIT","0","Washington Capitals","WSH","4",
"2015-01-29","Minnesota Wild","MIN","1","Calgary Flames","CGY","0",
"2015-01-29","Buffalo Sabres","BUF","2","Edmonton Oilers","EDM","3",
"2015-01-29","Columbus Blue Jackets","CBJ","2","Florida Panthers","FLA","3",
"2015-01-29","Boston Bruins","BOS","5","New York Islanders","NYI","2",
"2015-01-29","Montreal Canadiens","MTL","1","New York Rangers","NYR","0",
"2015-01-29","Dallas Stars","DAL","6","Ottawa Senators","OTT","3",
"2015-01-29","Winnipeg Jets","WPG","2","Philadelphia Flyers","PHI","5",
"2015-01-29","Anaheim Ducks","ANA","3","San Jose Sharks","SJS","6",
"2015-01-29","Nashville Predators","NSH","4","St. Louis Blues","STL","5",
"2015-01-29","Detroit Red Wings","DET","1","Tampa Bay Lightning","TBL","5",
"2015-01-29","Arizona Coyotes","ARI","3","Toronto Maple Leafs","TOR","1",
"2015-01-30","Chicago Blackhawks","CHI","4","Anaheim Ducks","ANA","1",
"2015-01-30","St. Louis Blues","STL","3","Carolina Hurricanes","CAR","2",
"2015-01-30","Nashville Predators","NSH","0","Colorado Avalanche","COL","3",
"2015-01-30","Pittsburgh Penguins","PIT","2","New Jersey Devils","NJD","1",
"2015-01-30","Buffalo Sabres","BUF","2","Vancouver Canucks","VAN","5",
"2015-01-31","Los Angeles Kings","LAK","1","Boston Bruins","BOS","3",
"2015-01-31","Edmonton Oilers","EDM","2","Calgary Flames","CGY","4",
"2015-01-31","New York Islanders","NYI","1","Detroit Red Wings","DET","4",
"2015-01-31","Washington Capitals","WSH","0","Montreal Canadiens","MTL","1",
"2015-01-31","Florida Panthers","FLA","1","New Jersey Devils","NJD","3",
"2015-01-31","Carolina Hurricanes","CAR","1","New York Rangers","NYR","4",
"2015-01-31","Arizona Coyotes","ARI","2","Ottawa Senators","OTT","7",
"2015-01-31","Toronto Maple Leafs","TOR","0","Philadelphia Flyers","PHI","1",
"2015-01-31","Chicago Blackhawks","CHI","0","San Jose Sharks","SJS","2",
"2015-01-31","Columbus Blue Jackets","CBJ","1","Tampa Bay Lightning","TBL","3",
"2015-01-31","Dallas Stars","DAL","5","Winnipeg Jets","WPG","2",
"2015-02-01","Arizona Coyotes","ARI","3","Montreal Canadiens","MTL","2",
"2015-02-01","Nashville Predators","NSH","4","Pittsburgh Penguins","PIT","0",
"2015-02-01","Minnesota Wild","MIN","4","Vancouver Canucks","VAN","2",
"2015-02-01","St. Louis Blues","STL","4","Washington Capitals","WSH","3",
"2015-02-02","Winnipeg Jets","WPG","2","Calgary Flames","CGY","5",
"2015-02-02","Florida Panthers","FLA","3","New York Rangers","NYR","6",
"2015-02-02","Edmonton Oilers","EDM","5","San Jose Sharks","SJS","4",
"2015-02-03","Carolina Hurricanes","CAR","4","Anaheim Ducks","ANA","5",
"2015-02-03","Arizona Coyotes","ARI","4","Columbus Blue Jackets","CBJ","1",
"2015-02-03","Colorado Avalanche","COL","3","Dallas Stars","DAL","2",
"2015-02-03","Chicago Blackhawks","CHI","0","Minnesota Wild","MIN","3",
"2015-02-03","Buffalo Sabres","BUF","3","Montreal Canadiens","MTL","2",
"2015-02-03","Ottawa Senators","OTT","1","New Jersey Devils","NJD","2",
"2015-02-03","Toronto Maple Leafs","TOR","3","Nashville Predators","NSH","4",
"2015-02-03","Florida Panthers","FLA","4","New York Islanders","NYI","2",
"2015-02-03","Tampa Bay Lightning","TBL","1","St. Louis Blues","STL","2",
"2015-02-03","Winnipeg Jets","WPG","2","Vancouver Canucks","VAN","3",
"2015-02-03","Los Angeles Kings","LAK","0","Washington Capitals","WSH","4",
"2015-02-04","San Jose Sharks","SJS","1","Calgary Flames","CGY","3",
"2015-02-04","Pittsburgh Penguins","PIT","2","Edmonton Oilers","EDM","0",
"2015-02-04","Boston Bruins","BOS","2","New York Rangers","NYR","3",
"2015-02-05","Carolina Hurricanes","CAR","2","Arizona Coyotes","ARI","1",
"2015-02-05","St. Louis Blues","STL","3","Buffalo Sabres","BUF","0",
"2015-02-05","Detroit Red Wings","DET","3","Colorado Avalanche","COL","0",
"2015-02-05","Tampa Bay Lightning","TBL","5","Dallas Stars","DAL","3",
"2015-02-05","Los Angeles Kings","LAK","2","Florida Panthers","FLA","3",
"2015-02-05","Anaheim Ducks","ANA","5","Nashville Predators","NSH","2",
"2015-02-05","Washington Capitals","WSH","2","Ottawa Senators","OTT","1",
"2015-02-05","New York Islanders","NYI","3","Philadelphia Flyers","PHI","2",
"2015-02-05","San Jose Sharks","SJS","5","Vancouver Canucks","VAN","1",
"2015-02-06","St. Louis Blues","STL","1","Columbus Blue Jackets","CBJ","7",
"2015-02-06","Pittsburgh Penguins","PIT","4","Calgary Flames","CGY","0",
"2015-02-06","Toronto Maple Leafs","TOR","1","New Jersey Devils","NJD","4",
"2015-02-06","Chicago Blackhawks","CHI","2","Winnipeg Jets","WPG","1",
"2015-02-06","Anaheim Ducks","ANA","2","Washington Capitals","WSH","3",
"2015-02-07","Detroit Red Wings","DET","3","Arizona Coyotes","ARI","1",
"2015-02-07","New York Islanders","NYI","1","Boston Bruins","BOS","2",
"2015-02-07","Dallas Stars","DAL","2","Buffalo Sabres","BUF","3",
"2015-02-07","Colorado Avalanche","COL","0","Minnesota Wild","MIN","1",
"2015-02-07","New Jersey Devils","NJD","2","Montreal Canadiens","MTL","6",
"2015-02-07","New York Rangers","NYR","2","Nashville Predators","NSH","3",
"2015-02-07","Columbus Blue Jackets","CBJ","4","Ottawa Senators","OTT","1",
"2015-02-07","Carolina Hurricanes","CAR","5","San Jose Sharks","SJS","4",
"2015-02-07","Los Angeles Kings","LAK","4","Tampa Bay Lightning","TBL","2",
"2015-02-07","Edmonton Oilers","EDM","1","Toronto Maple Leafs","TOR","5",
"2015-02-07","Pittsburgh Penguins","PIT","0","Vancouver Canucks","VAN","5",
"2015-02-08","Montreal Canadiens","MTL","3","Boston Bruins","BOS","1",
"2015-02-08","New York Islanders","NYI","3","Buffalo Sabres","BUF","2",
"2015-02-08","Nashville Predators","NSH","3","Florida Panthers","FLA","2",
"2015-02-08","Dallas Stars","DAL","3","New York Rangers","NYR","2",
"2015-02-08","Chicago Blackhawks","CHI","4","St. Louis Blues","STL","2",
"2015-02-08","Anaheim Ducks","ANA","3","Tampa Bay Lightning","TBL","5",
"2015-02-08","Colorado Avalanche","COL","3","Winnipeg Jets","WPG","5",
"2015-02-08","Philadelphia Flyers","PHI","3","Washington Capitals","WSH","1",
"2015-02-09","Los Angeles Kings","LAK","4","Columbus Blue Jackets","CBJ","3",
"2015-02-09","Arizona Coyotes","ARI","3","Chicago Blackhawks","CHI","2",
"2015-02-09","Vancouver Canucks","VAN","3","Minnesota Wild","MIN","5",
"2015-02-09","Edmonton Oilers","EDM","2","New Jersey Devils","NJD","1",
"2015-02-09","Calgary Flames","CGY","4","San Jose Sharks","SJS","1",
"2015-02-10","Dallas Stars","DAL","5","Boston Bruins","BOS","3",
"2015-02-10","Ottawa Senators","OTT","2","Buffalo Sabres","BUF","1",
"2015-02-10","Anaheim Ducks","ANA","2","Florida Panthers","FLA","6",
"2015-02-10","Philadelphia Flyers","PHI","1","Montreal Canadiens","MTL","2",
"2015-02-10","Tampa Bay Lightning","TBL","2","Nashville Predators","NSH","3",
"2015-02-10","Edmonton Oilers","EDM","2","New York Islanders","NYI","3",
"2015-02-10","Arizona Coyotes","ARI","1","St. Louis Blues","STL","2",
"2015-02-10","New York Rangers","NYR","5","Toronto Maple Leafs","TOR","4",
"2015-02-10","Minnesota Wild","MIN","1","Winnipeg Jets","WPG","2",
"2015-02-11","Vancouver Canucks","VAN","5","Chicago Blackhawks","CHI","4",
"2015-02-11","Detroit Red Wings","DET","1","Pittsburgh Penguins","PIT","4",
"2015-02-11","Washington Capitals","WSH","5","San Jose Sharks","SJS","4",
"2015-02-12","Anaheim Ducks","ANA","2","Carolina Hurricanes","CAR","1",
"2015-02-12","New York Rangers","NYR","6","Colorado Avalanche","COL","3",
"2015-02-12","Calgary Flames","CGY","3","Los Angeles Kings","LAK","5",
"2015-02-12","Florida Panthers","FLA","1","Minnesota Wild","MIN","2",
"2015-02-12","Edmonton Oilers","EDM","4","Montreal Canadiens","MTL","3",
"2015-02-12","Winnipeg Jets","WPG","1","Nashville Predators","NSH","3",
"2015-02-12","Toronto Maple Leafs","TOR","2","New York Islanders","NYI","3",
"2015-02-12","Pittsburgh Penguins","PIT","5","Ottawa Senators","OTT","4",
"2015-02-12","St. Louis Blues","STL","6","Tampa Bay Lightning","TBL","3",
"2015-02-13","San Jose Sharks","SJS","4","Arizona Coyotes","ARI","2",
"2015-02-13","Philadelphia Flyers","PHI","3","Columbus Blue Jackets","CBJ","4",
"2015-02-13","New Jersey Devils","NJD","1","Chicago Blackhawks","CHI","3",
"2015-02-13","Florida Panthers","FLA","0","Dallas Stars","DAL","2",
"2015-02-13","Boston Bruins","BOS","2","Vancouver Canucks","VAN","5",
"2015-02-14","New York Rangers","NYR","5","Arizona Coyotes","ARI","1",
"2015-02-14","Vancouver Canucks","VAN","2","Calgary Flames","CGY","3",
"2015-02-14","Dallas Stars","DAL","1","Colorado Avalanche","COL","4",
"2015-02-14","Winnipeg Jets","WPG","5","Detroit Red Wings","DET","4",
"2015-02-14","Washington Capitals","WSH","1","Los Angeles Kings","LAK","3",
"2015-02-14","Carolina Hurricanes","CAR","3","Minnesota Wild","MIN","6",
"2015-02-14","Toronto Maple Leafs","TOR","1","Montreal Canadiens","MTL","2",
"2015-02-14","New Jersey Devils","NJD","1","Nashville Predators","NSH","3",
"2015-02-14","Columbus Blue Jackets","CBJ","3","New York Islanders","NYI","6",
"2015-02-14","Edmonton Oilers","EDM","2","Ottawa Senators","OTT","7",
"2015-02-15","Washington Capitals","WSH","5","Anaheim Ducks","ANA","3",
"2015-02-15","Philadelphia Flyers","PHI","2","Buffalo Sabres","BUF","1",
"2015-02-15","Pittsburgh Penguins","PIT","1","Chicago Blackhawks","CHI","2",
"2015-02-15","St. Louis Blues","STL","2","Florida Panthers","FLA","1",
"2015-02-15","Tampa Bay Lightning","TBL","5","San Jose Sharks","SJS","2",
"2015-02-16","Boston Bruins","BOS","3","Calgary Flames","CGY","4",
"2015-02-16","Arizona Coyotes","ARI","2","Colorado Avalanche","COL","5",
"2015-02-16","Montreal Canadiens","MTL","2","Detroit Red Wings","DET","0",
"2015-02-16","Tampa Bay Lightning","TBL","2","Los Angeles Kings","LAK","3",
"2015-02-16","New York Rangers","NYR","6","New York Islanders","NYI","5",
"2015-02-16","Carolina Hurricanes","CAR","6","Ottawa Senators","OTT","3",
"2015-02-16","Minnesota Wild","MIN","2","Vancouver Canucks","VAN","3",
"2015-02-16","Edmonton Oilers","EDM","4","Winnipeg Jets","WPG","5",
"2015-02-17","New York Islanders","NYI","4","Carolina Hurricanes","CAR","1",
"2015-02-17","Buffalo Sabres","BUF","1","New Jersey Devils","NJD","2",
"2015-02-17","San Jose Sharks","SJS","1","Nashville Predators","NSH","5",
"2015-02-17","Columbus Blue Jackets","CBJ","5","Philadelphia Flyers","PHI","2",
"2015-02-17","Washington Capitals","WSH","3","Pittsburgh Penguins","PIT","1",
"2015-02-17","Dallas Stars","DAL","4","St. Louis Blues","STL","1",
"2015-02-17","Florida Panthers","FLA","3","Toronto Maple Leafs","TOR","2",
"2015-02-18","Tampa Bay Lightning","TBL","4","Anaheim Ducks","ANA","1",
"2015-02-18","Minnesota Wild","MIN","3","Calgary Flames","CGY","2",
"2015-02-18","Detroit Red Wings","DET","3","Chicago Blackhawks","CHI","2",
"2015-02-18","Los Angeles Kings","LAK","4","Colorado Avalanche","COL","1",
"2015-02-18","Boston Bruins","BOS","3","Edmonton Oilers","EDM","4",
"2015-02-18","Montreal Canadiens","MTL","2","Ottawa Senators","OTT","4",
"2015-02-19","San Jose Sharks","SJS","5","Dallas Stars","DAL","2",
"2015-02-19","Florida Panthers","FLA","3","Montreal Canadiens","MTL","2",
"2015-02-19","Nashville Predators","NSH","2","New York Islanders","NYI","5",
"2015-02-19","Vancouver Canucks","VAN","5","New York Rangers","NYR","4",
"2015-02-19","Buffalo Sabres","BUF","3","Philadelphia Flyers","PHI","2",
"2015-02-19","Columbus Blue Jackets","CBJ","2","Pittsburgh Penguins","PIT","1",
"2015-02-19","Winnipeg Jets","WPG","1","Washington Capitals","WSH","5",
"2015-02-20","New York Rangers","NYR","3","Buffalo Sabres","BUF","1",
"2015-02-20","Toronto Maple Leafs","TOR","1","Carolina Hurricanes","CAR","2",
"2015-02-20","Anaheim Ducks","ANA","6","Calgary Flames","CGY","3",
"2015-02-20","Colorado Avalanche","COL","4","Chicago Blackhawks","CHI","1",
"2015-02-20","Minnesota Wild","MIN","4","Edmonton Oilers","EDM","0",
"2015-02-20","Vancouver Canucks","VAN","2","New Jersey Devils","NJD","4",
"2015-02-20","Boston Bruins","BOS","1","St. Louis Blues","STL","5",
"2015-02-21","Tampa Bay Lightning","TBL","4","Arizona Coyotes","ARI","2",
"2015-02-21","Detroit Red Wings","DET","7","Dallas Stars","DAL","6",
"2015-02-21","Anaheim Ducks","ANA","2","Edmonton Oilers","EDM","1",
"2015-02-21","Columbus Blue Jackets","CBJ","1","Montreal Canadiens","MTL","3",
"2015-02-21","Carolina Hurricanes","CAR","1","New Jersey Devils","NJD","3",
"2015-02-21","Florida Panthers","FLA","1","Ottawa Senators","OTT","4",
"2015-02-21","Nashville Predators","NSH","2","Philadelphia Flyers","PHI","3",
"2015-02-21","Los Angeles Kings","LAK","2","San Jose Sharks","SJS","1",
"2015-02-21","Pittsburgh Penguins","PIT","4","St. Louis Blues","STL","2",
"2015-02-21","Winnipeg Jets","WPG","3","Toronto Maple Leafs","TOR","4",
"2015-02-21","New York Islanders","NYI","2","Washington Capitals","WSH","3",
"2015-02-22","Nashville Predators","NSH","2","Buffalo Sabres","BUF","1",
"2015-02-22","Boston Bruins","BOS","6","Chicago Blackhawks","CHI","2",
"2015-02-22","Tampa Bay Lightning","TBL","4","Colorado Avalanche","COL","5",
"2015-02-22","Dallas Stars","DAL","2","Minnesota Wild","MIN","6",
"2015-02-22","Vancouver Canucks","VAN","4","New York Islanders","NYI","0",
"2015-02-22","Columbus Blue Jackets","CBJ","3","New York Rangers","NYR","4",
"2015-02-22","Washington Capitals","WSH","2","Philadelphia Flyers","PHI","3",
"2015-02-22","Florida Panthers","FLA","1","Pittsburgh Penguins","PIT","5",
"2015-02-23","Detroit Red Wings","DET","3","Anaheim Ducks","ANA","4",
"2015-02-23","Arizona Coyotes","ARI","0","New Jersey Devils","NJD","3",
"2015-02-24","Vancouver Canucks","VAN","2","Boston Bruins","BOS","1",
"2015-02-24","Philadelphia Flyers","PHI","1","Carolina Hurricanes","CAR","4",
"2015-02-24","Buffalo Sabres","BUF","4","Columbus Blue Jackets","CBJ","2",
"2015-02-24","Florida Panthers","FLA","2","Chicago Blackhawks","CHI","3",
"2015-02-24","Detroit Red Wings","DET","0","Los Angeles Kings","LAK","1",
"2015-02-24","Edmonton Oilers","EDM","2","Minnesota Wild","MIN","1",
"2015-02-24","Colorado Avalanche","COL","2","Nashville Predators","NSH","5",
"2015-02-24","Arizona Coyotes","ARI","1","New York Islanders","NYI","5",
"2015-02-24","Calgary Flames","CGY","0","New York Rangers","NYR","1",
"2015-02-24","Montreal Canadiens","MTL","5","St. Louis Blues","STL","2",
"2015-02-24","Dallas Stars","DAL","2","Winnipeg Jets","WPG","4",
"2015-02-25","Ottawa Senators","OTT","3","Anaheim Ducks","ANA","0",
"2015-02-25","Calgary Flames","CGY","3","New Jersey Devils","NJD","1",
"2015-02-25","Pittsburgh Penguins","PIT","4","Washington Capitals","WSH","3",
"2015-02-26","Vancouver Canucks","VAN","3","Buffalo Sabres","BUF","6",
"2015-02-26","Montreal Canadiens","MTL","5","Columbus Blue Jackets","CBJ","2",
"2015-02-26","Chicago Blackhawks","CHI","3","Florida Panthers","FLA","0",
"2015-02-26","Ottawa Senators","OTT","1","Los Angeles Kings","LAK","0",
"2015-02-26","Minnesota Wild","MIN","4","Nashville Predators","NSH","2",
"2015-02-26","Arizona Coyotes","ARI","3","New York Rangers","NYR","4",
"2015-02-26","Detroit Red Wings","DET","3","San Jose Sharks","SJS","2",
"2015-02-26","Philadelphia Flyers","PHI","2","Toronto Maple Leafs","TOR","3",
"2015-02-26","St. Louis Blues","STL","2","Winnipeg Jets","WPG","1",
"2015-02-27","Los Angeles Kings","LAK","2","Anaheim Ducks","ANA","4",
"2015-02-27","Washington Capitals","WSH","0","Carolina Hurricanes","CAR","3",
"2015-02-27","Colorado Avalanche","COL","5","Dallas Stars","DAL","4",
"2015-02-27","Boston Bruins","BOS","3","New Jersey Devils","NJD","2",
"2015-02-27","Calgary Flames","CGY","1","New York Islanders","NYI","2",
"2015-02-27","Chicago Blackhawks","CHI","0","Tampa Bay Lightning","TBL","4",
"2015-02-28","Arizona Coyotes","ARI","1","Boston Bruins","BOS","4",
"2015-02-28","New Jersey Devils","NJD","2","Columbus Blue Jackets","CBJ","0",
"2015-02-28","Minnesota Wild","MIN","3","Colorado Avalanche","COL","1",
"2015-02-28","St. Louis Blues","STL","2","Edmonton Oilers","EDM","1",
"2015-02-28","Buffalo Sabres","BUF","3","Florida Panthers","FLA","5",
"2015-02-28","Toronto Maple Leafs","TOR","0","Montreal Canadiens","MTL","4",
"2015-02-28","Detroit Red Wings","DET","4","Nashville Predators","NSH","3",
"2015-02-28","Carolina Hurricanes","CAR","5","New York Islanders","NYI","3",
"2015-02-28","New York Rangers","NYR","2","Philadelphia Flyers","PHI","4",
"2015-02-28","Ottawa Senators","OTT","4","San Jose Sharks","SJS","2",
"2015-03-01","Anaheim Ducks","ANA","3","Dallas Stars","DAL","1",
"2015-03-01","Tampa Bay Lightning","TBL","3","Florida Panthers","FLA","4",
"2015-03-01","Columbus Blue Jackets","CBJ","3","Pittsburgh Penguins","PIT","5",
"2015-03-01","St. Louis Blues","STL","5","Vancouver Canucks","VAN","6",
"2015-03-01","Los Angeles Kings","LAK","2","Winnipeg Jets","WPG","5",
"2015-03-01","Toronto Maple Leafs","TOR","0","Washington Capitals","WSH","4",
"2015-03-02","Carolina Hurricanes","CAR","2","Chicago Blackhawks","CHI","5",
"2015-03-02","Nashville Predators","NSH","1","New York Rangers","NYR","4",
"2015-03-02","Montreal Canadiens","MTL","0","San Jose Sharks","SJS","4",
"2015-03-03","Anaheim Ducks","ANA","4","Arizona Coyotes","ARI","1",
"2015-03-03","Washington Capitals","WSH","5","Columbus Blue Jackets","CBJ","3",
"2015-03-03","New York Islanders","NYI","2","Dallas Stars","DAL","3",
"2015-03-03","Los Angeles Kings","LAK","5","Edmonton Oilers","EDM","2",
"2015-03-03","Toronto Maple Leafs","TOR","3","Florida Panthers","FLA","2",
"2015-03-03","Ottawa Senators","OTT","2","Minnesota Wild","MIN","3",
"2015-03-03","Nashville Predators","NSH","1","New Jersey Devils","NJD","3",
"2015-03-03","Calgary Flames","CGY","3","Philadelphia Flyers","PHI","2",
"2015-03-03","Buffalo Sabres","BUF","0","Tampa Bay Lightning","TBL","3",
"2015-03-03","San Jose Sharks","SJS","6","Vancouver Canucks","VAN","2",
"2015-03-04","Montreal Canadiens","MTL","1","Anaheim Ducks","ANA","3",
"2015-03-04","Pittsburgh Penguins","PIT","1","Colorado Avalanche","COL","3",
"2015-03-04","New York Rangers","NYR","1","Detroit Red Wings","DET","2",
"2015-03-04","Ottawa Senators","OTT","3","Winnipeg Jets","WPG","1",
"2015-03-05","Vancouver Canucks","VAN","2","Arizona Coyotes","ARI","3",
"2015-03-05","Calgary Flames","CGY","4","Boston Bruins","BOS","3",
"2015-03-05","Dallas Stars","DAL","4","Florida Panthers","FLA","3",
"2015-03-05","Montreal Canadiens","MTL","3","Los Angeles Kings","LAK","4",
"2015-03-05","New York Islanders","NYI","4","Nashville Predators","NSH","3",
"2015-03-05","St. Louis Blues","STL","1","Philadelphia Flyers","PHI","3",
"2015-03-05","Toronto Maple Leafs","TOR","2","Tampa Bay Lightning","TBL","4",
"2015-03-05","Minnesota Wild","MIN","2","Washington Capitals","WSH","1",
"2015-03-06","Pittsburgh Penguins","PIT","5","Anaheim Ducks","ANA","2",
"2015-03-06","Minnesota Wild","MIN","3","Carolina Hurricanes","CAR","1",
"2015-03-06","Edmonton Oilers","EDM","1","Chicago Blackhawks","CHI","2",
"2015-03-06","Calgary Flames","CGY","5","Detroit Red Wings","DET","2",
"2015-03-06","Columbus Blue Jackets","CBJ","3","New Jersey Devils","NJD","2",
"2015-03-06","Buffalo Sabres","BUF","2","Ottawa Senators","OTT","3",
"2015-03-07","Montreal Canadiens","MTL","2","Arizona Coyotes","ARI","0",
"2015-03-07","Philadelphia Flyers","PHI","2","Boston Bruins","BOS","3",
"2015-03-07","Colorado Avalanche","COL","4","Columbus Blue Jackets","CBJ","0",
"2015-03-07","New York Islanders","NYI","3","Florida Panthers","FLA","4",
"2015-03-07","Pittsburgh Penguins","PIT","1","Los Angeles Kings","LAK","0",
"2015-03-07","Winnipeg Jets","WPG","3","Nashville Predators","NSH","1",
"2015-03-07","Vancouver Canucks","VAN","3","San Jose Sharks","SJS","2",
"2015-03-07","Dallas Stars","DAL","4","Tampa Bay Lightning","TBL","5",
"2015-03-07","St. Louis Blues","STL","6","Toronto Maple Leafs","TOR","1",
"2015-03-07","Buffalo Sabres","BUF","1","Washington Capitals","WSH","6",
"2015-03-08","Detroit Red Wings","DET","3","Boston Bruins","BOS","5",
"2015-03-08","Edmonton Oilers","EDM","4","Carolina Hurricanes","CAR","7",
"2015-03-08","New York Rangers","NYR","1","Chicago Blackhawks","CHI","0",
"2015-03-08","Colorado Avalanche","COL","3","Minnesota Wild","MIN","2",
"2015-03-08","Philadelphia Flyers","PHI","2","New Jersey Devils","NJD","5",
"2015-03-08","Calgary Flames","CGY","4","Ottawa Senators","OTT","5",
"2015-03-09","Nashville Predators","NSH","2","Arizona Coyotes","ARI","1",
"2015-03-09","Edmonton Oilers","EDM","2","Detroit Red Wings","DET","5",
"2015-03-09","Pittsburgh Penguins","PIT","1","San Jose Sharks","SJS","2",
"2015-03-09","New York Islanders","NYI","4","Toronto Maple Leafs","TOR","3",
"2015-03-09","Anaheim Ducks","ANA","1","Vancouver Canucks","VAN","2",
"2015-03-10","Columbus Blue Jackets","CBJ","4","Carolina Hurricanes","CAR","3",
"2015-03-10","Los Angeles Kings","LAK","5","Colorado Avalanche","COL","2",
"2015-03-10","New Jersey Devils","NJD","2","Minnesota Wild","MIN","6",
"2015-03-10","Tampa Bay Lightning","TBL","1","Montreal Canadiens","MTL","0",
"2015-03-10","New York Rangers","NYR","2","New York Islanders","NYI","1",
"2015-03-10","Boston Bruins","BOS","3","Ottawa Senators","OTT","1",
"2015-03-10","Dallas Stars","DAL","2","Philadelphia Flyers","PHI","1",
"2015-03-10","Winnipeg Jets","WPG","4","St. Louis Blues","STL","5",
"2015-03-11","Anaheim Ducks","ANA","3","Calgary Flames","CGY","6",
"2015-03-11","Buffalo Sabres","BUF","3","Toronto Maple Leafs","TOR","4",
"2015-03-11","New York Rangers","NYR","3","Washington Capitals","WSH","1",
"2015-03-12","Chicago Blackhawks","CHI","2","Arizona Coyotes","ARI","1",
"2015-03-12","Tampa Bay Lightning","TBL","2","Boston Bruins","BOS","3",
"2015-03-12","Dallas Stars","DAL","5","Carolina Hurricanes","CAR","3",
"2015-03-12","New Jersey Devils","NJD","1","Colorado Avalanche","COL","2",
"2015-03-12","Columbus Blue Jackets","CBJ","3","Detroit Red Wings","DET","1",
"2015-03-12","Winnipeg Jets","WPG","2","Florida Panthers","FLA","4",
"2015-03-12","Ottawa Senators","OTT","5","Montreal Canadiens","MTL","2",
"2015-03-12","Edmonton Oilers","EDM","4","Pittsburgh Penguins","PIT","6",
"2015-03-12","Nashville Predators","NSH","0","San Jose Sharks","SJS","2",
"2015-03-12","Philadelphia Flyers","PHI","0","St. Louis Blues","STL","1",
"2015-03-12","Los Angeles Kings","LAK","4","Vancouver Canucks","VAN","0",
"2015-03-13","Edmonton Oilers","EDM","4","Columbus Blue Jackets","CBJ","5",
"2015-03-13","Toronto Maple Leafs","TOR","3","Calgary Flames","CGY","6",
"2015-03-13","Anaheim Ducks","ANA","2","Minnesota Wild","MIN","1",
"2015-03-13","Ottawa Senators","OTT","2","New York Islanders","NYI","1",
"2015-03-13","Dallas Stars","DAL","4","Washington Capitals","WSH","2",
"2015-03-14","New Jersey Devils","NJD","4","Arizona Coyotes","ARI","1",
"2015-03-14","New York Rangers","NYR","2","Buffalo Sabres","BUF","0",
"2015-03-14","Florida Panthers","FLA","2","Carolina Hurricanes","CAR","0",
"2015-03-14","Calgary Flames","CGY","2","Colorado Avalanche","COL","3",
"2015-03-14","Nashville Predators","NSH","2","Los Angeles Kings","LAK","1",
"2015-03-14","Montreal Canadiens","MTL","3","New York Islanders","NYI","1",
"2015-03-14","Detroit Red Wings","DET","2","Philadelphia Flyers","PHI","7",
"2015-03-14","Boston Bruins","BOS","2","Pittsburgh Penguins","PIT","0",
"2015-03-14","Chicago Blackhawks","CHI","6","San Jose Sharks","SJS","2",
"2015-03-14","Minnesota Wild","MIN","3","St. Louis Blues","STL","1",
"2015-03-14","Winnipeg Jets","WPG","2","Tampa Bay Lightning","TBL","1",
"2015-03-14","Toronto Maple Leafs","TOR","1","Vancouver Canucks","VAN","4",
"2015-03-15","Nashville Predators","NSH","2","Anaheim Ducks","ANA","4",
"2015-03-15","Carolina Hurricanes","CAR","3","Columbus Blue Jackets","CBJ","2",
"2015-03-15","St. Louis Blues","STL","3","Dallas Stars","DAL","0",
"2015-03-15","Florida Panthers","FLA","1","New York Rangers","NYR","2",
"2015-03-15","Philadelphia Flyers","PHI","1","Ottawa Senators","OTT","2",
"2015-03-15","Detroit Red Wings","DET","5","Pittsburgh Penguins","PIT","1",
"2015-03-15","Boston Bruins","BOS","0","Washington Capitals","WSH","2",
"2015-03-16","Washington Capitals","WSH","4","Buffalo Sabres","BUF","3",
"2015-03-16","Toronto Maple Leafs","TOR","1","Edmonton Oilers","EDM","4",
"2015-03-16","Arizona Coyotes","ARI","0","Los Angeles Kings","LAK","1",
"2015-03-16","Montreal Canadiens","MTL","2","Tampa Bay Lightning","TBL","4",
"2015-03-17","Buffalo Sabres","BUF","2","Boston Bruins","BOS","1",
"2015-03-17","Ottawa Senators","OTT","2","Carolina Hurricanes","CAR","1",
"2015-03-17","St. Louis Blues","STL","4","Calgary Flames","CGY","0",
"2015-03-17","New York Islanders","NYI","1","Chicago Blackhawks","CHI","4",
"2015-03-17","Montreal Canadiens","MTL","3","Florida Panthers","FLA","2",
"2015-03-17","Pittsburgh Penguins","PIT","0","New Jersey Devils","NJD","2",
"2015-03-17","Minnesota Wild","MIN","3","Nashville Predators","NSH","2",
"2015-03-17","Philadelphia Flyers","PHI","1","Vancouver Canucks","VAN","4",
"2015-03-17","San Jose Sharks","SJS","2","Winnipeg Jets","WPG","5",
"2015-03-18","Los Angeles Kings","LAK","","Anaheim Ducks","ANA","",
"2015-03-18","Columbus Blue Jackets","CBJ","","Edmonton Oilers","EDM","",
"2015-03-18","Chicago Blackhawks","CHI","","New York Rangers","NYR","",
"2015-03-19","Colorado Avalanche","COL","","Arizona Coyotes","ARI","",
"2015-03-19","Philadelphia Flyers","PHI","","Calgary Flames","CGY","",
"2015-03-19","Pittsburgh Penguins","PIT","","Dallas Stars","DAL","",
"2015-03-19","Detroit Red Wings","DET","","Florida Panthers","FLA","",
"2015-03-19","Washington Capitals","WSH","","Minnesota Wild","MIN","",
"2015-03-19","Carolina Hurricanes","CAR","","Montreal Canadiens","MTL","",
"2015-03-19","Boston Bruins","BOS","","Ottawa Senators","OTT","",
"2015-03-19","San Jose Sharks","SJS","","Toronto Maple Leafs","TOR","",
"2015-03-19","Columbus Blue Jackets","CBJ","","Vancouver Canucks","VAN","",
"2015-03-19","St. Louis Blues","STL","","Winnipeg Jets","WPG","",
"2015-03-20","Colorado Avalanche","COL","","Anaheim Ducks","ANA","",
"2015-03-20","New Jersey Devils","NJD","","Buffalo Sabres","BUF","",
"2015-03-20","Detroit Red Wings","DET","","Tampa Bay Lightning","TBL","",
"2015-03-21","Pittsburgh Penguins","PIT","","Arizona Coyotes","ARI","",
"2015-03-21","New York Rangers","NYR","","Carolina Hurricanes","CAR","",
"2015-03-21","Columbus Blue Jackets","CBJ","","Calgary Flames","CGY","",
"2015-03-21","Chicago Blackhawks","CHI","","Dallas Stars","DAL","",
"2015-03-21","Philadelphia Flyers","PHI","","Edmonton Oilers","EDM","",
"2015-03-21","Boston Bruins","BOS","","Florida Panthers","FLA","",
"2015-03-21","Vancouver Canucks","VAN","","Los Angeles Kings","LAK","",
"2015-03-21","St. Louis Blues","STL","","Minnesota Wild","MIN","",
"2015-03-21","San Jose Sharks","SJS","","Montreal Canadiens","MTL","",
"2015-03-21","New York Islanders","NYI","","New Jersey Devils","NJD","",
"2015-03-21","Buffalo Sabres","BUF","","Nashville Predators","NSH","",
"2015-03-21","Toronto Maple Leafs","TOR","","Ottawa Senators","OTT","",
"2015-03-21","Washington Capitals","WSH","","Winnipeg Jets","WPG","",
"2015-03-22","Vancouver Canucks","VAN","","Arizona Coyotes","ARI","",
"2015-03-22","St. Louis Blues","STL","","Detroit Red Wings","DET","",
"2015-03-22","Anaheim Ducks","ANA","","New York Rangers","NYR","",
"2015-03-22","Boston Bruins","BOS","","Tampa Bay Lightning","TBL","",
"2015-03-23","Chicago Blackhawks","CHI","","Carolina Hurricanes","CAR","",
"2015-03-23","Colorado Avalanche","COL","","Calgary Flames","CGY","",
"2015-03-23","Buffalo Sabres","BUF","","Dallas Stars","DAL","",
"2015-03-23","Winnipeg Jets","WPG","","Edmonton Oilers","EDM","",
"2015-03-23","Los Angeles Kings","LAK","","New Jersey Devils","NJD","",
"2015-03-23","San Jose Sharks","SJS","","Ottawa Senators","OTT","",
"2015-03-23","Minnesota Wild","MIN","","Toronto Maple Leafs","TOR","",
"2015-03-24","Anaheim Ducks","ANA","","Columbus Blue Jackets","CBJ","",
"2015-03-24","Arizona Coyotes","ARI","","Detroit Red Wings","DET","",
"2015-03-24","Montreal Canadiens","MTL","","Nashville Predators","NSH","",
"2015-03-24","Minnesota Wild","MIN","","New York Islanders","NYI","",
"2015-03-24","Los Angeles Kings","LAK","","New York Rangers","NYR","",
"2015-03-24","St. Louis Blues","STL","","Pittsburgh Penguins","PIT","",
"2015-03-24","Florida Panthers","FLA","","Tampa Bay Lightning","TBL","",
"2015-03-24","Winnipeg Jets","WPG","","Vancouver Canucks","VAN","",
"2015-03-25","Dallas Stars","DAL","","Calgary Flames","CGY","",
"2015-03-25","Colorado Avalanche","COL","","Edmonton Oilers","EDM","",
"2015-03-25","Chicago Blackhawks","CHI","","Philadelphia Flyers","PHI","",
"2015-03-26","Anaheim Ducks","ANA","","Boston Bruins","BOS","",
"2015-03-26","Arizona Coyotes","ARI","","Buffalo Sabres","BUF","",
"2015-03-26","Pittsburgh Penguins","PIT","","Carolina Hurricanes","CAR","",
"2015-03-26","San Jose Sharks","SJS","","Detroit Red Wings","DET","",
"2015-03-26","Los Angeles Kings","LAK","","New York Islanders","NYI","",
"2015-03-26","New York Rangers","NYR","","Ottawa Senators","OTT","",
"2015-03-26","Nashville Predators","NSH","","Tampa Bay Lightning","TBL","",
"2015-03-26","Florida Panthers","FLA","","Toronto Maple Leafs","TOR","",
"2015-03-26","Colorado Avalanche","COL","","Vancouver Canucks","VAN","",
"2015-03-26","Montreal Canadiens","MTL","","Winnipeg Jets","WPG","",
"2015-03-26","New Jersey Devils","NJD","","Washington Capitals","WSH","",
"2015-03-27","Columbus Blue Jackets","CBJ","","Chicago Blackhawks","CHI","",
"2015-03-27","Dallas Stars","DAL","","Edmonton Oilers","EDM","",
"2015-03-27","Calgary Flames","CGY","","Minnesota Wild","MIN","",
"2015-03-28","New York Rangers","NYR","","Boston Bruins","BOS","",
"2015-03-28","New Jersey Devils","NJD","","Carolina Hurricanes","CAR","",
"2015-03-28","Buffalo Sabres","BUF","","Colorado Avalanche","COL","",
"2015-03-28","Tampa Bay Lightning","TBL","","Detroit Red Wings","DET","",
"2015-03-28","Los Angeles Kings","LAK","","Minnesota Wild","MIN","",
"2015-03-28","Florida Panthers","FLA","","Montreal Canadiens","MTL","",
"2015-03-28","Anaheim Ducks","ANA","","New York Islanders","NYI","",
"2015-03-28","San Jose Sharks","SJS","","Philadelphia Flyers","PHI","",
"2015-03-28","Arizona Coyotes","ARI","","Pittsburgh Penguins","PIT","",
"2015-03-28","Columbus Blue Jackets","CBJ","","St. Louis Blues","STL","",
"2015-03-28","Ottawa Senators","OTT","","Toronto Maple Leafs","TOR","",
"2015-03-28","Dallas Stars","DAL","","Vancouver Canucks","VAN","",
"2015-03-28","Nashville Predators","NSH","","Washington Capitals","WSH","",
"2015-03-29","Boston Bruins","BOS","","Carolina Hurricanes","CAR","",
"2015-03-29","Anaheim Ducks","ANA","","New Jersey Devils","NJD","",
"2015-03-29","Calgary Flames","CGY","","Nashville Predators","NSH","",
"2015-03-29","Detroit Red Wings","DET","","New York Islanders","NYI","",
"2015-03-29","Washington Capitals","WSH","","New York Rangers","NYR","",
"2015-03-29","Florida Panthers","FLA","","Ottawa Senators","OTT","",
"2015-03-29","San Jose Sharks","SJS","","Pittsburgh Penguins","PIT","",
"2015-03-29","Chicago Blackhawks","CHI","","Winnipeg Jets","WPG","",
"2015-03-30","Buffalo Sabres","BUF","","Arizona Coyotes","ARI","",
"2015-03-30","Los Angeles Kings","LAK","","Chicago Blackhawks","CHI","",
"2015-03-30","Edmonton Oilers","EDM","","Colorado Avalanche","COL","",
"2015-03-30","Calgary Flames","CGY","","Dallas Stars","DAL","",
"2015-03-30","Tampa Bay Lightning","TBL","","Montreal Canadiens","MTL","",
"2015-03-30","Vancouver Canucks","VAN","","St. Louis Blues","STL","",
"2015-03-31","Florida Panthers","FLA","","Boston Bruins","BOS","",
"2015-03-31","New Jersey Devils","NJD","","Columbus Blue Jackets","CBJ","",
"2015-03-31","Ottawa Senators","OTT","","Detroit Red Wings","DET","",
"2015-03-31","Vancouver Canucks","VAN","","Nashville Predators","NSH","",
"2015-03-31","Tampa Bay Lightning","TBL","","Toronto Maple Leafs","TOR","",
"2015-03-31","New York Rangers","NYR","","Winnipeg Jets","WPG","",
"2015-03-31","Carolina Hurricanes","CAR","","Washington Capitals","WSH","",
"2015-04-01","Edmonton Oilers","EDM","","Anaheim Ducks","ANA","",
"2015-04-01","Toronto Maple Leafs","TOR","","Buffalo Sabres","BUF","",
"2015-04-01","Philadelphia Flyers","PHI","","Pittsburgh Penguins","PIT","",
"2015-04-01","Colorado Avalanche","COL","","San Jose Sharks","SJS","",
"2015-04-02","New York Islanders","NYI","","Columbus Blue Jackets","CBJ","",
"2015-04-02","Vancouver Canucks","VAN","","Chicago Blackhawks","CHI","",
"2015-04-02","Boston Bruins","BOS","","Detroit Red Wings","DET","",
"2015-04-02","Carolina Hurricanes","CAR","","Florida Panthers","FLA","",
"2015-04-02","Edmonton Oilers","EDM","","Los Angeles Kings","LAK","",
"2015-04-02","New York Rangers","NYR","","Minnesota Wild","MIN","",
"2015-04-02","Washington Capitals","WSH","","Montreal Canadiens","MTL","",
"2015-04-02","Tampa Bay Lightning","TBL","","Ottawa Senators","OTT","",
"2015-04-02","Calgary Flames","CGY","","St. Louis Blues","STL","",
"2015-04-03","Colorado Avalanche","COL","","Anaheim Ducks","ANA","",
"2015-04-03","Chicago Blackhawks","CHI","","Buffalo Sabres","BUF","",
"2015-04-03","St. Louis Blues","STL","","Dallas Stars","DAL","",
"2015-04-03","Montreal Canadiens","MTL","","New Jersey Devils","NJD","",
"2015-04-03","Arizona Coyotes","ARI","","San Jose Sharks","SJS","",
"2015-04-04","San Jose Sharks","SJS","","Arizona Coyotes","ARI","",
"2015-04-04","Toronto Maple Leafs","TOR","","Boston Bruins","BOS","",
"2015-04-04","Philadelphia Flyers","PHI","","Carolina Hurricanes","CAR","",
"2015-04-04","Pittsburgh Penguins","PIT","","Columbus Blue Jackets","CBJ","",
"2015-04-04","Calgary Flames","CGY","","Edmonton Oilers","EDM","",
"2015-04-04","Tampa Bay Lightning","TBL","","Florida Panthers","FLA","",
"2015-04-04","Colorado Avalanche","COL","","Los Angeles Kings","LAK","",
"2015-04-04","Detroit Red Wings","DET","","Minnesota Wild","MIN","",
"2015-04-04","Dallas Stars","DAL","","Nashville Predators","NSH","",
"2015-04-04","Buffalo Sabres","BUF","","New York Islanders","NYI","",
"2015-04-04","New Jersey Devils","NJD","","New York Rangers","NYR","",
"2015-04-04","Washington Capitals","WSH","","Ottawa Senators","OTT","",
"2015-04-04","Vancouver Canucks","VAN","","Winnipeg Jets","WPG","",
"2015-04-05","St. Louis Blues","STL","","Chicago Blackhawks","CHI","",
"2015-04-05","Washington Capitals","WSH","","Detroit Red Wings","DET","",
"2015-04-05","Montreal Canadiens","MTL","","Florida Panthers","FLA","",
"2015-04-05","Pittsburgh Penguins","PIT","","Philadelphia Flyers","PHI","",
"2015-04-05","Ottawa Senators","OTT","","Toronto Maple Leafs","TOR","",
"2015-04-06","Carolina Hurricanes","CAR","","Buffalo Sabres","BUF","",
"2015-04-06","Winnipeg Jets","WPG","","Minnesota Wild","MIN","",
"2015-04-06","Columbus Blue Jackets","CBJ","","New York Rangers","NYR","",
"2015-04-06","Dallas Stars","DAL","","San Jose Sharks","SJS","",
"2015-04-06","Los Angeles Kings","LAK","","Vancouver Canucks","VAN","",
"2015-04-07","Arizona Coyotes","ARI","","Calgary Flames","CGY","",
"2015-04-07","Minnesota Wild","MIN","","Chicago Blackhawks","CHI","",
"2015-04-07","Nashville Predators","NSH","","Colorado Avalanche","COL","",
"2015-04-07","Carolina Hurricanes","CAR","","Detroit Red Wings","DET","",
"2015-04-07","Los Angeles Kings","LAK","","Edmonton Oilers","EDM","",
"2015-04-07","New York Rangers","NYR","","New Jersey Devils","NJD","",
"2015-04-07","Pittsburgh Penguins","PIT","","Ottawa Senators","OTT","",
"2015-04-07","New York Islanders","NYI","","Philadelphia Flyers","PHI","",
"2015-04-07","Winnipeg Jets","WPG","","St. Louis Blues","STL","",
"2015-04-08","Dallas Stars","DAL","","Anaheim Ducks","ANA","",
"2015-04-08","Toronto Maple Leafs","TOR","","Columbus Blue Jackets","CBJ","",
"2015-04-08","Boston Bruins","BOS","","Washington Capitals","WSH","",
"2015-04-09","Los Angeles Kings","LAK","","Calgary Flames","CGY","",
"2015-04-09","Winnipeg Jets","WPG","","Colorado Avalanche","COL","",
"2015-04-09","San Jose Sharks","SJS","","Edmonton Oilers","EDM","",
"2015-04-09","Boston Bruins","BOS","","Florida Panthers","FLA","",
"2015-04-09","Detroit Red Wings","DET","","Montreal Canadiens","MTL","",
"2015-04-09","Minnesota Wild","MIN","","Nashville Predators","NSH","",
"2015-04-09","Ottawa Senators","OTT","","New York Rangers","NYR","",
"2015-04-09","Carolina Hurricanes","CAR","","Philadelphia Flyers","PHI","",
"2015-04-09","Chicago Blackhawks","CHI","","St. Louis Blues","STL","",
"2015-04-09","New Jersey Devils","NJD","","Tampa Bay Lightning","TBL","",
"2015-04-09","Arizona Coyotes","ARI","","Vancouver Canucks","VAN","",
"2015-04-10","Buffalo Sabres","BUF","","Columbus Blue Jackets","CBJ","",
"2015-04-10","New York Islanders","NYI","","Pittsburgh Penguins","PIT","",
"2015-04-11","Anaheim Ducks","ANA","","Arizona Coyotes","ARI","",
"2015-04-11","Pittsburgh Penguins","PIT","","Buffalo Sabres","BUF","",
"2015-04-11","Detroit Red Wings","DET","","Carolina Hurricanes","CAR","",
"2015-04-11","Chicago Blackhawks","CHI","","Colorado Avalanche","COL","",
"2015-04-11","Nashville Predators","NSH","","Dallas Stars","DAL","",
"2015-04-11","New Jersey Devils","NJD","","Florida Panthers","FLA","",
"2015-04-11","San Jose Sharks","SJS","","Los Angeles Kings","LAK","",
"2015-04-11","Columbus Blue Jackets","CBJ","","New York Islanders","NYI","",
"2015-04-11","Ottawa Senators","OTT","","Philadelphia Flyers","PHI","",
"2015-04-11","Minnesota Wild","MIN","","St. Louis Blues","STL","",
"2015-04-11","Boston Bruins","BOS","","Tampa Bay Lightning","TBL","",
"2015-04-11","Montreal Canadiens","MTL","","Toronto Maple Leafs","TOR","",
"2015-04-11","Edmonton Oilers","EDM","","Vancouver Canucks","VAN","",
"2015-04-11","Calgary Flames","CGY","","Winnipeg Jets","WPG","",
"2015-04-11","New York Rangers","NYR","","Washington Capitals","WSH","",
