rank,teamName,teamAbrv,gamesPlayed,wins,losses,ties,points,pointsPercentage,goalsFor,goalsAgainst,simpleRatingSystem,strengthOfSchedule,totalGoalsPerGame,powerPlayGoals,powerPlayChances,powerPlayPercentage,powerPlayGoalsAgainst,powerPlayChancesAgainst,penaltyKillingPercentage,shortHandedGoals,shortHandedGoalsAgainst,shots,shootingPercentage,shotsAgainst,savePercentage,pdo
"1","Detroit Red Wings","DET","70","37","19","14","88",".629","191","132","0.70","-0.14","4.61","","","","","","","","","","","","",""
"2","Montreal Canadiens","MTL","70","35","24","11","81",".579","195","141","0.64","-0.13","4.80","","","","","","","","","","","","",""
"3","Toronto Maple Leafs","TOR","70","32","24","14","78",".557","152","131","0.25","-0.05","4.04","","","","","","","","","","","","",""
"4","Boston Bruins","BOS","70","32","28","10","74",".529","177","181","-0.05","0.01","5.11","","","","","","","","","","","","",""
"5","New York Rangers","NYR","70","29","31","10","68",".486","161","182","-0.25","0.05","4.90","","","","","","","","","","","","",""
"6","Chicago Black Hawks","CBH","70","12","51","7","31",".221","133","242","-1.30","0.26","5.36","","","","","","","","","","","","",""
