date,vistor,vistorAbrv,vistorGoals,home,homeAbrv,homeGoals,notes
"1992-10-06","Los Angeles Kings","LAK","5","Calgary Flames","CGY","4",
"1992-10-06","Vancouver Canucks","VAN","5","Edmonton Oilers","EDM","4",
"1992-10-06","Montreal Canadiens","MTL","5","Hartford Whalers","HAR","1",
"1992-10-06","New York Islanders","NYI","3","New Jersey Devils","NJD","4",
"1992-10-06","Philadelphia Flyers","PHI","3","Pittsburgh Penguins","PIT","3",
"1992-10-06","Minnesota North Stars","MNS","4","St. Louis Blues","STL","6",
"1992-10-06","Detroit Red Wings","DET","1","Winnipeg Jets","WIN","4",
"1992-10-07","Chicago Blackhawks","CHI","3","Tampa Bay Lightning","TBL","7",
"1992-10-07","Washington Capitals","WSH","6","Toronto Maple Leafs","TOR","5",
"1992-10-08","Hartford Whalers","HAR","2","Boston Bruins","BOS","3",
"1992-10-08","Quebec Nordiques","QUE","5","Buffalo Sabres","BUF","4",
"1992-10-08","Edmonton Oilers","EDM","2","Calgary Flames","CGY","7",
"1992-10-08","Detroit Red Wings","DET","5","Los Angeles Kings","LAK","3",
"1992-10-08","St. Louis Blues","STL","2","Minnesota North Stars","MNS","5",
"1992-10-08","Montreal Canadiens","MTL","3","Ottawa Senators","OTT","5",
"1992-10-08","New York Islanders","NYI","3","Pittsburgh Penguins","PIT","7",
"1992-10-08","Winnipeg Jets","WIN","3","San Jose Sharks","SJS","4",
"1992-10-09","New Jersey Devils","NJD","4","Philadelphia Flyers","PHI","6",
"1992-10-09","New York Rangers","NYR","4","Washington Capitals","WSH","2",
"1992-10-10","New York Islanders","NYI","3","Boston Bruins","BOS","3",
"1992-10-10","Toronto Maple Leafs","TOR","2","Calgary Flames","CGY","3",
"1992-10-10","Buffalo Sabres","BUF","5","Hartford Whalers","HAR","2",
"1992-10-10","Winnipeg Jets","WIN","3","Los Angeles Kings","LAK","6",
"1992-10-10","Tampa Bay Lightning","TBL","1","Minnesota North Stars","MNS","2",
"1992-10-10","Pittsburgh Penguins","PIT","3","Montreal Canadiens","MTL","3",
"1992-10-10","New York Rangers","NYR","2","New Jersey Devils","NJD","4",
"1992-10-10","Ottawa Senators","OTT","2","Quebec Nordiques","QUE","9",
"1992-10-10","Detroit Red Wings","DET","6","San Jose Sharks","SJS","3",
"1992-10-10","Chicago Blackhawks","CHI","3","St. Louis Blues","STL","0",
"1992-10-10","Edmonton Oilers","EDM","2","Vancouver Canucks","VAN","5",
"1992-10-10","Philadelphia Flyers","PHI","4","Washington Capitals","WSH","2",
"1992-10-11","Montreal Canadiens","MTL","2","Buffalo Sabres","BUF","8",
"1992-10-11","Tampa Bay Lightning","TBL","4","Chicago Blackhawks","CHI","4",
"1992-10-11","Toronto Maple Leafs","TOR","3","Edmonton Oilers","EDM","3",
"1992-10-12","Ottawa Senators","OTT","3","Boston Bruins","BOS","6",
"1992-10-12","Washington Capitals","WSH","2","New Jersey Devils","NJD","4",
"1992-10-12","Hartford Whalers","HAR","2","New York Rangers","NYR","6",
"1992-10-12","Winnipeg Jets","WIN","1","Vancouver Canucks","VAN","8",
"1992-10-13","San Jose Sharks","SJS","1","Los Angeles Kings","LAK","2",
"1992-10-13","Calgary Flames","CGY","4","Minnesota North Stars","MNS","3","at Saskatoon, SK"
"1992-10-13","Buffalo Sabres","BUF","5","Pittsburgh Penguins","PIT","6",
"1992-10-13","Philadelphia Flyers","PHI","3","Quebec Nordiques","QUE","6",
"1992-10-13","Tampa Bay Lightning","TBL","2","St. Louis Blues","STL","1",
"1992-10-14","Ottawa Senators","OTT","1","Hartford Whalers","HAR","4",
"1992-10-14","New Jersey Devils","NJD","1","New York Rangers","NYR","6",
"1992-10-14","Edmonton Oilers","EDM","3","Winnipeg Jets","WIN","7",
"1992-10-15","Edmonton Oilers","EDM","4","Chicago Blackhawks","CHI","3",
"1992-10-15","Quebec Nordiques","QUE","4","Detroit Red Wings","DET","2",
"1992-10-15","Calgary Flames","CGY","0","Los Angeles Kings","LAK","4",
"1992-10-15","New York Islanders","NYI","5","Philadelphia Flyers","PHI","4",
"1992-10-15","Montreal Canadiens","MTL","2","Pittsburgh Penguins","PIT","5",
"1992-10-15","Boston Bruins","BOS","8","San Jose Sharks","SJS","2",
"1992-10-15","Minnesota North Stars","MNS","5","St. Louis Blues","STL","4",
"1992-10-15","Tampa Bay Lightning","TBL","3","Toronto Maple Leafs","TOR","5",
"1992-10-16","Tampa Bay Lightning","TBL","4","Buffalo Sabres","BUF","5",
"1992-10-16","Vancouver Canucks","VAN","6","Winnipeg Jets","WIN","2",
"1992-10-16","Ottawa Senators","OTT","1","Washington Capitals","WSH","5",
"1992-10-17","Edmonton Oilers","EDM","2","Detroit Red Wings","DET","4",
"1992-10-17","Pittsburgh Penguins","PIT","7","Hartford Whalers","HAR","3",
"1992-10-17","Boston Bruins","BOS","6","Los Angeles Kings","LAK","8",
"1992-10-17","Minnesota North Stars","MNS","1","Montreal Canadiens","MTL","8",
"1992-10-17","Philadelphia Flyers","PHI","0","New Jersey Devils","NJD","2",
"1992-10-17","New York Rangers","NYR","3","New York Islanders","NYI","6",
"1992-10-17","St. Louis Blues","STL","6","Quebec Nordiques","QUE","5",
"1992-10-17","Calgary Flames","CGY","6","San Jose Sharks","SJS","2",
"1992-10-17","Chicago Blackhawks","CHI","3","Toronto Maple Leafs","TOR","4",
"1992-10-17","Buffalo Sabres","BUF","4","Washington Capitals","WSH","6",
"1992-10-18","Vancouver Canucks","VAN","1","Chicago Blackhawks","CHI","3",
"1992-10-18","New York Islanders","NYI","3","New York Rangers","NYR","4",
"1992-10-18","Winnipeg Jets","WIN","4","Philadelphia Flyers","PHI","5",
"1992-10-18","Minnesota North Stars","MNS","5","Toronto Maple Leafs","TOR","1",
"1992-10-19","St. Louis Blues","STL","2","Montreal Canadiens","MTL","6",
"1992-10-20","Los Angeles Kings","LAK","2","Calgary Flames","CGY","6",
"1992-10-20","Winnipeg Jets","WIN","3","Detroit Red Wings","DET","5",
"1992-10-20","Hartford Whalers","HAR","5","New Jersey Devils","NJD","4",
"1992-10-20","Philadelphia Flyers","PHI","3","New York Islanders","NYI","4",
"1992-10-20","Vancouver Canucks","VAN","1","Pittsburgh Penguins","PIT","5",
"1992-10-20","Edmonton Oilers","EDM","1","Tampa Bay Lightning","TBL","6",
"1992-10-20","Ottawa Senators","OTT","3","Toronto Maple Leafs","TOR","5","at Hamilton, ON"
"1992-10-21","Chicago Blackhawks","CHI","1","Buffalo Sabres","BUF","4",
"1992-10-21","San Jose Sharks","SJS","4","Montreal Canadiens","MTL","8",
"1992-10-21","Washington Capitals","WSH","1","New York Rangers","NYR","2",
"1992-10-21","Quebec Nordiques","QUE","5","St. Louis Blues","STL","5",
"1992-10-22","Boston Bruins","BOS","4","Calgary Flames","CGY","2",
"1992-10-22","New Jersey Devils","NJD","6","Chicago Blackhawks","CHI","5",
"1992-10-22","Quebec Nordiques","QUE","2","Minnesota North Stars","MNS","5",
"1992-10-22","Hartford Whalers","HAR","5","Ottawa Senators","OTT","1",
"1992-10-22","Vancouver Canucks","VAN","4","Philadelphia Flyers","PHI","4",
"1992-10-22","Detroit Red Wings","DET","6","Pittsburgh Penguins","PIT","9",
"1992-10-22","Toronto Maple Leafs","TOR","5","Tampa Bay Lightning","TBL","2",
"1992-10-23","San Jose Sharks","SJS","4","Buffalo Sabres","BUF","5",
"1992-10-23","Boston Bruins","BOS","6","Edmonton Oilers","EDM","3",
"1992-10-23","Montreal Canadiens","MTL","3","New York Rangers","NYR","3",
"1992-10-23","Los Angeles Kings","LAK","2","Winnipeg Jets","WIN","4",
"1992-10-23","New York Islanders","NYI","5","Washington Capitals","WSH","2",
"1992-10-24","Los Angeles Kings","LAK","5","Minnesota North Stars","MNS","5",
"1992-10-24","Pittsburgh Penguins","PIT","4","New Jersey Devils","NJD","3",
"1992-10-24","Hartford Whalers","HAR","2","New York Islanders","NYI","4",
"1992-10-24","New York Rangers","NYR","3","Ottawa Senators","OTT","2",
"1992-10-24","Montreal Canadiens","MTL","7","Philadelphia Flyers","PHI","6",
"1992-10-24","Detroit Red Wings","DET","6","St. Louis Blues","STL","1",
"1992-10-24","Quebec Nordiques","QUE","2","Tampa Bay Lightning","TBL","3",
"1992-10-24","San Jose Sharks","SJS","1","Toronto Maple Leafs","TOR","5",
"1992-10-25","Detroit Red Wings","DET","2","Chicago Blackhawks","CHI","8",
"1992-10-25","Calgary Flames","CGY","4","Edmonton Oilers","EDM","0",
"1992-10-25","Boston Bruins","BOS","5","Vancouver Canucks","VAN","3",
"1992-10-26","Philadelphia Flyers","PHI","4","New York Rangers","NYR","8",
"1992-10-26","San Jose Sharks","SJS","1","St. Louis Blues","STL","4",
"1992-10-26","Washington Capitals","WSH","2","Winnipeg Jets","WIN","6",
"1992-10-27","Los Angeles Kings","LAK","4","New York Islanders","NYI","3",
"1992-10-27","Pittsburgh Penguins","PIT","7","Ottawa Senators","OTT","2",
"1992-10-27","Tampa Bay Lightning","TBL","3","Quebec Nordiques","QUE","4",
"1992-10-28","San Jose Sharks","SJS","3","Detroit Red Wings","DET","4",
"1992-10-28","Minnesota North Stars","MNS","2","Edmonton Oilers","EDM","5",
"1992-10-28","New Jersey Devils","NJD","4","Hartford Whalers","HAR","3",
"1992-10-28","Tampa Bay Lightning","TBL","3","Montreal Canadiens","MTL","4",
"1992-10-28","Buffalo Sabres","BUF","4","Toronto Maple Leafs","TOR","4",
"1992-10-28","Washington Capitals","WSH","3","Vancouver Canucks","VAN","4",
"1992-10-28","Calgary Flames","CGY","7","Winnipeg Jets","WIN","5",
"1992-10-29","Los Angeles Kings","LAK","3","Boston Bruins","BOS","8",
"1992-10-29","Philadelphia Flyers","PHI","5","Chicago Blackhawks","CHI","5",
"1992-10-29","Quebec Nordiques","QUE","6","New York Rangers","NYR","3",
"1992-10-29","Pittsburgh Penguins","PIT","4","St. Louis Blues","STL","6",
"1992-10-30","Ottawa Senators","OTT","3","Buffalo Sabres","BUF","12",
"1992-10-30","Washington Capitals","WSH","3","Calgary Flames","CGY","1",
"1992-10-30","Toronto Maple Leafs","TOR","1","Detroit Red Wings","DET","7",
"1992-10-30","New York Islanders","NYI","4","New Jersey Devils","NJD","1",
"1992-10-30","San Jose Sharks","SJS","2","Tampa Bay Lightning","TBL","1",
"1992-10-30","Minnesota North Stars","MNS","3","Vancouver Canucks","VAN","2",
"1992-10-31","Chicago Blackhawks","CHI","3","Boston Bruins","BOS","2",
"1992-10-31","Minnesota North Stars","MNS","3","Calgary Flames","CGY","5",
"1992-10-31","Washington Capitals","WSH","2","Edmonton Oilers","EDM","4",
"1992-10-31","Los Angeles Kings","LAK","7","Hartford Whalers","HAR","1",
"1992-10-31","New York Rangers","NYR","3","Montreal Canadiens","MTL","4",
"1992-10-31","New Jersey Devils","NJD","5","New York Islanders","NYI","3",
"1992-10-31","Buffalo Sabres","BUF","2","Ottawa Senators","OTT","2",
"1992-10-31","Winnipeg Jets","WIN","2","Quebec Nordiques","QUE","3",
"1992-10-31","Philadelphia Flyers","PHI","4","St. Louis Blues","STL","6",
"1992-10-31","Detroit Red Wings","DET","1","Toronto Maple Leafs","TOR","3",
"1992-11-01","San Jose Sharks","SJS","4","Chicago Blackhawks","CHI","4",
"1992-11-01","Pittsburgh Penguins","PIT","5","Tampa Bay Lightning","TBL","4",
"1992-11-02","Vancouver Canucks","VAN","3","Calgary Flames","CGY","5",
"1992-11-02","Winnipeg Jets","WIN","1","Montreal Canadiens","MTL","2",
"1992-11-02","Buffalo Sabres","BUF","6","New York Rangers","NYR","7",
"1992-11-03","Ottawa Senators","OTT","2","Edmonton Oilers","EDM","5",
"1992-11-03","Quebec Nordiques","QUE","3","Hartford Whalers","HAR","3",
"1992-11-03","New York Islanders","NYI","0","Pittsburgh Penguins","PIT","2",
"1992-11-03","St. Louis Blues","STL","4","Tampa Bay Lightning","TBL","6",
"1992-11-03","Chicago Blackhawks","CHI","1","Washington Capitals","WSH","4","at Indianapolis, IN"
"1992-11-04","Montreal Canadiens","MTL","4","Detroit Red Wings","DET","3",
"1992-11-04","Philadelphia Flyers","PHI","1","New York Rangers","NYR","3",
"1992-11-04","Calgary Flames","CGY","5","Vancouver Canucks","VAN","5",
"1992-11-05","Quebec Nordiques","QUE","4","Boston Bruins","BOS","6",
"1992-11-05","Ottawa Senators","OTT","4","Calgary Flames","CGY","8",
"1992-11-05","Toronto Maple Leafs","TOR","0","Chicago Blackhawks","CHI","1",
"1992-11-05","New Jersey Devils","NJD","2","Los Angeles Kings","LAK","5",
"1992-11-05","New York Islanders","NYI","0","Minnesota North Stars","MNS","3",
"1992-11-05","St. Louis Blues","STL","4","Pittsburgh Penguins","PIT","8",
"1992-11-05","Buffalo Sabres","BUF","5","San Jose Sharks","SJS","7",
"1992-11-06","Hartford Whalers","HAR","2","Detroit Red Wings","DET","5",
"1992-11-06","Ottawa Senators","OTT","1","Vancouver Canucks","VAN","4",
"1992-11-06","Edmonton Oilers","EDM","6","Winnipeg Jets","WIN","1",
"1992-11-06","Tampa Bay Lightning","TBL","2","Washington Capitals","WSH","2",
"1992-11-07","New York Rangers","NYR","2","Boston Bruins","BOS","2",
"1992-11-07","Washington Capitals","WSH","6","Hartford Whalers","HAR","2",
"1992-11-07","Buffalo Sabres","BUF","2","Los Angeles Kings","LAK","5",
"1992-11-07","Edmonton Oilers","EDM","2","Minnesota North Stars","MNS","2",
"1992-11-07","Detroit Red Wings","DET","1","Montreal Canadiens","MTL","5",
"1992-11-07","Tampa Bay Lightning","TBL","6","New York Islanders","NYI","5",
"1992-11-07","St. Louis Blues","STL","2","Philadelphia Flyers","PHI","4",
"1992-11-07","Chicago Blackhawks","CHI","7","Quebec Nordiques","QUE","4",
"1992-11-07","New Jersey Devils","NJD","6","San Jose Sharks","SJS","1",
"1992-11-07","Pittsburgh Penguins","PIT","2","Toronto Maple Leafs","TOR","4",
"1992-11-08","Pittsburgh Penguins","PIT","2","Chicago Blackhawks","CHI","7",
"1992-11-08","Calgary Flames","CGY","5","Quebec Nordiques","QUE","5",
"1992-11-08","Los Angeles Kings","LAK","11","San Jose Sharks","SJS","4",
"1992-11-08","Winnipeg Jets","WIN","1","Vancouver Canucks","VAN","6",
"1992-11-09","Calgary Flames","CGY","2","Montreal Canadiens","MTL","5",
"1992-11-09","Tampa Bay Lightning","TBL","5","New York Rangers","NYR","1",
"1992-11-09","Toronto Maple Leafs","TOR","3","Ottawa Senators","OTT","1",
"1992-11-10","Pittsburgh Penguins","PIT","4","Minnesota North Stars","MNS","1",
"1992-11-10","Edmonton Oilers","EDM","4","St. Louis Blues","STL","4",
"1992-11-10","San Jose Sharks","SJS","2","Vancouver Canucks","VAN","6",
"1992-11-10","Los Angeles Kings","LAK","4","Winnipeg Jets","WIN","4",
"1992-11-11","Boston Bruins","BOS","2","Buffalo Sabres","BUF","7",
"1992-11-11","Calgary Flames","CGY","4","Hartford Whalers","HAR","3",
"1992-11-11","Montreal Canadiens","MTL","8","New Jersey Devils","NJD","3",
"1992-11-11","Washington Capitals","WSH","7","New York Rangers","NYR","4",
"1992-11-11","Quebec Nordiques","QUE","7","Ottawa Senators","OTT","3",
"1992-11-11","Detroit Red Wings","DET","4","Tampa Bay Lightning","TBL","6",
"1992-11-12","Calgary Flames","CGY","3","Boston Bruins","BOS","5",
"1992-11-12","St. Louis Blues","STL","0","Chicago Blackhawks","CHI","1",
"1992-11-12","Vancouver Canucks","VAN","4","Los Angeles Kings","LAK","7",
"1992-11-12","Winnipeg Jets","WIN","7","Minnesota North Stars","MNS","2",
"1992-11-12","New York Islanders","NYI","5","Philadelphia Flyers","PHI","8",
"1992-11-12","Quebec Nordiques","QUE","4","Pittsburgh Penguins","PIT","4",
"1992-11-12","Edmonton Oilers","EDM","4","San Jose Sharks","SJS","3",
"1992-11-13","Hartford Whalers","HAR","2","Buffalo Sabres","BUF","8",
"1992-11-13","Pittsburgh Penguins","PIT","0","Detroit Red Wings","DET","8",
"1992-11-13","Washington Capitals","WSH","0","New Jersey Devils","NJD","3",
"1992-11-13","Ottawa Senators","OTT","0","Tampa Bay Lightning","TBL","1",
"1992-11-14","Toronto Maple Leafs","TOR","4","Boston Bruins","BOS","1",
"1992-11-14","Detroit Red Wings","DET","2","Hartford Whalers","HAR","0",
"1992-11-14","Edmonton Oilers","EDM","2","Los Angeles Kings","LAK","6",
"1992-11-14","Chicago Blackhawks","CHI","0","Minnesota North Stars","MNS","3",
"1992-11-14","Philadelphia Flyers","PHI","4","Montreal Canadiens","MTL","3",
"1992-11-14","Buffalo Sabres","BUF","5","New York Islanders","NYI","7",
"1992-11-14","New York Rangers","NYR","3","Quebec Nordiques","QUE","6",
"1992-11-14","Vancouver Canucks","VAN","5","San Jose Sharks","SJS","2",
"1992-11-14","Winnipeg Jets","WIN","2","St. Louis Blues","STL","4",
"1992-11-14","Calgary Flames","CGY","5","Tampa Bay Lightning","TBL","3",
"1992-11-14","New Jersey Devils","NJD","4","Washington Capitals","WSH","3",
"1992-11-15","Minnesota North Stars","MNS","1","Chicago Blackhawks","CHI","2",
"1992-11-15","Ottawa Senators","OTT","2","Philadelphia Flyers","PHI","7",
"1992-11-16","Boston Bruins","BOS","3","Montreal Canadiens","MTL","6",
"1992-11-16","St. Louis Blues","STL","2","Toronto Maple Leafs","TOR","2",
"1992-11-16","Los Angeles Kings","LAK","3","Vancouver Canucks","VAN","6",
"1992-11-17","Chicago Blackhawks","CHI","4","Detroit Red Wings","DET","5",
"1992-11-17","Montreal Canadiens","MTL","5","Ottawa Senators","OTT","3",
"1992-11-17","Buffalo Sabres","BUF","2","Pittsburgh Penguins","PIT","4",
"1992-11-17","Toronto Maple Leafs","TOR","1","Quebec Nordiques","QUE","3","at Hamilton, ON"
"1992-11-17","Los Angeles Kings","LAK","0","San Jose Sharks","SJS","6",
"1992-11-17","Winnipeg Jets","WIN","6","Tampa Bay Lightning","TBL","5",
"1992-11-18","Vancouver Canucks","VAN","2","Edmonton Oilers","EDM","4",
"1992-11-18","St. Louis Blues","STL","2","Hartford Whalers","HAR","5",
"1992-11-18","Buffalo Sabres","BUF","2","New Jersey Devils","NJD","3","at Hamilton, ON"
"1992-11-18","Minnesota North Stars","MNS","5","Washington Capitals","WSH","4",
"1992-11-19","New York Islanders","NYI","2","Boston Bruins","BOS","5",
"1992-11-19","Vancouver Canucks","VAN","3","Calgary Flames","CGY","4",
"1992-11-19","Winnipeg Jets","WIN","5","Detroit Red Wings","DET","3",
"1992-11-19","Chicago Blackhawks","CHI","1","Los Angeles Kings","LAK","4",
"1992-11-19","Hartford Whalers","HAR","4","Ottawa Senators","OTT","2",
"1992-11-19","New York Rangers","NYR","3","Philadelphia Flyers","PHI","7",
"1992-11-19","Montreal Canadiens","MTL","3","Quebec Nordiques","QUE","4",
"1992-11-19","Toronto Maple Leafs","TOR","2","San Jose Sharks","SJS","0",
"1992-11-19","Minnesota North Stars","MNS","4","Tampa Bay Lightning","TBL","1",
"1992-11-20","Pittsburgh Penguins","PIT","4","New Jersey Devils","NJD","1",
"1992-11-20","Detroit Red Wings","DET","7","Washington Capitals","WSH","5",
"1992-11-21","Philadelphia Flyers","PHI","3","Boston Bruins","BOS","4",
"1992-11-21","Minnesota North Stars","MNS","4","Buffalo Sabres","BUF","3",
"1992-11-21","New York Islanders","NYI","4","Calgary Flames","CGY","3",
"1992-11-21","Toronto Maple Leafs","TOR","4","Los Angeles Kings","LAK","6",
"1992-11-21","Ottawa Senators","OTT","1","Montreal Canadiens","MTL","3",
"1992-11-21","New Jersey Devils","NJD","0","Pittsburgh Penguins","PIT","2",
"1992-11-21","Hartford Whalers","HAR","2","Quebec Nordiques","QUE","8",
"1992-11-21","Chicago Blackhawks","CHI","2","San Jose Sharks","SJS","1",
"1992-11-21","Tampa Bay Lightning","TBL","2","St. Louis Blues","STL","4",
"1992-11-21","Edmonton Oilers","EDM","0","Vancouver Canucks","VAN","9",
"1992-11-21","New York Rangers","NYR","5","Winnipeg Jets","WIN","4",
"1992-11-22","New York Islanders","NYI","5","Edmonton Oilers","EDM","5",
"1992-11-22","Buffalo Sabres","BUF","4","Philadelphia Flyers","PHI","4",
"1992-11-22","Washington Capitals","WSH","6","Quebec Nordiques","QUE","4",
"1992-11-23","Tampa Bay Lightning","TBL","5","Detroit Red Wings","DET","10",
"1992-11-23","Washington Capitals","WSH","1","Montreal Canadiens","MTL","1",
"1992-11-23","Pittsburgh Penguins","PIT","5","New York Rangers","NYR","2",
"1992-11-23","Boston Bruins","BOS","3","Ottawa Senators","OTT","2",
"1992-11-23","Chicago Blackhawks","CHI","2","Vancouver Canucks","VAN","5",
"1992-11-24","Tampa Bay Lightning","TBL","3","Toronto Maple Leafs","TOR","2",
"1992-11-24","New York Islanders","NYI","3","Winnipeg Jets","WIN","3",
"1992-11-25","Quebec Nordiques","QUE","1","Buffalo Sabres","BUF","1",
"1992-11-25","San Jose Sharks","SJS","4","Calgary Flames","CGY","3",
"1992-11-25","St. Louis Blues","STL","6","Detroit Red Wings","DET","11",
"1992-11-25","Los Angeles Kings","LAK","3","Edmonton Oilers","EDM","1",
"1992-11-25","Montreal Canadiens","MTL","6","Hartford Whalers","HAR","1",
"1992-11-25","Vancouver Canucks","VAN","4","Minnesota North Stars","MNS","2",
"1992-11-25","New Jersey Devils","NJD","1","Ottawa Senators","OTT","3",
"1992-11-25","New York Rangers","NYR","11","Pittsburgh Penguins","PIT","3",
"1992-11-25","Boston Bruins","BOS","2","Washington Capitals","WSH","6",
"1992-11-26","Vancouver Canucks","VAN","5","St. Louis Blues","STL","7",
"1992-11-26","Quebec Nordiques","QUE","5","Toronto Maple Leafs","TOR","4",
"1992-11-27","Hartford Whalers","HAR","4","Boston Bruins","BOS","5",
"1992-11-27","Ottawa Senators","OTT","1","Buffalo Sabres","BUF","4",
"1992-11-27","Tampa Bay Lightning","TBL","2","Calgary Flames","CGY","3",
"1992-11-27","Los Angeles Kings","LAK","5","Detroit Red Wings","DET","3",
"1992-11-27","Chicago Blackhawks","CHI","8","Edmonton Oilers","EDM","1",
"1992-11-27","New York Rangers","NYR","4","Minnesota North Stars","MNS","4",
"1992-11-27","New York Islanders","NYI","3","Philadelphia Flyers","PHI","6",
"1992-11-27","San Jose Sharks","SJS","2","Winnipeg Jets","WIN","3",
"1992-11-27","Pittsburgh Penguins","PIT","4","Washington Capitals","WSH","6",
"1992-11-28","Chicago Blackhawks","CHI","5","Calgary Flames","CGY","2",
"1992-11-28","Tampa Bay Lightning","TBL","3","Edmonton Oilers","EDM","4",
"1992-11-28","Boston Bruins","BOS","3","Hartford Whalers","HAR","4",
"1992-11-28","San Jose Sharks","SJS","3","Minnesota North Stars","MNS","10",
"1992-11-28","Vancouver Canucks","VAN","6","Montreal Canadiens","MTL","5",
"1992-11-28","Philadelphia Flyers","PHI","3","New York Islanders","NYI","9",
"1992-11-28","Washington Capitals","WSH","3","Pittsburgh Penguins","PIT","5",
"1992-11-28","New Jersey Devils","NJD","6","Quebec Nordiques","QUE","3",
"1992-11-28","Detroit Red Wings","DET","2","St. Louis Blues","STL","2",
"1992-11-28","Los Angeles Kings","LAK","2","Toronto Maple Leafs","TOR","3",
"1992-11-29","Buffalo Sabres","BUF","5","Ottawa Senators","OTT","2",
"1992-11-30","Washington Capitals","WSH","4","Detroit Red Wings","DET","1",
"1992-11-30","Buffalo Sabres","BUF","0","Montreal Canadiens","MTL","3",
"1992-11-30","Minnesota North Stars","MNS","4","New York Rangers","NYR","2",
"1992-11-30","Boston Bruins","BOS","4","Quebec Nordiques","QUE","3",
"1992-12-01","Los Angeles Kings","LAK","6","Chicago Blackhawks","CHI","3","at Milwaukee, WI"
"1992-12-01","Toronto Maple Leafs","TOR","3","New Jersey Devils","NJD","8",
"1992-12-01","Pittsburgh Penguins","PIT","7","New York Islanders","NYI","3",
"1992-12-01","Minnesota North Stars","MNS","3","Ottawa Senators","OTT","1",
"1992-12-01","Edmonton Oilers","EDM","3","San Jose Sharks","SJS","1",
"1992-12-01","Hartford Whalers","HAR","4","St. Louis Blues","STL","8",
"1992-12-02","Winnipeg Jets","WIN","3","Calgary Flames","CGY","3",
"1992-12-02","Detroit Red Wings","DET","3","New York Rangers","NYR","5",
"1992-12-03","Montreal Canadiens","MTL","3","Boston Bruins","BOS","4",
"1992-12-03","Toronto Maple Leafs","TOR","3","Chicago Blackhawks","CHI","4",
"1992-12-03","Minnesota North Stars","MNS","4","Detroit Red Wings","DET","2",
"1992-12-03","Pittsburgh Penguins","PIT","3","Los Angeles Kings","LAK","5",
"1992-12-03","New Jersey Devils","NJD","3","Ottawa Senators","OTT","3",
"1992-12-03","Quebec Nordiques","QUE","2","Philadelphia Flyers","PHI","3",
"1992-12-03","Hartford Whalers","HAR","7","San Jose Sharks","SJS","5",
"1992-12-03","Edmonton Oilers","EDM","1","Vancouver Canucks","VAN","4",
"1992-12-04","New York Islanders","NYI","5","Buffalo Sabres","BUF","5",
"1992-12-04","St. Louis Blues","STL","3","Calgary Flames","CGY","5",
"1992-12-04","New York Rangers","NYR","4","Washington Capitals","WSH","8",
"1992-12-05","St. Louis Blues","STL","5","Edmonton Oilers","EDM","1",
"1992-12-05","Hartford Whalers","HAR","3","Los Angeles Kings","LAK","7",
"1992-12-05","Boston Bruins","BOS","4","New Jersey Devils","NJD","2",
"1992-12-05","Washington Capitals","WSH","5","New York Islanders","NYI","3",
"1992-12-05","Philadelphia Flyers","PHI","2","Ottawa Senators","OTT","3",
"1992-12-05","Minnesota North Stars","MNS","7","Quebec Nordiques","QUE","4",
"1992-12-05","Pittsburgh Penguins","PIT","9","San Jose Sharks","SJS","4",
"1992-12-05","Detroit Red Wings","DET","9","Tampa Bay Lightning","TBL","7",
"1992-12-05","Chicago Blackhawks","CHI","2","Toronto Maple Leafs","TOR","2",
"1992-12-05","Montreal Canadiens","MTL","3","Winnipeg Jets","WIN","2",
"1992-12-06","New Jersey Devils","NJD","7","Buffalo Sabres","BUF","3",
"1992-12-06","Montreal Canadiens","MTL","0","Chicago Blackhawks","CHI","2",
"1992-12-06","Toronto Maple Leafs","TOR","0","New York Rangers","NYR","6",
"1992-12-06","Boston Bruins","BOS","7","Philadelphia Flyers","PHI","1",
"1992-12-07","Edmonton Oilers","EDM","3","Calgary Flames","CGY","6",
"1992-12-07","Washington Capitals","WSH","6","Ottawa Senators","OTT","5",
"1992-12-07","Buffalo Sabres","BUF","3","Quebec Nordiques","QUE","4",
"1992-12-07","New York Islanders","NYI","6","Tampa Bay Lightning","TBL","1",
"1992-12-07","St. Louis Blues","STL","3","Vancouver Canucks","VAN","4",
"1992-12-08","Chicago Blackhawks","CHI","3","Detroit Red Wings","DET","2",
"1992-12-08","Calgary Flames","CGY","1","Edmonton Oilers","EDM","3",
"1992-12-08","Montreal Canadiens","MTL","5","Los Angeles Kings","LAK","5","at Phoenix, AZ"
"1992-12-08","Winnipeg Jets","WIN","2","Pittsburgh Penguins","PIT","5",
"1992-12-09","Boston Bruins","BOS","2","Buffalo Sabres","BUF","5",
"1992-12-09","Ottawa Senators","OTT","2","Hartford Whalers","HAR","6",
"1992-12-09","Washington Capitals","WSH","6","New Jersey Devils","NJD","2",
"1992-12-09","Tampa Bay Lightning","TBL","5","New York Rangers","NYR","6","at Miami, FL"
"1992-12-09","Detroit Red Wings","DET","3","Toronto Maple Leafs","TOR","5",
"1992-12-09","San Jose Sharks","SJS","3","Vancouver Canucks","VAN","8",
"1992-12-10","Ottawa Senators","OTT","2","Boston Bruins","BOS","4",
"1992-12-10","New York Islanders","NYI","3","Chicago Blackhawks","CHI","5",
"1992-12-10","Quebec Nordiques","QUE","5","Los Angeles Kings","LAK","4",
"1992-12-10","Edmonton Oilers","EDM","3","Minnesota North Stars","MNS","2",
"1992-12-10","St. Louis Blues","STL","3","San Jose Sharks","SJS","2",
"1992-12-11","Hartford Whalers","HAR","3","Buffalo Sabres","BUF","9",
"1992-12-11","Philadelphia Flyers","PHI","2","Detroit Red Wings","DET","4",
"1992-12-11","Pittsburgh Penguins","PIT","1","New Jersey Devils","NJD","2",
"1992-12-11","New York Rangers","NYR","5","Tampa Bay Lightning","TBL","4",
"1992-12-11","Calgary Flames","CGY","6","Toronto Maple Leafs","TOR","3",
"1992-12-11","Winnipeg Jets","WIN","6","Washington Capitals","WSH","8",
"1992-12-12","Buffalo Sabres","BUF","1","Hartford Whalers","HAR","1",
"1992-12-12","St. Louis Blues","STL","3","Los Angeles Kings","LAK","6",
"1992-12-12","Chicago Blackhawks","CHI","3","Minnesota North Stars","MNS","0",
"1992-12-12","Boston Bruins","BOS","1","Montreal Canadiens","MTL","5",
"1992-12-12","Winnipeg Jets","WIN","4","New York Islanders","NYI","3",
"1992-12-12","Calgary Flames","CGY","1","Ottawa Senators","OTT","1",
"1992-12-12","Washington Capitals","WSH","5","Philadelphia Flyers","PHI","2",
"1992-12-12","New Jersey Devils","NJD","5","Pittsburgh Penguins","PIT","6",
"1992-12-12","Quebec Nordiques","QUE","8","San Jose Sharks","SJS","7",
"1992-12-12","Edmonton Oilers","EDM","1","Tampa Bay Lightning","TBL","3",
"1992-12-13","Edmonton Oilers","EDM","1","New York Islanders","NYI","4","at Oklahoma City, OK"
"1992-12-13","Montreal Canadiens","MTL","5","New York Rangers","NYR","10",
"1992-12-13","Quebec Nordiques","QUE","3","Vancouver Canucks","VAN","3",
"1992-12-14","Calgary Flames","CGY","3","Detroit Red Wings","DET","0",
"1992-12-15","Buffalo Sabres","BUF","3","Boston Bruins","BOS","2",
"1992-12-15","Tampa Bay Lightning","TBL","3","Los Angeles Kings","LAK","2",
"1992-12-15","Toronto Maple Leafs","TOR","5","Minnesota North Stars","MNS","6",
"1992-12-15","Calgary Flames","CGY","3","New York Rangers","NYR","0",
"1992-12-15","Detroit Red Wings","DET","3","Ottawa Senators","OTT","2",
"1992-12-15","Philadelphia Flyers","PHI","2","Pittsburgh Penguins","PIT","6",
"1992-12-15","New York Islanders","NYI","4","St. Louis Blues","STL","3","at Dallas, TX"
"1992-12-15","New Jersey Devils","NJD","3","Winnipeg Jets","WIN","4",
"1992-12-16","Vancouver Canucks","VAN","2","Edmonton Oilers","EDM","4",
"1992-12-16","Washington Capitals","WSH","3","Hartford Whalers","HAR","6",
"1992-12-16","Quebec Nordiques","QUE","5","Montreal Canadiens","MTL","1",
"1992-12-16","Tampa Bay Lightning","TBL","5","San Jose Sharks","SJS","4",
"1992-12-17","Winnipeg Jets","WIN","1","Chicago Blackhawks","CHI","5",
"1992-12-17","Ottawa Senators","OTT","3","New York Islanders","NYI","9",
"1992-12-17","Pittsburgh Penguins","PIT","5","Philadelphia Flyers","PHI","4",
"1992-12-17","Montreal Canadiens","MTL","8","Quebec Nordiques","QUE","3",
"1992-12-17","New York Rangers","NYR","4","St. Louis Blues","STL","3",
"1992-12-18","Boston Bruins","BOS","1","Detroit Red Wings","DET","6",
"1992-12-18","Los Angeles Kings","LAK","5","Edmonton Oilers","EDM","5",
"1992-12-18","New Jersey Devils","NJD","2","Tampa Bay Lightning","TBL","0",
"1992-12-18","San Jose Sharks","SJS","1","Vancouver Canucks","VAN","8",
"1992-12-18","Hartford Whalers","HAR","3","Washington Capitals","WSH","4",
"1992-12-19","Washington Capitals","WSH","3","Boston Bruins","BOS","4",
"1992-12-19","Los Angeles Kings","LAK","3","Calgary Flames","CGY","5",
"1992-12-19","New York Rangers","NYR","4","Hartford Whalers","HAR","4",
"1992-12-19","Detroit Red Wings","DET","3","Minnesota North Stars","MNS","3",
"1992-12-19","Buffalo Sabres","BUF","2","Montreal Canadiens","MTL","4",
"1992-12-19","Chicago Blackhawks","CHI","1","Philadelphia Flyers","PHI","3",
"1992-12-19","New York Islanders","NYI","4","Pittsburgh Penguins","PIT","3",
"1992-12-19","Vancouver Canucks","VAN","6","San Jose Sharks","SJS","3",
"1992-12-19","Winnipeg Jets","WIN","1","St. Louis Blues","STL","0",
"1992-12-19","Ottawa Senators","OTT","1","Toronto Maple Leafs","TOR","5",
"1992-12-20","Toronto Maple Leafs","TOR","4","Buffalo Sabres","BUF","5",
"1992-12-20","Minnesota North Stars","MNS","0","Chicago Blackhawks","CHI","4",
"1992-12-20","New York Islanders","NYI","3","Quebec Nordiques","QUE","5",
"1992-12-20","Philadelphia Flyers","PHI","1","Tampa Bay Lightning","TBL","4",
"1992-12-21","Edmonton Oilers","EDM","2","Calgary Flames","CGY","3",
"1992-12-21","Hartford Whalers","HAR","5","Montreal Canadiens","MTL","2",
"1992-12-21","New York Rangers","NYR","3","New Jersey Devils","NJD","0",
"1992-12-21","Washington Capitals","WSH","4","Ottawa Senators","OTT","3",
"1992-12-21","Quebec Nordiques","QUE","4","Pittsburgh Penguins","PIT","7",
"1992-12-21","San Jose Sharks","SJS","4","Winnipeg Jets","WIN","5",
"1992-12-22","Tampa Bay Lightning","TBL","3","Boston Bruins","BOS","5",
"1992-12-22","Toronto Maple Leafs","TOR","4","Detroit Red Wings","DET","4",
"1992-12-22","Vancouver Canucks","VAN","6","Los Angeles Kings","LAK","2",
"1992-12-22","St. Louis Blues","STL","2","Minnesota North Stars","MNS","2",
"1992-12-23","Washington Capitals","WSH","1","Buffalo Sabres","BUF","4",
"1992-12-23","San Jose Sharks","SJS","2","Edmonton Oilers","EDM","4",
"1992-12-23","Tampa Bay Lightning","TBL","1","Hartford Whalers","HAR","3",
"1992-12-23","New York Islanders","NYI","6","Montreal Canadiens","MTL","2",
"1992-12-23","New Jersey Devils","NJD","5","New York Rangers","NYR","4",
"1992-12-23","Chicago Blackhawks","CHI","4","Ottawa Senators","OTT","2",
"1992-12-23","Pittsburgh Penguins","PIT","4","Philadelphia Flyers","PHI","0",
"1992-12-23","Calgary Flames","CGY","4","Winnipeg Jets","WIN","3",
"1992-12-26","St. Louis Blues","STL","3","Chicago Blackhawks","CHI","2",
"1992-12-26","Boston Bruins","BOS","9","Hartford Whalers","HAR","4",
"1992-12-26","Winnipeg Jets","WIN","4","Minnesota North Stars","MNS","5",
"1992-12-26","New York Rangers","NYR","4","New York Islanders","NYI","6",
"1992-12-26","Ottawa Senators","OTT","2","Quebec Nordiques","QUE","4",
"1992-12-26","Los Angeles Kings","LAK","2","San Jose Sharks","SJS","7",
"1992-12-26","Detroit Red Wings","DET","5","Toronto Maple Leafs","TOR","1",
"1992-12-26","Philadelphia Flyers","PHI","5","Washington Capitals","WSH","5",
"1992-12-27","Pittsburgh Penguins","PIT","4","Buffalo Sabres","BUF","2",
"1992-12-27","Detroit Red Wings","DET","4","Chicago Blackhawks","CHI","0",
"1992-12-27","Calgary Flames","CGY","7","Edmonton Oilers","EDM","3",
"1992-12-27","Hartford Whalers","HAR","2","New Jersey Devils","NJD","6",
"1992-12-27","Boston Bruins","BOS","5","New York Rangers","NYR","6",
"1992-12-27","Quebec Nordiques","QUE","6","Ottawa Senators","OTT","1",
"1992-12-27","Toronto Maple Leafs","TOR","6","St. Louis Blues","STL","3",
"1992-12-27","Montreal Canadiens","MTL","2","Vancouver Canucks","VAN","5",
"1992-12-27","Minnesota North Stars","MNS","4","Winnipeg Jets","WIN","7",
"1992-12-29","Chicago Blackhawks","CHI","6","Detroit Red Wings","DET","3",
"1992-12-29","Montreal Canadiens","MTL","6","Edmonton Oilers","EDM","3",
"1992-12-29","Philadelphia Flyers","PHI","10","Los Angeles Kings","LAK","2",
"1992-12-29","Toronto Maple Leafs","TOR","3","New York Islanders","NYI","2",
"1992-12-29","New Jersey Devils","NJD","1","Quebec Nordiques","QUE","4",
"1992-12-29","San Jose Sharks","SJS","5","Vancouver Canucks","VAN","7",
"1992-12-29","Boston Bruins","BOS","4","Winnipeg Jets","WIN","5",
"1992-12-29","New York Rangers","NYR","3","Washington Capitals","WSH","4",
"1992-12-30","Philadelphia Flyers","PHI","6","San Jose Sharks","SJS","2",
"1992-12-31","New York Rangers","NYR","6","Buffalo Sabres","BUF","11",
"1992-12-31","Montreal Canadiens","MTL","3","Calgary Flames","CGY","5",
"1992-12-31","Tampa Bay Lightning","TBL","0","Chicago Blackhawks","CHI","5",
"1992-12-31","Ottawa Senators","OTT","4","Detroit Red Wings","DET","5",
"1992-12-31","Quebec Nordiques","QUE","6","Hartford Whalers","HAR","2",
"1992-12-31","Boston Bruins","BOS","3","Minnesota North Stars","MNS","5",
"1992-12-31","Toronto Maple Leafs","TOR","3","Pittsburgh Penguins","PIT","3",
"1992-12-31","New York Islanders","NYI","1","St. Louis Blues","STL","5",
"1992-12-31","Los Angeles Kings","LAK","0","Vancouver Canucks","VAN","4",
"1992-12-31","Edmonton Oilers","EDM","2","Winnipeg Jets","WIN","3",
"1993-01-01","New Jersey Devils","NJD","2","Washington Capitals","WSH","9",
"1993-01-02","Hartford Whalers","HAR","2","Boston Bruins","BOS","3",
"1993-01-02","Philadelphia Flyers","PHI","3","Calgary Flames","CGY","7",
"1993-01-02","Tampa Bay Lightning","TBL","1","Edmonton Oilers","EDM","2",
"1993-01-02","Montreal Canadiens","MTL","5","Los Angeles Kings","LAK","5",
"1993-01-02","Winnipeg Jets","WIN","2","New Jersey Devils","NJD","2",
"1993-01-02","Minnesota North Stars","MNS","2","New York Islanders","NYI","3",
"1993-01-02","Buffalo Sabres","BUF","7","Ottawa Senators","OTT","2",
"1993-01-02","New York Rangers","NYR","2","Pittsburgh Penguins","PIT","5",
"1993-01-02","Detroit Red Wings","DET","6","Quebec Nordiques","QUE","2",
"1993-01-02","Vancouver Canucks","VAN","2","San Jose Sharks","SJS","2",
"1993-01-02","St. Louis Blues","STL","2","Toronto Maple Leafs","TOR","2",
"1993-01-02","Chicago Blackhawks","CHI","2","Washington Capitals","WSH","2",
"1993-01-03","St. Louis Blues","STL","5","Buffalo Sabres","BUF","6",
"1993-01-03","Winnipeg Jets","WIN","1","Chicago Blackhawks","CHI","4",
"1993-01-03","Philadelphia Flyers","PHI","2","Edmonton Oilers","EDM","2",
"1993-01-03","Minnesota North Stars","MNS","6","Hartford Whalers","HAR","6",
"1993-01-04","Toronto Maple Leafs","TOR","4","Detroit Red Wings","DET","2",
"1993-01-04","San Jose Sharks","SJS","1","Montreal Canadiens","MTL","4","at Sacramento, CA"
"1993-01-04","New Jersey Devils","NJD","3","New York Rangers","NYR","3",
"1993-01-04","Tampa Bay Lightning","TBL","0","Vancouver Canucks","VAN","7",
"1993-01-05","Winnipeg Jets","WIN","4","Calgary Flames","CGY","2",
"1993-01-05","Quebec Nordiques","QUE","2","New York Islanders","NYI","1",
"1993-01-05","Boston Bruins","BOS","2","Pittsburgh Penguins","PIT","6",
"1993-01-05","Montreal Canadiens","MTL","2","San Jose Sharks","SJS","1",
"1993-01-05","Edmonton Oilers","EDM","1","St. Louis Blues","STL","6",
"1993-01-06","Buffalo Sabres","BUF","3","Hartford Whalers","HAR","1",
"1993-01-06","Tampa Bay Lightning","TBL","6","Los Angeles Kings","LAK","3",
"1993-01-06","Minnesota North Stars","MNS","1","New Jersey Devils","NJD","5",
"1993-01-06","Ottawa Senators","OTT","2","New York Rangers","NYR","6",
"1993-01-06","Vancouver Canucks","VAN","5","Toronto Maple Leafs","TOR","2",
"1993-01-07","Quebec Nordiques","QUE","3","Boston Bruins","BOS","2",
"1993-01-07","Edmonton Oilers","EDM","3","Chicago Blackhawks","CHI","3",
"1993-01-07","Washington Capitals","WSH","2","Philadelphia Flyers","PHI","8",
"1993-01-07","Minnesota North Stars","MNS","6","Pittsburgh Penguins","PIT","3",
"1993-01-07","Calgary Flames","CGY","2","St. Louis Blues","STL","3",
"1993-01-08","New York Islanders","NYI","5","Buffalo Sabres","BUF","6",
"1993-01-08","Vancouver Canucks","VAN","3","Detroit Red Wings","DET","6",
"1993-01-08","Ottawa Senators","OTT","4","New Jersey Devils","NJD","6",
"1993-01-08","San Jose Sharks","SJS","1","Toronto Maple Leafs","TOR","5",
"1993-01-08","Los Angeles Kings","LAK","3","Winnipeg Jets","WIN","6",
"1993-01-09","New Jersey Devils","NJD","6","Boston Bruins","BOS","2",
"1993-01-09","Quebec Nordiques","QUE","2","Hartford Whalers","HAR","4",
"1993-01-09","Tampa Bay Lightning","TBL","4","Minnesota North Stars","MNS","6",
"1993-01-09","Toronto Maple Leafs","TOR","5","Montreal Canadiens","MTL","4",
"1993-01-09","Vancouver Canucks","VAN","5","New York Islanders","NYI","4",
"1993-01-09","New York Rangers","NYR","3","Philadelphia Flyers","PHI","4",
"1993-01-09","Calgary Flames","CGY","2","Pittsburgh Penguins","PIT","3",
"1993-01-09","Chicago Blackhawks","CHI","1","St. Louis Blues","STL","4",
"1993-01-09","Edmonton Oilers","EDM","3","Washington Capitals","WSH","4",
"1993-01-10","Calgary Flames","CGY","3","Buffalo Sabres","BUF","5",
"1993-01-10","Los Angeles Kings","LAK","5","Chicago Blackhawks","CHI","4",
"1993-01-10","Montreal Canadiens","MTL","7","Hartford Whalers","HAR","5",
"1993-01-10","San Jose Sharks","SJS","2","Ottawa Senators","OTT","3",
"1993-01-10","Edmonton Oilers","EDM","0","Philadelphia Flyers","PHI","4",
"1993-01-10","Pittsburgh Penguins","PIT","2","Winnipeg Jets","WIN","3",
"1993-01-11","St. Louis Blues","STL","1","Detroit Red Wings","DET","0",
"1993-01-11","Vancouver Canucks","VAN","3","New York Rangers","NYR","3",
"1993-01-11","Tampa Bay Lightning","TBL","2","Toronto Maple Leafs","TOR","4",
"1993-01-12","Buffalo Sabres","BUF","2","Boston Bruins","BOS","5",
"1993-01-12","Chicago Blackhawks","CHI","3","Minnesota North Stars","MNS","1",
"1993-01-12","Vancouver Canucks","VAN","2","New Jersey Devils","NJD","3",
"1993-01-12","Calgary Flames","CGY","2","New York Islanders","NYI","8",
"1993-01-12","Los Angeles Kings","LAK","3","Ottawa Senators","OTT","2",
"1993-01-12","San Jose Sharks","SJS","1","Winnipeg Jets","WIN","4",
"1993-01-13","Tampa Bay Lightning","TBL","3","Detroit Red Wings","DET","5",
"1993-01-13","Winnipeg Jets","WIN","4","Edmonton Oilers","EDM","1",
"1993-01-13","Hartford Whalers","HAR","3","Montreal Canadiens","MTL","7",
"1993-01-13","Washington Capitals","WSH","4","New York Rangers","NYR","5",
"1993-01-13","St. Louis Blues","STL","3","Toronto Maple Leafs","TOR","4",
"1993-01-14","Pittsburgh Penguins","PIT","0","Boston Bruins","BOS","7",
"1993-01-14","Minnesota North Stars","MNS","1","Chicago Blackhawks","CHI","3",
"1993-01-14","Los Angeles Kings","LAK","1","New Jersey Devils","NJD","7",
"1993-01-14","Washington Capitals","WSH","3","New York Islanders","NYI","0",
"1993-01-14","St. Louis Blues","STL","4","Ottawa Senators","OTT","1",
"1993-01-14","Calgary Flames","CGY","4","Philadelphia Flyers","PHI","4",
"1993-01-14","Montreal Canadiens","MTL","5","Quebec Nordiques","QUE","3",
"1993-01-15","San Jose Sharks","SJS","3","Detroit Red Wings","DET","6",
"1993-01-15","Hartford Whalers","HAR","1","Edmonton Oilers","EDM","3",
"1993-01-15","Buffalo Sabres","BUF","1","Vancouver Canucks","VAN","4",
"1993-01-16","Philadelphia Flyers","PHI","5","Boston Bruins","BOS","4",
"1993-01-16","Winnipeg Jets","WIN","5","Los Angeles Kings","LAK","2",
"1993-01-16","Calgary Flames","CGY","3","Minnesota North Stars","MNS","4",
"1993-01-16","New York Rangers","NYR","0","Montreal Canadiens","MTL","3",
"1993-01-16","New York Islanders","NYI","5","New Jersey Devils","NJD","3",
"1993-01-16","Ottawa Senators","OTT","1","Pittsburgh Penguins","PIT","6",
"1993-01-16","San Jose Sharks","SJS","1","Quebec Nordiques","QUE","4",
"1993-01-16","St. Louis Blues","STL","5","Tampa Bay Lightning","TBL","3",
"1993-01-16","Chicago Blackhawks","CHI","5","Toronto Maple Leafs","TOR","3",
"1993-01-16","Hartford Whalers","HAR","3","Vancouver Canucks","VAN","8",
"1993-01-17","Toronto Maple Leafs","TOR","3","Chicago Blackhawks","CHI","5",
"1993-01-17","Buffalo Sabres","BUF","2","Edmonton Oilers","EDM","3",
"1993-01-17","New York Islanders","NYI","7","Ottawa Senators","OTT","2",
"1993-01-17","Detroit Red Wings","DET","7","Philadelphia Flyers","PHI","4",
"1993-01-17","Washington Capitals","WSH","5","Tampa Bay Lightning","TBL","3",
"1993-01-18","San Jose Sharks","SJS","3","Boston Bruins","BOS","4",
"1993-01-18","Hartford Whalers","HAR","7","Winnipeg Jets","WIN","8","at Saskatoon, SK"
"1993-01-19","Buffalo Sabres","BUF","3","Calgary Flames","CGY","2",
"1993-01-19","New York Rangers","NYR","2","Detroit Red Wings","DET","2",
"1993-01-19","Los Angeles Kings","LAK","5","Edmonton Oilers","EDM","4",
"1993-01-19","Boston Bruins","BOS","2","New York Islanders","NYI","2",
"1993-01-19","Quebec Nordiques","QUE","5","Ottawa Senators","OTT","2",
"1993-01-19","Toronto Maple Leafs","TOR","5","St. Louis Blues","STL","1",
"1993-01-19","Minnesota North Stars","MNS","4","Tampa Bay Lightning","TBL","2",
"1993-01-19","Pittsburgh Penguins","PIT","5","Vancouver Canucks","VAN","2",
"1993-01-19","Chicago Blackhawks","CHI","2","Winnipeg Jets","WIN","5",
"1993-01-20","New Jersey Devils","NJD","2","Montreal Canadiens","MTL","3",
"1993-01-21","Washington Capitals","WSH","2","Chicago Blackhawks","CHI","6",
"1993-01-21","St. Louis Blues","STL","3","Detroit Red Wings","DET","5",
"1993-01-21","San Jose Sharks","SJS","2","Hartford Whalers","HAR","4",
"1993-01-21","Vancouver Canucks","VAN","5","Los Angeles Kings","LAK","4",
"1993-01-21","Ottawa Senators","OTT","2","Minnesota North Stars","MNS","7",
"1993-01-21","Boston Bruins","BOS","5","Philadelphia Flyers","PHI","4",
"1993-01-21","Toronto Maple Leafs","TOR","6","Tampa Bay Lightning","TBL","1",
"1993-01-22","Quebec Nordiques","QUE","2","Buffalo Sabres","BUF","6",
"1993-01-22","Winnipeg Jets","WIN","4","Calgary Flames","CGY","4",
"1993-01-22","Pittsburgh Penguins","PIT","1","Edmonton Oilers","EDM","2",
"1993-01-22","Montreal Canadiens","MTL","2","New Jersey Devils","NJD","6",
"1993-01-23","New Jersey Devils","NJD","5","Boston Bruins","BOS","7",
"1993-01-23","Pittsburgh Penguins","PIT","4","Calgary Flames","CGY","3",
"1993-01-23","Chicago Blackhawks","CHI","6","Hartford Whalers","HAR","2",
"1993-01-23","New York Rangers","NYR","8","Los Angeles Kings","LAK","3",
"1993-01-23","Vancouver Canucks","VAN","3","Minnesota North Stars","MNS","3",
"1993-01-23","Philadelphia Flyers","PHI","4","New York Islanders","NYI","8",
"1993-01-23","Buffalo Sabres","BUF","3","Quebec Nordiques","QUE","4",
"1993-01-23","Detroit Red Wings","DET","3","St. Louis Blues","STL","4",
"1993-01-23","San Jose Sharks","SJS","1","Tampa Bay Lightning","TBL","5",
"1993-01-23","Montreal Canadiens","MTL","0","Toronto Maple Leafs","TOR","4",
"1993-01-23","Edmonton Oilers","EDM","5","Winnipeg Jets","WIN","8",
"1993-01-23","Ottawa Senators","OTT","4","Washington Capitals","WSH","6",
"1993-01-24","Vancouver Canucks","VAN","2","Chicago Blackhawks","CHI","6",
"1993-01-24","Hartford Whalers","HAR","4","Philadelphia Flyers","PHI","5",
"1993-01-24","Minnesota North Stars","MNS","2","Tampa Bay Lightning","TBL","2",
"1993-01-25","Boston Bruins","BOS","2","Montreal Canadiens","MTL","3",
"1993-01-26","Detroit Red Wings","DET","9","Calgary Flames","CGY","1",
"1993-01-26","San Jose Sharks","SJS","1","Los Angeles Kings","LAK","7",
"1993-01-26","New Jersey Devils","NJD","2","New York Islanders","NYI","8",
"1993-01-26","Buffalo Sabres","BUF","4","Philadelphia Flyers","PHI","3",
"1993-01-26","Washington Capitals","WSH","3","Pittsburgh Penguins","PIT","6",
"1993-01-26","Boston Bruins","BOS","4","Quebec Nordiques","QUE","4",
"1993-01-26","Ottawa Senators","OTT","1","St. Louis Blues","STL","5",
"1993-01-26","Minnesota North Stars","MNS","2","Toronto Maple Leafs","TOR","1",
"1993-01-27","Washington Capitals","WSH","3","Buffalo Sabres","BUF","4",
"1993-01-27","Detroit Red Wings","DET","2","Edmonton Oilers","EDM","2",
"1993-01-27","Hartford Whalers","HAR","6","Montreal Canadiens","MTL","5",
"1993-01-27","Winnipeg Jets","WIN","2","New York Rangers","NYR","5",
"1993-01-27","Chicago Blackhawks","CHI","4","Vancouver Canucks","VAN","4",
"1993-01-28","Winnipeg Jets","WIN","2","Boston Bruins","BOS","6",
"1993-01-28","Calgary Flames","CGY","2","Los Angeles Kings","LAK","1",
"1993-01-28","New Jersey Devils","NJD","2","Minnesota North Stars","MNS","4",
"1993-01-28","Hartford Whalers","HAR","2","Ottawa Senators","OTT","5",
"1993-01-28","Quebec Nordiques","QUE","6","Philadelphia Flyers","PHI","3",
"1993-01-28","New York Islanders","NYI","5","Pittsburgh Penguins","PIT","2",
"1993-01-28","St. Louis Blues","STL","4","Tampa Bay Lightning","TBL","2",
"1993-01-29","New York Rangers","NYR","4","Buffalo Sabres","BUF","6",
"1993-01-29","Chicago Blackhawks","CHI","4","San Jose Sharks","SJS","2",
"1993-01-29","Quebec Nordiques","QUE","3","Washington Capitals","WSH","3",
"1993-01-30","Winnipeg Jets","WIN","6","Hartford Whalers","HAR","3",
"1993-01-30","Chicago Blackhawks","CHI","2","Los Angeles Kings","LAK","2",
"1993-01-30","Tampa Bay Lightning","TBL","4","Minnesota North Stars","MNS","3",
"1993-01-30","Ottawa Senators","OTT","3","Montreal Canadiens","MTL","5",
"1993-01-30","Boston Bruins","BOS","6","New York Islanders","NYI","5",
"1993-01-30","Philadelphia Flyers","PHI","2","Pittsburgh Penguins","PIT","4",
"1993-01-30","Calgary Flames","CGY","5","San Jose Sharks","SJS","4",
"1993-01-30","New Jersey Devils","NJD","2","St. Louis Blues","STL","2",
"1993-01-30","New York Rangers","NYR","1","Toronto Maple Leafs","TOR","3",
"1993-01-30","Detroit Red Wings","DET","4","Vancouver Canucks","VAN","4",
"1993-01-31","Edmonton Oilers","EDM","5","Buffalo Sabres","BUF","4",
"1993-01-31","Philadelphia Flyers","PHI","4","Montreal Canadiens","MTL","6",
"1993-01-31","Pittsburgh Penguins","PIT","2","Washington Capitals","WSH","2",
"1993-02-01","New York Rangers","NYR","4","New York Islanders","NYI","4",
"1993-02-01","Winnipeg Jets","WIN","4","Ottawa Senators","OTT","4",
"1993-02-01","Tampa Bay Lightning","TBL","5","San Jose Sharks","SJS","4",
"1993-02-01","Toronto Maple Leafs","TOR","1","St. Louis Blues","STL","1",
"1993-02-01","Minnesota North Stars","MNS","5","Vancouver Canucks","VAN","4",
"1993-02-02","Edmonton Oilers","EDM","4","Boston Bruins","BOS","3",
"1993-02-02","Los Angeles Kings","LAK","2","Quebec Nordiques","QUE","3",
"1993-02-02","Calgary Flames","CGY","6","Washington Capitals","WSH","4",
"1993-02-03","Hartford Whalers","HAR","2","Buffalo Sabres","BUF","3",
"1993-02-03","Chicago Blackhawks","CHI","0","Detroit Red Wings","DET","5",
"1993-02-03","Los Angeles Kings","LAK","2","Montreal Canadiens","MTL","7",
"1993-02-03","Calgary Flames","CGY","5","New Jersey Devils","NJD","4",
"1993-02-03","Philadelphia Flyers","PHI","2","New York Rangers","NYR","2",
"1993-02-03","Edmonton Oilers","EDM","2","Ottawa Senators","OTT","3",
"1993-02-03","Boston Bruins","BOS","4","Quebec Nordiques","QUE","1",
"1993-02-03","Minnesota North Stars","MNS","7","San Jose Sharks","SJS","3",
"1993-02-03","New York Islanders","NYI","3","Toronto Maple Leafs","TOR","2",
"1993-02-03","Tampa Bay Lightning","TBL","2","Vancouver Canucks","VAN","4",
"1993-02-03","St. Louis Blues","STL","4","Winnipeg Jets","WIN","2",
"1993-02-08","St. Louis Blues","STL","3","Hartford Whalers","HAR","1","at Birmingham, AL"
"1993-02-08","New York Rangers","NYR","4","New Jersey Devils","NJD","5",
"1993-02-08","Buffalo Sabres","BUF","2","Ottawa Senators","OTT","4",
"1993-02-08","Boston Bruins","BOS","0","Pittsburgh Penguins","PIT","4","at Atlanta, GA"
"1993-02-09","New Jersey Devils","NJD","5","Detroit Red Wings","DET","8",
"1993-02-09","Edmonton Oilers","EDM","6","Los Angeles Kings","LAK","3",
"1993-02-09","Washington Capitals","WSH","3","Minnesota North Stars","MNS","2",
"1993-02-09","Montreal Canadiens","MTL","5","New York Islanders","NYI","3",
"1993-02-09","Ottawa Senators","OTT","1","Philadelphia Flyers","PHI","8",
"1993-02-09","Vancouver Canucks","VAN","5","Quebec Nordiques","QUE","1",
"1993-02-09","Boston Bruins","BOS","6","St. Louis Blues","STL","1",
"1993-02-09","Toronto Maple Leafs","TOR","1","Tampa Bay Lightning","TBL","3",
"1993-02-10","San Jose Sharks","SJS","1","Calgary Flames","CGY","13",
"1993-02-10","Pittsburgh Penguins","PIT","3","New York Rangers","NYR","0",
"1993-02-10","Buffalo Sabres","BUF","6","Winnipeg Jets","WIN","2",
"1993-02-11","Boston Bruins","BOS","3","Chicago Blackhawks","CHI","6",
"1993-02-11","Detroit Red Wings","DET","6","Los Angeles Kings","LAK","6",
"1993-02-11","Montreal Canadiens","MTL","0","Philadelphia Flyers","PHI","0",
"1993-02-11","Washington Capitals","WSH","10","St. Louis Blues","STL","6",
"1993-02-11","Minnesota North Stars","MNS","1","Tampa Bay Lightning","TBL","0",
"1993-02-11","Vancouver Canucks","VAN","2","Toronto Maple Leafs","TOR","5",
"1993-02-12","Vancouver Canucks","VAN","3","Buffalo Sabres","BUF","1",
"1993-02-12","Quebec Nordiques","QUE","4","Calgary Flames","CGY","4",
"1993-02-12","San Jose Sharks","SJS","0","Edmonton Oilers","EDM","6",
"1993-02-12","New York Islanders","NYI","3","New York Rangers","NYR","4",
"1993-02-12","Hartford Whalers","HAR","6","Winnipeg Jets","WIN","2",
"1993-02-13","Hartford Whalers","HAR","3","Calgary Flames","CGY","4",
"1993-02-13","Washington Capitals","WSH","10","Los Angeles Kings","LAK","3",
"1993-02-13","Philadelphia Flyers","PHI","4","New Jersey Devils","NJD","6",
"1993-02-13","New York Rangers","NYR","2","New York Islanders","NYI","5",
"1993-02-13","Montreal Canadiens","MTL","4","Ottawa Senators","OTT","1",
"1993-02-13","Chicago Blackhawks","CHI","1","Pittsburgh Penguins","PIT","4",
"1993-02-13","Detroit Red Wings","DET","3","St. Louis Blues","STL","4",
"1993-02-13","Minnesota North Stars","MNS","1","Toronto Maple Leafs","TOR","6",
"1993-02-14","Pittsburgh Penguins","PIT","4","Buffalo Sabres","BUF","7",
"1993-02-14","Detroit Red Wings","DET","5","Chicago Blackhawks","CHI","3",
"1993-02-14","Quebec Nordiques","QUE","3","Edmonton Oilers","EDM","2",
"1993-02-14","Toronto Maple Leafs","TOR","6","Minnesota North Stars","MNS","5",
"1993-02-14","New Jersey Devils","NJD","5","Philadelphia Flyers","PHI","2",
"1993-02-14","Boston Bruins","BOS","3","Tampa Bay Lightning","TBL","3",
"1993-02-14","San Jose Sharks","SJS","3","Winnipeg Jets","WIN","2",
"1993-02-15","Vancouver Canucks","VAN","0","Los Angeles Kings","LAK","3",
"1993-02-15","St. Louis Blues","STL","1","New York Rangers","NYR","4",
"1993-02-16","Philadelphia Flyers","PHI","4","Calgary Flames","CGY","4","at Cincinnati, OH"
"1993-02-16","Edmonton Oilers","EDM","2","New York Islanders","NYI","7",
"1993-02-16","Washington Capitals","WSH","4","San Jose Sharks","SJS","3",
"1993-02-17","Tampa Bay Lightning","TBL","1","Detroit Red Wings","DET","3",
"1993-02-17","Buffalo Sabres","BUF","5","Hartford Whalers","HAR","3",
"1993-02-17","Los Angeles Kings","LAK","10","Minnesota North Stars","MNS","5",
"1993-02-17","Boston Bruins","BOS","5","Montreal Canadiens","MTL","2",
"1993-02-17","St. Louis Blues","STL","3","New Jersey Devils","NJD","4",
"1993-02-17","Ottawa Senators","OTT","4","Quebec Nordiques","QUE","6",
"1993-02-17","Calgary Flames","CGY","2","Toronto Maple Leafs","TOR","4",
"1993-02-18","Los Angeles Kings","LAK","2","Chicago Blackhawks","CHI","7",
"1993-02-18","St. Louis Blues","STL","4","New York Islanders","NYI","2",
"1993-02-18","Edmonton Oilers","EDM","5","Pittsburgh Penguins","PIT","4",
"1993-02-18","Winnipeg Jets","WIN","3","San Jose Sharks","SJS","5",
"1993-02-18","Philadelphia Flyers","PHI","3","Vancouver Canucks","VAN","2",
"1993-02-19","Calgary Flames","CGY","3","Detroit Red Wings","DET","3",
"1993-02-19","Buffalo Sabres","BUF","3","New Jersey Devils","NJD","3",
"1993-02-19","Tampa Bay Lightning","TBL","1","Toronto Maple Leafs","TOR","4",
"1993-02-20","Edmonton Oilers","EDM","3","Hartford Whalers","HAR","7",
"1993-02-20","Philadelphia Flyers","PHI","2","Minnesota North Stars","MNS","5",
"1993-02-20","Ottawa Senators","OTT","4","Montreal Canadiens","MTL","5",
"1993-02-20","Pittsburgh Penguins","PIT","2","New York Islanders","NYI","4",
"1993-02-20","New York Rangers","NYR","6","San Jose Sharks","SJS","4",
"1993-02-20","Quebec Nordiques","QUE","5","Tampa Bay Lightning","TBL","2","at Halifax, NS"
"1993-02-20","Boston Bruins","BOS","4","Toronto Maple Leafs","TOR","4",
"1993-02-20","Winnipeg Jets","WIN","2","Vancouver Canucks","VAN","4",
"1993-02-20","Los Angeles Kings","LAK","3","Washington Capitals","WSH","7",
"1993-02-21","Calgary Flames","CGY","3","Chicago Blackhawks","CHI","4",
"1993-02-21","Pittsburgh Penguins","PIT","4","Hartford Whalers","HAR","3",
"1993-02-21","Detroit Red Wings","DET","4","Minnesota North Stars","MNS","1",
"1993-02-21","Edmonton Oilers","EDM","3","Montreal Canadiens","MTL","4",
"1993-02-21","Quebec Nordiques","QUE","6","New Jersey Devils","NJD","3",
"1993-02-21","St. Louis Blues","STL","2","Washington Capitals","WSH","5",
"1993-02-22","Detroit Red Wings","DET","5","Philadelphia Flyers","PHI","5","at Cleveland, OH"
"1993-02-22","New York Rangers","NYR","4","San Jose Sharks","SJS","0","at Sacramento, CA"
"1993-02-22","Los Angeles Kings","LAK","5","Tampa Bay Lightning","TBL","2",
"1993-02-22","Toronto Maple Leafs","TOR","8","Vancouver Canucks","VAN","1",
"1993-02-22","Ottawa Senators","OTT","3","Winnipeg Jets","WIN","6",
"1993-02-23","Washington Capitals","WSH","4","New York Islanders","NYI","2",
"1993-02-23","Winnipeg Jets","WIN","8","Ottawa Senators","OTT","2","at Saskatoon, SK"
"1993-02-23","New Jersey Devils","NJD","3","Pittsburgh Penguins","PIT","1",
"1993-02-23","Edmonton Oilers","EDM","3","Quebec Nordiques","QUE","6",
"1993-02-23","Calgary Flames","CGY","6","San Jose Sharks","SJS","3",
"1993-02-23","Montreal Canadiens","MTL","5","St. Louis Blues","STL","1",
"1993-02-24","Detroit Red Wings","DET","7","Buffalo Sabres","BUF","10",
"1993-02-24","Philadelphia Flyers","PHI","5","Hartford Whalers","HAR","2",
"1993-02-24","New York Rangers","NYR","4","Vancouver Canucks","VAN","5",
"1993-02-25","Minnesota North Stars","MNS","3","Boston Bruins","BOS","3",
"1993-02-25","Pittsburgh Penguins","PIT","1","Ottawa Senators","OTT","2",
"1993-02-25","New Jersey Devils","NJD","2","Philadelphia Flyers","PHI","6",
"1993-02-25","New York Islanders","NYI","4","Quebec Nordiques","QUE","6",
"1993-02-25","Toronto Maple Leafs","TOR","5","San Jose Sharks","SJS","0",
"1993-02-25","Los Angeles Kings","LAK","0","St. Louis Blues","STL","3",
"1993-02-25","Chicago Blackhawks","CHI","5","Tampa Bay Lightning","TBL","1",
"1993-02-26","Montreal Canadiens","MTL","6","Buffalo Sabres","BUF","4",
"1993-02-26","New York Rangers","NYR","4","Calgary Flames","CGY","4",
"1993-02-26","Vancouver Canucks","VAN","7","Winnipeg Jets","WIN","4",
"1993-02-27","Washington Capitals","WSH","4","Boston Bruins","BOS","5",
"1993-02-27","San Jose Sharks","SJS","4","Calgary Flames","CGY","5",
"1993-02-27","Chicago Blackhawks","CHI","2","Detroit Red Wings","DET","1",
"1993-02-27","New York Rangers","NYR","1","Edmonton Oilers","EDM","0",
"1993-02-27","Toronto Maple Leafs","TOR","5","Los Angeles Kings","LAK","2",
"1993-02-27","Buffalo Sabres","BUF","4","Montreal Canadiens","MTL","8",
"1993-02-27","Ottawa Senators","OTT","2","New Jersey Devils","NJD","5",
"1993-02-27","New York Islanders","NYI","3","Philadelphia Flyers","PHI","2",
"1993-02-27","Tampa Bay Lightning","TBL","3","Pittsburgh Penguins","PIT","3",
"1993-02-27","Hartford Whalers","HAR","5","Quebec Nordiques","QUE","3",
"1993-02-27","Minnesota North Stars","MNS","2","St. Louis Blues","STL","3",
"1993-02-28","St. Louis Blues","STL","7","Chicago Blackhawks","CHI","1",
"1993-02-28","San Jose Sharks","SJS","1","Edmonton Oilers","EDM","4",
"1993-02-28","New York Islanders","NYI","7","Hartford Whalers","HAR","6",
"1993-02-28","Detroit Red Wings","DET","3","New Jersey Devils","NJD","6",
"1993-02-28","Quebec Nordiques","QUE","4","Ottawa Senators","OTT","6",
"1993-02-28","Minnesota North Stars","MNS","6","Winnipeg Jets","WIN","7",
"1993-02-28","Pittsburgh Penguins","PIT","4","Washington Capitals","WSH","2",
"1993-03-01","Montreal Canadiens","MTL","5","Boston Bruins","BOS","2",
"1993-03-01","Vancouver Canucks","VAN","5","Buffalo Sabres","BUF","2","at Hamilton, ON"
"1993-03-02","Calgary Flames","CGY","2","Los Angeles Kings","LAK","6",
"1993-03-02","Detroit Red Wings","DET","2","New York Islanders","NYI","3",
"1993-03-02","Pittsburgh Penguins","PIT","4","Philadelphia Flyers","PHI","5",
"1993-03-02","Ottawa Senators","OTT","2","San Jose Sharks","SJS","3",
"1993-03-02","Quebec Nordiques","QUE","7","Winnipeg Jets","WIN","4",
"1993-03-02","Vancouver Canucks","VAN","3","Washington Capitals","WSH","3",
"1993-03-03","New Jersey Devils","NJD","7","Hartford Whalers","HAR","4",
"1993-03-03","Buffalo Sabres","BUF","2","New York Rangers","NYR","2",
"1993-03-03","Montreal Canadiens","MTL","1","Tampa Bay Lightning","TBL","3",
"1993-03-03","Minnesota North Stars","MNS","1","Toronto Maple Leafs","TOR","3",
"1993-03-04","Vancouver Canucks","VAN","3","Boston Bruins","BOS","4",
"1993-03-04","Quebec Nordiques","QUE","3","Chicago Blackhawks","CHI","3",
"1993-03-04","Winnipeg Jets","WIN","5","Edmonton Oilers","EDM","3",
"1993-03-04","Ottawa Senators","OTT","6","Los Angeles Kings","LAK","8",
"1993-03-04","Calgary Flames","CGY","1","St. Louis Blues","STL","2",
"1993-03-05","Hartford Whalers","HAR","4","Buffalo Sabres","BUF","2",
"1993-03-05","Toronto Maple Leafs","TOR","1","Detroit Red Wings","DET","5",
"1993-03-05","Chicago Blackhawks","CHI","1","New Jersey Devils","NJD","1",
"1993-03-05","Pittsburgh Penguins","PIT","1","New York Rangers","NYR","3",
"1993-03-05","Philadelphia Flyers","PHI","3","Washington Capitals","WSH","0",
"1993-03-06","St. Louis Blues","STL","3","Boston Bruins","BOS","4",
"1993-03-06","Vancouver Canucks","VAN","1","Hartford Whalers","HAR","5",
"1993-03-06","Edmonton Oilers","EDM","1","Los Angeles Kings","LAK","6",
"1993-03-06","Montreal Canadiens","MTL","3","Minnesota North Stars","MNS","4",
"1993-03-06","New York Rangers","NYR","2","Quebec Nordiques","QUE","10",
"1993-03-06","Calgary Flames","CGY","4","Tampa Bay Lightning","TBL","7",
"1993-03-06","Winnipeg Jets","WIN","2","Toronto Maple Leafs","TOR","4",
"1993-03-07","Winnipeg Jets","WIN","1","Buffalo Sabres","BUF","2",
"1993-03-07","Ottawa Senators","OTT","2","Chicago Blackhawks","CHI","4",
"1993-03-07","Detroit Red Wings","DET","7","Minnesota North Stars","MNS","1",
"1993-03-07","Philadelphia Flyers","PHI","3","New Jersey Devils","NJD","7",
"1993-03-07","Edmonton Oilers","EDM","3","San Jose Sharks","SJS","6",
"1993-03-07","New York Islanders","NYI","3","Washington Capitals","WSH","2",
"1993-03-08","Hartford Whalers","HAR","4","Quebec Nordiques","QUE","2",
"1993-03-09","San Jose Sharks","SJS","2","Minnesota North Stars","MNS","4",
"1993-03-09","Philadelphia Flyers","PHI","2","New York Islanders","NYI","4",
"1993-03-09","Los Angeles Kings","LAK","3","New York Rangers","NYR","4",
"1993-03-09","Boston Bruins","BOS","2","Pittsburgh Penguins","PIT","3",
"1993-03-09","Winnipeg Jets","WIN","4","Tampa Bay Lightning","TBL","2",
"1993-03-09","New Jersey Devils","NJD","2","Vancouver Canucks","VAN","7",
"1993-03-09","Toronto Maple Leafs","TOR","1","Washington Capitals","WSH","3",
"1993-03-10","Detroit Red Wings","DET","6","Edmonton Oilers","EDM","3",
"1993-03-10","New York Islanders","NYI","1","Montreal Canadiens","MTL","5",
"1993-03-10","Buffalo Sabres","BUF","7","Quebec Nordiques","QUE","4",
"1993-03-10","Hartford Whalers","HAR","3","Toronto Maple Leafs","TOR","5",
"1993-03-11","Montreal Canadiens","MTL","2","Boston Bruins","BOS","5",
"1993-03-11","Detroit Red Wings","DET","3","Calgary Flames","CGY","6",
"1993-03-11","New York Rangers","NYR","4","Chicago Blackhawks","CHI","1",
"1993-03-11","Washington Capitals","WSH","4","Philadelphia Flyers","PHI","6",
"1993-03-11","Los Angeles Kings","LAK","3","Pittsburgh Penguins","PIT","4",
"1993-03-11","San Jose Sharks","SJS","2","St. Louis Blues","STL","5",
"1993-03-11","Minnesota North Stars","MNS","4","Vancouver Canucks","VAN","3","at Saskatoon, SK"
"1993-03-12","New Jersey Devils","NJD","4","Edmonton Oilers","EDM","6",
"1993-03-12","Tampa Bay Lightning","TBL","2","Toronto Maple Leafs","TOR","8",
"1993-03-12","Vancouver Canucks","VAN","3","Winnipeg Jets","WIN","2",
"1993-03-13","Ottawa Senators","OTT","3","Boston Bruins","BOS","6",
"1993-03-13","New Jersey Devils","NJD","3","Calgary Flames","CGY","4",
"1993-03-13","Buffalo Sabres","BUF","3","Hartford Whalers","HAR","3",
"1993-03-13","Quebec Nordiques","QUE","5","Montreal Canadiens","MTL","2",
"1993-03-13","Minnesota North Stars","MNS","2","St. Louis Blues","STL","6",
"1993-03-14","Vancouver Canucks","VAN","2","Calgary Flames","CGY","3",
"1993-03-14","Chicago Blackhawks","CHI","5","Edmonton Oilers","EDM","4",
"1993-03-14","St. Louis Blues","STL","3","Minnesota North Stars","MNS","1",
"1993-03-14","Pittsburgh Penguins","PIT","3","New York Islanders","NYI","2",
"1993-03-14","Detroit Red Wings","DET","4","San Jose Sharks","SJS","1",
"1993-03-14","Tampa Bay Lightning","TBL","1","Winnipeg Jets","WIN","3",
"1993-03-15","Los Angeles Kings","LAK","4","Buffalo Sabres","BUF","2",
"1993-03-15","Boston Bruins","BOS","3","New York Rangers","NYR","1",
"1993-03-15","Toronto Maple Leafs","TOR","2","Quebec Nordiques","QUE","4",
"1993-03-16","New Jersey Devils","NJD","1","Boston Bruins","BOS","3","at Providence, RI"
"1993-03-16","Chicago Blackhawks","CHI","1","Calgary Flames","CGY","0",
"1993-03-16","Washington Capitals","WSH","4","Detroit Red Wings","DET","2","at Milwaukee, WI"
"1993-03-16","Winnipeg Jets","WIN","4","Los Angeles Kings","LAK","8",
"1993-03-16","Minnesota North Stars","MNS","3","Philadelphia Flyers","PHI","4",
"1993-03-16","New York Islanders","NYI","6","San Jose Sharks","SJS","0",
"1993-03-16","Buffalo Sabres","BUF","2","St. Louis Blues","STL","2",
"1993-03-16","Hartford Whalers","HAR","4","Tampa Bay Lightning","TBL","3",
"1993-03-17","Edmonton Oilers","EDM","4","New York Rangers","NYR","3",
"1993-03-18","Minnesota North Stars","MNS","1","Detroit Red Wings","DET","5",
"1993-03-18","New York Islanders","NYI","4","Los Angeles Kings","LAK","7",
"1993-03-18","Edmonton Oilers","EDM","1","New Jersey Devils","NJD","5",
"1993-03-18","Boston Bruins","BOS","4","Ottawa Senators","OTT","1",
"1993-03-18","Washington Capitals","WSH","5","Pittsburgh Penguins","PIT","7",
"1993-03-18","Montreal Canadiens","MTL","5","Quebec Nordiques","QUE","2",
"1993-03-18","Toronto Maple Leafs","TOR","4","Tampa Bay Lightning","TBL","2",
"1993-03-18","Winnipeg Jets","WIN","5","Vancouver Canucks","VAN","2",
"1993-03-19","San Jose Sharks","SJS","1","New York Rangers","NYR","8",
"1993-03-19","Hartford Whalers","HAR","2","Washington Capitals","WSH","5",
"1993-03-20","Detroit Red Wings","DET","7","Boston Bruins","BOS","4",
"1993-03-20","St. Louis Blues","STL","2","Los Angeles Kings","LAK","3",
"1993-03-20","Chicago Blackhawks","CHI","2","Montreal Canadiens","MTL","6",
"1993-03-20","Quebec Nordiques","QUE","5","New Jersey Devils","NJD","1",
"1993-03-20","Philadelphia Flyers","PHI","3","Pittsburgh Penguins","PIT","9",
"1993-03-20","Buffalo Sabres","BUF","3","Tampa Bay Lightning","TBL","1",
"1993-03-20","Edmonton Oilers","EDM","2","Toronto Maple Leafs","TOR","4",
"1993-03-20","New York Islanders","NYI","7","Vancouver Canucks","VAN","2",
"1993-03-21","Tampa Bay Lightning","TBL","2","Chicago Blackhawks","CHI","3",
"1993-03-21","Pittsburgh Penguins","PIT","6","Edmonton Oilers","EDM","4","at Cleveland, OH"
"1993-03-21","Detroit Red Wings","DET","6","Minnesota North Stars","MNS","2",
"1993-03-21","New Jersey Devils","NJD","3","Philadelphia Flyers","PHI","2",
"1993-03-21","Calgary Flames","CGY","2","Winnipeg Jets","WIN","4",
"1993-03-21","San Jose Sharks","SJS","3","Washington Capitals","WSH","5",
"1993-03-22","Hartford Whalers","HAR","4","Boston Bruins","BOS","5",
"1993-03-22","Buffalo Sabres","BUF","8","Montreal Canadiens","MTL","3",
"1993-03-22","New York Rangers","NYR","5","Ottawa Senators","OTT","4",
"1993-03-22","St. Louis Blues","STL","3","Vancouver Canucks","VAN","1",
"1993-03-23","New York Islanders","NYI","2","Detroit Red Wings","DET","3",
"1993-03-23","Tampa Bay Lightning","TBL","3","New Jersey Devils","NJD","9",
"1993-03-23","San Jose Sharks","SJS","2","Pittsburgh Penguins","PIT","7",
"1993-03-23","Toronto Maple Leafs","TOR","5","Winnipeg Jets","WIN","4",
"1993-03-23","Quebec Nordiques","QUE","1","Washington Capitals","WSH","5",
"1993-03-24","Boston Bruins","BOS","2","Buffalo Sabres","BUF","0",
"1993-03-24","St. Louis Blues","STL","4","Calgary Flames","CGY","2",
"1993-03-24","Montreal Canadiens","MTL","6","Hartford Whalers","HAR","5",
"1993-03-24","Philadelphia Flyers","PHI","5","New York Rangers","NYR","4",
"1993-03-24","Los Angeles Kings","LAK","2","Vancouver Canucks","VAN","6",
"1993-03-25","Montreal Canadiens","MTL","0","Boston Bruins","BOS","2",
"1993-03-25","Buffalo Sabres","BUF","6","Chicago Blackhawks","CHI","4",
"1993-03-25","Toronto Maple Leafs","TOR","3","Minnesota North Stars","MNS","3",
"1993-03-25","Washington Capitals","WSH","5","New York Islanders","NYI","2",
"1993-03-25","Tampa Bay Lightning","TBL","3","Ottawa Senators","OTT","2",
"1993-03-25","San Jose Sharks","SJS","2","Philadelphia Flyers","PHI","5",
"1993-03-25","New Jersey Devils","NJD","3","Pittsburgh Penguins","PIT","4",
"1993-03-26","Los Angeles Kings","LAK","4","Edmonton Oilers","EDM","1",
"1993-03-26","Chicago Blackhawks","CHI","3","New York Rangers","NYR","1",
"1993-03-26","Calgary Flames","CGY","3","Vancouver Canucks","VAN","1",
"1993-03-26","St. Louis Blues","STL","2","Winnipeg Jets","WIN","4",
"1993-03-27","Pittsburgh Penguins","PIT","5","Boston Bruins","BOS","3",
"1993-03-27","Toronto Maple Leafs","TOR","6","Edmonton Oilers","EDM","2",
"1993-03-27","Hartford Whalers","HAR","2","Minnesota North Stars","MNS","1",
"1993-03-27","Ottawa Senators","OTT","3","Montreal Canadiens","MTL","4",
"1993-03-27","San Jose Sharks","SJS","3","New York Islanders","NYI","7",
"1993-03-27","Philadelphia Flyers","PHI","3","Quebec Nordiques","QUE","8",
"1993-03-27","Detroit Red Wings","DET","8","Tampa Bay Lightning","TBL","3",
"1993-03-27","New Jersey Devils","NJD","5","Washington Capitals","WSH","2",
"1993-03-28","Ottawa Senators","OTT","1","Buffalo Sabres","BUF","3",
"1993-03-28","Toronto Maple Leafs","TOR","4","Calgary Flames","CGY","0",
"1993-03-28","Hartford Whalers","HAR","0","Chicago Blackhawks","CHI","3",
"1993-03-28","Quebec Nordiques","QUE","3","New York Rangers","NYR","2",
"1993-03-28","Los Angeles Kings","LAK","3","Winnipeg Jets","WIN","3",
"1993-03-28","Pittsburgh Penguins","PIT","4","Washington Capitals","WSH","1",
"1993-03-29","Los Angeles Kings","LAK","9","Detroit Red Wings","DET","3",
"1993-03-29","San Jose Sharks","SJS","0","New Jersey Devils","NJD","5",
"1993-03-30","Winnipeg Jets","WIN","5","Calgary Flames","CGY","4",
"1993-03-30","Boston Bruins","BOS","3","Hartford Whalers","HAR","1",
"1993-03-30","Philadelphia Flyers","PHI","1","New York Islanders","NYI","2",
"1993-03-30","Ottawa Senators","OTT","4","Pittsburgh Penguins","PIT","6",
"1993-03-30","Vancouver Canucks","VAN","6","St. Louis Blues","STL","3",
"1993-03-30","Buffalo Sabres","BUF","1","Washington Capitals","WSH","4",
"1993-03-31","New Jersey Devils","NJD","2","Buffalo Sabres","BUF","5",
"1993-03-31","Minnesota North Stars","MNS","2","Edmonton Oilers","EDM","5",
"1993-03-31","Quebec Nordiques","QUE","6","Montreal Canadiens","MTL","2",
"1993-03-31","Los Angeles Kings","LAK","5","Toronto Maple Leafs","TOR","5",
"1993-04-01","Minnesota North Stars","MNS","3","Calgary Flames","CGY","5",
"1993-04-01","Detroit Red Wings","DET","3","Chicago Blackhawks","CHI","1",
"1993-04-01","Quebec Nordiques","QUE","4","Ottawa Senators","OTT","2",
"1993-04-01","Los Angeles Kings","LAK","3","Philadelphia Flyers","PHI","1",
"1993-04-01","Hartford Whalers","HAR","2","Pittsburgh Penguins","PIT","10",
"1993-04-01","Winnipeg Jets","WIN","9","San Jose Sharks","SJS","5",
"1993-04-01","Vancouver Canucks","VAN","5","Tampa Bay Lightning","TBL","3",
"1993-04-02","New York Islanders","NYI","3","New York Rangers","NYR","2",
"1993-04-02","Montreal Canadiens","MTL","0","Washington Capitals","WSH","4",
"1993-04-03","Buffalo Sabres","BUF","2","Boston Bruins","BOS","3",
"1993-04-03","Vancouver Canucks","VAN","1","Detroit Red Wings","DET","5",
"1993-04-03","Winnipeg Jets","WIN","6","Edmonton Oilers","EDM","4",
"1993-04-03","Ottawa Senators","OTT","3","Hartford Whalers","HAR","7",
"1993-04-03","Minnesota North Stars","MNS","3","Los Angeles Kings","LAK","0",
"1993-04-03","Montreal Canadiens","MTL","3","New York Islanders","NYI","2",
"1993-04-03","Tampa Bay Lightning","TBL","2","Philadelphia Flyers","PHI","6",
"1993-04-03","Pittsburgh Penguins","PIT","5","Quebec Nordiques","QUE","3",
"1993-04-03","Calgary Flames","CGY","3","San Jose Sharks","SJS","2",
"1993-04-03","Chicago Blackhawks","CHI","3","St. Louis Blues","STL","3",
"1993-04-03","New Jersey Devils","NJD","0","Toronto Maple Leafs","TOR","1",
"1993-04-04","Boston Bruins","BOS","3","Buffalo Sabres","BUF","0",
"1993-04-04","St. Louis Blues","STL","4","Chicago Blackhawks","CHI","5",
"1993-04-04","Pittsburgh Penguins","PIT","5","New Jersey Devils","NJD","2",
"1993-04-04","Vancouver Canucks","VAN","3","Ottawa Senators","OTT","0",
"1993-04-04","Toronto Maple Leafs","TOR","0","Philadelphia Flyers","PHI","4",
"1993-04-04","Calgary Flames","CGY","4","San Jose Sharks","SJS","3",
"1993-04-04","New York Rangers","NYR","4","Washington Capitals","WSH","0",
"1993-04-05","Hartford Whalers","HAR","5","New York Rangers","NYR","4",
"1993-04-06","Calgary Flames","CGY","3","Los Angeles Kings","LAK","3",
"1993-04-06","Buffalo Sabres","BUF","1","Minnesota North Stars","MNS","3",
"1993-04-06","Boston Bruins","BOS","7","Quebec Nordiques","QUE","1",
"1993-04-06","Edmonton Oilers","EDM","2","San Jose Sharks","SJS","5",
"1993-04-06","St. Louis Blues","STL","2","Tampa Bay Lightning","TBL","2",
"1993-04-06","Philadelphia Flyers","PHI","4","Winnipeg Jets","WIN","2",
"1993-04-06","New York Islanders","NYI","3","Washington Capitals","WSH","2",
"1993-04-07","New York Rangers","NYR","2","New Jersey Devils","NJD","5",
"1993-04-07","Hartford Whalers","HAR","6","Ottawa Senators","OTT","1",
"1993-04-07","Montreal Canadiens","MTL","3","Pittsburgh Penguins","PIT","4",
"1993-04-07","Edmonton Oilers","EDM","4","Vancouver Canucks","VAN","5",
"1993-04-08","Quebec Nordiques","QUE","2","Boston Bruins","BOS","6",
"1993-04-08","San Jose Sharks","SJS","1","Los Angeles Kings","LAK","2",
"1993-04-08","Chicago Blackhawks","CHI","3","New York Islanders","NYI","2",
"1993-04-08","Washington Capitals","WSH","3","Philadelphia Flyers","PHI","4",
"1993-04-08","Detroit Red Wings","DET","9","Tampa Bay Lightning","TBL","1",
"1993-04-08","Toronto Maple Leafs","TOR","3","Winnipeg Jets","WIN","5",
"1993-04-09","Vancouver Canucks","VAN","1","Calgary Flames","CGY","8",
"1993-04-09","Pittsburgh Penguins","PIT","10","New York Rangers","NYR","4",
"1993-04-10","Buffalo Sabres","BUF","5","Detroit Red Wings","DET","6",
"1993-04-10","St. Louis Blues","STL","3","Minnesota North Stars","MNS","4",
"1993-04-10","Boston Bruins","BOS","5","Montreal Canadiens","MTL","1",
"1993-04-10","Ottawa Senators","OTT","5","New York Islanders","NYI","3",
"1993-04-10","New York Rangers","NYR","2","Pittsburgh Penguins","PIT","4",
"1993-04-10","Hartford Whalers","HAR","3","Quebec Nordiques","QUE","6",
"1993-04-10","Los Angeles Kings","LAK","3","San Jose Sharks","SJS","2",
"1993-04-10","Chicago Blackhawks","CHI","4","Tampa Bay Lightning","TBL","2",
"1993-04-10","Philadelphia Flyers","PHI","4","Toronto Maple Leafs","TOR","0",
"1993-04-10","New Jersey Devils","NJD","5","Washington Capitals","WSH","3",
"1993-04-11","Ottawa Senators","OTT","2","Boston Bruins","BOS","4",
"1993-04-11","Quebec Nordiques","QUE","3","Buffalo Sabres","BUF","1",
"1993-04-11","Tampa Bay Lightning","TBL","3","Chicago Blackhawks","CHI","3",
"1993-04-11","Winnipeg Jets","WIN","7","Edmonton Oilers","EDM","5",
"1993-04-11","Toronto Maple Leafs","TOR","4","Hartford Whalers","HAR","2",
"1993-04-11","New York Islanders","NYI","5","New Jersey Devils","NJD","4",
"1993-04-11","Minnesota North Stars","MNS","1","St. Louis Blues","STL","5",
"1993-04-11","Calgary Flames","CGY","3","Vancouver Canucks","VAN","6",
"1993-04-12","Washington Capitals","WSH","3","Montreal Canadiens","MTL","2",
"1993-04-12","New York Rangers","NYR","0","Philadelphia Flyers","PHI","1",
"1993-04-13","Montreal Canadiens","MTL","3","Buffalo Sabres","BUF","2",
"1993-04-13","Calgary Flames","CGY","4","Edmonton Oilers","EDM","2",
"1993-04-13","Chicago Blackhawks","CHI","3","Minnesota North Stars","MNS","2",
"1993-04-13","Hartford Whalers","HAR","3","New York Islanders","NYI","3",
"1993-04-13","Ottawa Senators","OTT","2","Quebec Nordiques","QUE","6",
"1993-04-13","St. Louis Blues","STL","1","Toronto Maple Leafs","TOR","2",
"1993-04-13","Los Angeles Kings","LAK","4","Vancouver Canucks","VAN","7",
"1993-04-13","Tampa Bay Lightning","TBL","5","Winnipeg Jets","WIN","3",
"1993-04-14","New York Islanders","NYI","4","Hartford Whalers","HAR","5",
"1993-04-14","Pittsburgh Penguins","PIT","6","New Jersey Devils","NJD","6",
"1993-04-14","Washington Capitals","WSH","2","New York Rangers","NYR","0",
"1993-04-14","Boston Bruins","BOS","4","Ottawa Senators","OTT","2",
"1993-04-15","Philadelphia Flyers","PHI","7","Buffalo Sabres","BUF","4",
"1993-04-15","San Jose Sharks","SJS","3","Calgary Flames","CGY","7",
"1993-04-15","Toronto Maple Leafs","TOR","2","Chicago Blackhawks","CHI","3",
"1993-04-15","Minnesota North Stars","MNS","3","Detroit Red Wings","DET","5",
"1993-04-15","Vancouver Canucks","VAN","8","Los Angeles Kings","LAK","6",
"1993-04-15","Tampa Bay Lightning","TBL","5","St. Louis Blues","STL","6",
"1993-04-15","Edmonton Oilers","EDM","0","Winnipeg Jets","WIN","3",
"1993-04-16","Philadelphia Flyers","PHI","5","Hartford Whalers","HAR","4",
"1993-04-16","New Jersey Devils","NJD","4","New York Islanders","NYI","8",
"1993-04-16","New York Rangers","NYR","2","Washington Capitals","WSH","4",
