rank,player,age,teamName,gamesPlayed,gamesStarted,wins,losses,plusMinus,goalsAgainst,shotsAgainst,saves,savePercentage,goalsAgainstAverage,shutouts,minutes,shortHandedAssists,qualityStarts,qualityStartsPercentage,badStarts,goalsAllowedPercentage,savedAboveAverage,goals,assists,points,penaltyMinutes
"1"0,"Clint Benedict"1,"31"2,"OTS"3,"22"4,""5,"15"6,"7"7,"0"8,"45"9,""10,""11,""12,"1.99"13,"3"14,"1356"15,""16,""17,""18,""19,""20,"0"21,"0"22,"0"23,"0"
"2"0,"Jake Forbes"1,"26"2,"HAM"3,"24"4,""5,"9"6,"15"7,"0"8,"68"9,""10,""11,""12,"2.75"13,"1"14,"1483"15,""16,""17,""18,""19,""20,"0"21,"0"22,"0"23,"0"
"3"0,"Sammy Hebert"1,"29"2,"OTS"3,"2"4,""5,"1"6,"1"7,"0"8,"9"9,""10,""11,""12,"4.50"13,"0"14,"120"15,""16,""17,""18,""19,""20,"0"21,"0"22,"0"23,"0"
"4"0,"Howard Lockhart"1,"28"2,"TRS"3,"1"4,""5,"0"6,"1"7,"0"8,"5"9,""10,""11,""12,"5.00"13,"0"14,"60"15,""16,""17,""18,""19,""20,"0"21,"0"22,"0"23,"0"
"5"0,"John Ross Roach"1,"23"2,"TRS"3,"23"4,""5,"10"6,"13"7,"0"8,"80"9,""10,""11,""12,"3.48"13,"1"14,"1380"15,""16,""17,""18,""19,""20,"0"21,"0"22,"0"23,"0"
"6"0,"Georges Vezina"1,"37"2,"MTL"3,"24"4,""5,"13"6,"11"7,"0"8,"48"9,""10,""11,""12,"1.97"13,"3"14,"1459"15,""16,""17,""18,""19,""20,"0"21,"0"22,"0"23,"0"
