date,vistor,vistorAbrv,vistorGoals,home,homeAbrv,homeGoals,notes
"1978-10-11","Atlanta Flames","ATF","4","Chicago Black Hawks","CBH","4",
"1978-10-11","St. Louis Blues","STL","5","Detroit Red Wings","DET","4",
"1978-10-11","Washington Capitals","WSH","4","Los Angeles Kings","LAK","2",
"1978-10-11","Minnesota North Stars","MNS","2","Montreal Canadiens","MTL","5",
"1978-10-11","Toronto Maple Leafs","TOR","3","Pittsburgh Penguins","PIT","2",
"1978-10-11","Colorado Rockies","CLR","2","Vancouver Canucks","VAN","8",
"1978-10-12","Pittsburgh Penguins","PIT","2","Boston Bruins","BOS","8",
"1978-10-12","New York Islanders","NYI","2","Buffalo Sabres","BUF","2",
"1978-10-12","Philadelphia Flyers","PHI","3","New York Rangers","NYR","3",
"1978-10-13","Washington Capitals","WSH","3","Atlanta Flames","ATF","3",
"1978-10-13","St. Louis Blues","STL","4","Vancouver Canucks","VAN","8",
"1978-10-14","Philadelphia Flyers","PHI","3","Detroit Red Wings","DET","1",
"1978-10-14","St. Louis Blues","STL","2","Los Angeles Kings","LAK","6",
"1978-10-14","Buffalo Sabres","BUF","5","Minnesota North Stars","MNS","2",
"1978-10-14","Colorado Rockies","CLR","2","Montreal Canadiens","MTL","5",
"1978-10-14","Boston Bruins","BOS","4","Pittsburgh Penguins","PIT","4",
"1978-10-14","New York Islanders","NYI","7","Toronto Maple Leafs","TOR","10",
"1978-10-14","Atlanta Flames","ATF","6","Washington Capitals","WSH","3",
"1978-10-15","Toronto Maple Leafs","TOR","2","Boston Bruins","BOS","4",
"1978-10-15","Detroit Red Wings","DET","3","Buffalo Sabres","BUF","2",
"1978-10-15","Vancouver Canucks","VAN","3","Chicago Black Hawks","CBH","3",
"1978-10-15","Colorado Rockies","CLR","1","New York Rangers","NYR","4",
"1978-10-15","Montreal Canadiens","MTL","3","Philadelphia Flyers","PHI","2",
"1978-10-17","Colorado Rockies","CLR","2","Atlanta Flames","ATF","8",
"1978-10-17","Montreal Canadiens","MTL","1","New York Islanders","NYI","3",
"1978-10-17","Vancouver Canucks","VAN","6","St. Louis Blues","STL","8",
"1978-10-18","Boston Bruins","BOS","3","Los Angeles Kings","LAK","2",
"1978-10-18","Vancouver Canucks","VAN","2","Minnesota North Stars","MNS","7",
"1978-10-18","Detroit Red Wings","DET","3","New York Rangers","NYR","3",
"1978-10-18","New York Islanders","NYI","5","Pittsburgh Penguins","PIT","3",
"1978-10-18","Buffalo Sabres","BUF","0","Toronto Maple Leafs","TOR","2",
"1978-10-18","Chicago Black Hawks","CBH","4","Washington Capitals","WSH","2",
"1978-10-19","Toronto Maple Leafs","TOR","0","Buffalo Sabres","BUF","1",
"1978-10-19","Minnesota North Stars","MNS","2","Chicago Black Hawks","CBH","6",
"1978-10-19","New York Rangers","NYR","2","Detroit Red Wings","DET","2",
"1978-10-19","Pittsburgh Penguins","PIT","1","Philadelphia Flyers","PHI","3",
"1978-10-20","Montreal Canadiens","MTL","5","Atlanta Flames","ATF","7",
"1978-10-20","St. Louis Blues","STL","5","Colorado Rockies","CLR","5",
"1978-10-20","Boston Bruins","BOS","5","Vancouver Canucks","VAN","1",
"1978-10-20","Los Angeles Kings","LAK","6","Washington Capitals","WSH","4",
"1978-10-21","Minnesota North Stars","MNS","4","Detroit Red Wings","DET","4",
"1978-10-21","New York Rangers","NYR","3","New York Islanders","NYI","5",
"1978-10-21","Washington Capitals","WSH","1","Pittsburgh Penguins","PIT","5",
"1978-10-21","Colorado Rockies","CLR","4","St. Louis Blues","STL","3",
"1978-10-21","Philadelphia Flyers","PHI","0","Toronto Maple Leafs","TOR","2",
"1978-10-22","Boston Bruins","BOS","5","Chicago Black Hawks","CBH","6",
"1978-10-22","Los Angeles Kings","LAK","4","Montreal Canadiens","MTL","8",
"1978-10-22","Toronto Maple Leafs","TOR","2","New York Rangers","NYR","5",
"1978-10-22","Atlanta Flames","ATF","5","Philadelphia Flyers","PHI","2",
"1978-10-22","Buffalo Sabres","BUF","2","Vancouver Canucks","VAN","3",
"1978-10-24","Los Angeles Kings","LAK","2","Atlanta Flames","ATF","7",
"1978-10-24","Philadelphia Flyers","PHI","4","New York Islanders","NYI","4",
"1978-10-24","Boston Bruins","BOS","7","St. Louis Blues","STL","2",
"1978-10-25","Washington Capitals","WSH","2","Chicago Black Hawks","CBH","2",
"1978-10-25","Colorado Rockies","CLR","4","Detroit Red Wings","DET","5",
"1978-10-25","Boston Bruins","BOS","2","Minnesota North Stars","MNS","2",
"1978-10-25","Vancouver Canucks","VAN","2","New York Rangers","NYR","6",
"1978-10-25","St. Louis Blues","STL","6","Pittsburgh Penguins","PIT","6",
"1978-10-25","Montreal Canadiens","MTL","4","Toronto Maple Leafs","TOR","4",
"1978-10-26","Buffalo Sabres","BUF","0","Los Angeles Kings","LAK","6",
"1978-10-26","Toronto Maple Leafs","TOR","0","Philadelphia Flyers","PHI","5",
"1978-10-27","New York Islanders","NYI","5","Atlanta Flames","ATF","8",
"1978-10-27","Detroit Red Wings","DET","5","Colorado Rockies","CLR","2",
"1978-10-28","Chicago Black Hawks","CBH","2","Detroit Red Wings","DET","7",
"1978-10-28","Washington Capitals","WSH","1","Los Angeles Kings","LAK","5",
"1978-10-28","Colorado Rockies","CLR","1","Minnesota North Stars","MNS","0",
"1978-10-28","New York Rangers","NYR","2","Montreal Canadiens","MTL","1",
"1978-10-28","Vancouver Canucks","VAN","2","New York Islanders","NYI","5",
"1978-10-28","Atlanta Flames","ATF","4","Pittsburgh Penguins","PIT","2",
"1978-10-28","Buffalo Sabres","BUF","7","St. Louis Blues","STL","7",
"1978-10-28","Boston Bruins","BOS","5","Toronto Maple Leafs","TOR","3",
"1978-10-29","Montreal Canadiens","MTL","1","Chicago Black Hawks","CBH","4",
"1978-10-29","Pittsburgh Penguins","PIT","2","New York Rangers","NYR","3",
"1978-10-29","Vancouver Canucks","VAN","5","Philadelphia Flyers","PHI","2",
"1978-10-31","Colorado Rockies","CLR","5","New York Islanders","NYI","8",
"1978-10-31","Atlanta Flames","ATF","5","St. Louis Blues","STL","2",
"1978-11-01","Philadelphia Flyers","PHI","0","Atlanta Flames","ATF","3",
"1978-11-01","Vancouver Canucks","VAN","1","Chicago Black Hawks","CBH","0",
"1978-11-01","Montreal Canadiens","MTL","4","Detroit Red Wings","DET","1",
"1978-11-01","Toronto Maple Leafs","TOR","4","Los Angeles Kings","LAK","2",
"1978-11-01","St. Louis Blues","STL","1","Minnesota North Stars","MNS","9",
"1978-11-01","Pittsburgh Penguins","PIT","4","Washington Capitals","WSH","6",
"1978-11-02","New York Islanders","NYI","1","Boston Bruins","BOS","4",
"1978-11-02","New York Rangers","NYR","3","Colorado Rockies","CLR","0",
"1978-11-02","Washington Capitals","WSH","2","Montreal Canadiens","MTL","4",
"1978-11-02","Buffalo Sabres","BUF","3","Philadelphia Flyers","PHI","3",
"1978-11-03","Pittsburgh Penguins","PIT","0","Atlanta Flames","ATF","2",
"1978-11-03","Toronto Maple Leafs","TOR","3","Vancouver Canucks","VAN","1",
"1978-11-04","Philadelphia Flyers","PHI","7","Boston Bruins","BOS","3",
"1978-11-04","Toronto Maple Leafs","TOR","4","Colorado Rockies","CLR","4",
"1978-11-04","New York Rangers","NYR","7","Los Angeles Kings","LAK","3",
"1978-11-04","Buffalo Sabres","BUF","1","Minnesota North Stars","MNS","2",
"1978-11-04","Atlanta Flames","ATF","2","Montreal Canadiens","MTL","4",
"1978-11-04","Washington Capitals","WSH","1","New York Islanders","NYI","4",
"1978-11-04","Detroit Red Wings","DET","3","Pittsburgh Penguins","PIT","7",
"1978-11-04","Chicago Black Hawks","CBH","5","St. Louis Blues","STL","5",
"1978-11-05","Montreal Canadiens","MTL","1","Boston Bruins","BOS","1",
"1978-11-05","Minnesota North Stars","MNS","1","Buffalo Sabres","BUF","2",
"1978-11-05","St. Louis Blues","STL","1","Chicago Black Hawks","CBH","3",
"1978-11-05","Colorado Rockies","CLR","4","Philadelphia Flyers","PHI","6",
"1978-11-05","New York Rangers","NYR","5","Vancouver Canucks","VAN","2",
"1978-11-05","Detroit Red Wings","DET","3","Washington Capitals","WSH","3",
"1978-11-07","Vancouver Canucks","VAN","2","Atlanta Flames","ATF","4",
"1978-11-07","Minnesota North Stars","MNS","2","New York Islanders","NYI","5",
"1978-11-07","Toronto Maple Leafs","TOR","5","St. Louis Blues","STL","0",
"1978-11-08","Toronto Maple Leafs","TOR","1","Chicago Black Hawks","CBH","2",
"1978-11-08","Vancouver Canucks","VAN","6","Detroit Red Wings","DET","4",
"1978-11-08","Philadelphia Flyers","PHI","5","Los Angeles Kings","LAK","3",
"1978-11-08","Minnesota North Stars","MNS","5","New York Rangers","NYR","3",
"1978-11-08","Colorado Rockies","CLR","3","Pittsburgh Penguins","PIT","6",
"1978-11-08","Montreal Canadiens","MTL","6","Washington Capitals","WSH","0",
"1978-11-09","Washington Capitals","WSH","2","Boston Bruins","BOS","6",
"1978-11-09","Pittsburgh Penguins","PIT","4","Buffalo Sabres","BUF","4",
"1978-11-09","Detroit Red Wings","DET","3","Montreal Canadiens","MTL","8",
"1978-11-10","Chicago Black Hawks","CBH","3","Atlanta Flames","ATF","5",
"1978-11-10","Philadelphia Flyers","PHI","2","Colorado Rockies","CLR","2",
"1978-11-10","Minnesota North Stars","MNS","3","Vancouver Canucks","VAN","2",
"1978-11-11","Boston Bruins","BOS","1","Detroit Red Wings","DET","7",
"1978-11-11","Minnesota North Stars","MNS","1","Los Angeles Kings","LAK","8",
"1978-11-11","Toronto Maple Leafs","TOR","2","Montreal Canadiens","MTL","3",
"1978-11-11","Atlanta Flames","ATF","2","New York Islanders","NYI","4",
"1978-11-11","New York Rangers","NYR","2","Pittsburgh Penguins","PIT","1",
"1978-11-11","Colorado Rockies","CLR","3","St. Louis Blues","STL","5",
"1978-11-11","Buffalo Sabres","BUF","2","Washington Capitals","WSH","0",
"1978-11-12","Boston Bruins","BOS","4","Buffalo Sabres","BUF","4",
"1978-11-12","Los Angeles Kings","LAK","4","Chicago Black Hawks","CBH","1",
"1978-11-12","New York Islanders","NYI","5","New York Rangers","NYR","3",
"1978-11-12","Philadelphia Flyers","PHI","4","Vancouver Canucks","VAN","0",
"1978-11-14","Colorado Rockies","CLR","2","New York Islanders","NYI","2",
"1978-11-14","Los Angeles Kings","LAK","4","St. Louis Blues","STL","2",
"1978-11-14","Atlanta Flames","ATF","7","Washington Capitals","WSH","8",
"1978-11-15","Detroit Red Wings","DET","3","Atlanta Flames","ATF","5",
"1978-11-15","Montreal Canadiens","MTL","6","Colorado Rockies","CLR","1",
"1978-11-15","Washington Capitals","WSH","3","Minnesota North Stars","MNS","2",
"1978-11-15","Chicago Black Hawks","CBH","1","New York Rangers","NYR","8",
"1978-11-15","Buffalo Sabres","BUF","2","Toronto Maple Leafs","TOR","2",
"1978-11-16","Toronto Maple Leafs","TOR","6","Boston Bruins","BOS","4",
"1978-11-16","St. Louis Blues","STL","2","Buffalo Sabres","BUF","6",
"1978-11-16","Montreal Canadiens","MTL","3","Los Angeles Kings","LAK","6",
"1978-11-16","Chicago Black Hawks","CBH","4","Philadelphia Flyers","PHI","3",
"1978-11-16","Pittsburgh Penguins","PIT","6","Vancouver Canucks","VAN","3",
"1978-11-17","Boston Bruins","BOS","6","Atlanta Flames","ATF","2",
"1978-11-17","New York Islanders","NYI","4","Washington Capitals","WSH","2",
"1978-11-18","Chicago Black Hawks","CBH","3","Colorado Rockies","CLR","8",
"1978-11-18","Buffalo Sabres","BUF","3","Detroit Red Wings","DET","1",
"1978-11-18","Pittsburgh Penguins","PIT","3","Los Angeles Kings","LAK","1",
"1978-11-18","New York Rangers","NYR","7","Minnesota North Stars","MNS","2",
"1978-11-18","Philadelphia Flyers","PHI","2","New York Islanders","NYI","8",
"1978-11-18","St. Louis Blues","STL","1","Toronto Maple Leafs","TOR","3",
"1978-11-18","Montreal Canadiens","MTL","4","Vancouver Canucks","VAN","2",
"1978-11-19","St. Louis Blues","STL","2","Boston Bruins","BOS","5",
"1978-11-19","Minnesota North Stars","MNS","2","Buffalo Sabres","BUF","9",
"1978-11-19","Atlanta Flames","ATF","3","New York Rangers","NYR","1",
"1978-11-19","Detroit Red Wings","DET","3","Philadelphia Flyers","PHI","4",
"1978-11-20","Chicago Black Hawks","CBH","3","Los Angeles Kings","LAK","4",
"1978-11-21","Toronto Maple Leafs","TOR","4","Atlanta Flames","ATF","3",
"1978-11-21","New York Islanders","NYI","7","Colorado Rockies","CLR","1",
"1978-11-21","Washington Capitals","WSH","4","St. Louis Blues","STL","3",
"1978-11-21","Chicago Black Hawks","CBH","2","Vancouver Canucks","VAN","5",
"1978-11-22","Philadelphia Flyers","PHI","3","Buffalo Sabres","BUF","2",
"1978-11-22","Detroit Red Wings","DET","3","Los Angeles Kings","LAK","3",
"1978-11-22","New York Islanders","NYI","4","Minnesota North Stars","MNS","1",
"1978-11-22","Toronto Maple Leafs","TOR","3","New York Rangers","NYR","3",
"1978-11-22","Montreal Canadiens","MTL","3","Pittsburgh Penguins","PIT","2",
"1978-11-22","St. Louis Blues","STL","3","Washington Capitals","WSH","1",
"1978-11-23","Buffalo Sabres","BUF","2","Boston Bruins","BOS","5",
"1978-11-23","Vancouver Canucks","VAN","7","Colorado Rockies","CLR","2",
"1978-11-23","Pittsburgh Penguins","PIT","4","Montreal Canadiens","MTL","8",
"1978-11-24","St. Louis Blues","STL","1","Atlanta Flames","ATF","4",
"1978-11-24","Minnesota North Stars","MNS","3","Philadelphia Flyers","PHI","4",
"1978-11-25","Los Angeles Kings","LAK","4","Minnesota North Stars","MNS","1",
"1978-11-25","Chicago Black Hawks","CBH","8","Montreal Canadiens","MTL","3",
"1978-11-25","Philadelphia Flyers","PHI","3","Pittsburgh Penguins","PIT","1",
"1978-11-25","Detroit Red Wings","DET","0","St. Louis Blues","STL","4",
"1978-11-25","Colorado Rockies","CLR","6","Toronto Maple Leafs","TOR","3",
"1978-11-25","New York Islanders","NYI","5","Vancouver Canucks","VAN","2",
"1978-11-25","Boston Bruins","BOS","5","Washington Capitals","WSH","5",
"1978-11-26","Atlanta Flames","ATF","2","Boston Bruins","BOS","4",
"1978-11-26","Colorado Rockies","CLR","1","Buffalo Sabres","BUF","4",
"1978-11-26","Los Angeles Kings","LAK","2","Detroit Red Wings","DET","4",
"1978-11-26","Washington Capitals","WSH","4","New York Rangers","NYR","9",
"1978-11-26","Pittsburgh Penguins","PIT","2","Toronto Maple Leafs","TOR","8",
"1978-11-28","Philadelphia Flyers","PHI","0","Montreal Canadiens","MTL","3",
"1978-11-28","Vancouver Canucks","VAN","6","St. Louis Blues","STL","3",
"1978-11-29","New York Rangers","NYR","5","Atlanta Flames","ATF","3",
"1978-11-29","Vancouver Canucks","VAN","1","Chicago Black Hawks","CBH","1",
"1978-11-29","Detroit Red Wings","DET","2","Colorado Rockies","CLR","2",
"1978-11-29","New York Islanders","NYI","5","Los Angeles Kings","LAK","5",
"1978-11-29","Toronto Maple Leafs","TOR","5","Minnesota North Stars","MNS","3",
"1978-11-29","Washington Capitals","WSH","3","Pittsburgh Penguins","PIT","5",
"1978-11-30","Boston Bruins","BOS","4","Buffalo Sabres","BUF","3",
"1978-11-30","St. Louis Blues","STL","0","Philadelphia Flyers","PHI","3",
"1978-12-01","Minnesota North Stars","MNS","4","Atlanta Flames","ATF","3",
"1978-12-01","Detroit Red Wings","DET","1","Vancouver Canucks","VAN","2",
"1978-12-01","Pittsburgh Penguins","PIT","7","Washington Capitals","WSH","4",
"1978-12-02","Philadelphia Flyers","PHI","3","Boston Bruins","BOS","5",
"1978-12-02","New York Islanders","NYI","5","Colorado Rockies","CLR","2",
"1978-12-02","Detroit Red Wings","DET","2","Los Angeles Kings","LAK","5",
"1978-12-02","Atlanta Flames","ATF","3","Minnesota North Stars","MNS","5",
"1978-12-02","Buffalo Sabres","BUF","1","Montreal Canadiens","MTL","8",
"1978-12-02","Chicago Black Hawks","CBH","2","Pittsburgh Penguins","PIT","5",
"1978-12-02","Washington Capitals","WSH","2","St. Louis Blues","STL","5",
"1978-12-02","New York Rangers","NYR","2","Toronto Maple Leafs","TOR","5",
"1978-12-03","Montreal Canadiens","MTL","4","Buffalo Sabres","BUF","1",
"1978-12-03","Colorado Rockies","CLR","3","Chicago Black Hawks","CBH","4",
"1978-12-03","Boston Bruins","BOS","3","New York Rangers","NYR","2",
"1978-12-03","Toronto Maple Leafs","TOR","2","Philadelphia Flyers","PHI","7",
"1978-12-04","Washington Capitals","WSH","2","Los Angeles Kings","LAK","10",
"1978-12-05","Washington Capitals","WSH","4","Colorado Rockies","CLR","1",
"1978-12-05","Pittsburgh Penguins","PIT","3","New York Islanders","NYI","3",
"1978-12-05","Boston Bruins","BOS","5","Toronto Maple Leafs","TOR","1",
"1978-12-05","Atlanta Flames","ATF","0","Vancouver Canucks","VAN","3",
"1978-12-06","Montreal Canadiens","MTL","2","Detroit Red Wings","DET","2",
"1978-12-06","Los Angeles Kings","LAK","0","Minnesota North Stars","MNS","4",
"1978-12-06","St. Louis Blues","STL","4","New York Rangers","NYR","7",
"1978-12-06","Toronto Maple Leafs","TOR","4","Pittsburgh Penguins","PIT","6",
"1978-12-07","Detroit Red Wings","DET","5","Boston Bruins","BOS","6",
"1978-12-07","Los Angeles Kings","LAK","3","Buffalo Sabres","BUF","3",
"1978-12-07","St. Louis Blues","STL","1","New York Islanders","NYI","7",
"1978-12-07","New York Rangers","NYR","5","Philadelphia Flyers","PHI","2",
"1978-12-07","Chicago Black Hawks","CBH","2","Vancouver Canucks","VAN","4",
"1978-12-08","Atlanta Flames","ATF","4","Colorado Rockies","CLR","3",
"1978-12-08","Pittsburgh Penguins","PIT","3","Montreal Canadiens","MTL","3",
"1978-12-09","New York Rangers","NYR","4","Detroit Red Wings","DET","5",
"1978-12-09","Atlanta Flames","ATF","1","Los Angeles Kings","LAK","5",
"1978-12-09","Colorado Rockies","CLR","0","Minnesota North Stars","MNS","3",
"1978-12-09","Boston Bruins","BOS","2","Philadelphia Flyers","PHI","9",
"1978-12-09","Buffalo Sabres","BUF","4","Pittsburgh Penguins","PIT","4",
"1978-12-09","Chicago Black Hawks","CBH","4","St. Louis Blues","STL","2",
"1978-12-09","New York Islanders","NYI","3","Toronto Maple Leafs","TOR","2",
"1978-12-09","Washington Capitals","WSH","7","Vancouver Canucks","VAN","5",
"1978-12-10","Minnesota North Stars","MNS","4","Boston Bruins","BOS","4",
"1978-12-10","Toronto Maple Leafs","TOR","3","Buffalo Sabres","BUF","5",
"1978-12-10","Detroit Red Wings","DET","3","Chicago Black Hawks","CBH","3",
"1978-12-10","New York Islanders","NYI","3","Montreal Canadiens","MTL","4",
"1978-12-10","Philadelphia Flyers","PHI","4","New York Rangers","NYR","0",
"1978-12-12","Vancouver Canucks","VAN","3","Boston Bruins","BOS","7",
"1978-12-12","Los Angeles Kings","LAK","5","New York Islanders","NYI","5",
"1978-12-12","Montreal Canadiens","MTL","6","St. Louis Blues","STL","0",
"1978-12-12","Colorado Rockies","CLR","4","Washington Capitals","WSH","3",
"1978-12-13","Buffalo Sabres","BUF","6","Chicago Black Hawks","CBH","2",
"1978-12-13","Atlanta Flames","ATF","5","Detroit Red Wings","DET","5",
"1978-12-13","Montreal Canadiens","MTL","3","Minnesota North Stars","MNS","2",
"1978-12-13","Los Angeles Kings","LAK","7","New York Rangers","NYR","8",
"1978-12-13","St. Louis Blues","STL","0","Pittsburgh Penguins","PIT","3",
"1978-12-13","Vancouver Canucks","VAN","1","Toronto Maple Leafs","TOR","5",
"1978-12-14","Colorado Rockies","CLR","3","Atlanta Flames","ATF","5",
"1978-12-14","Washington Capitals","WSH","2","Boston Bruins","BOS","5",
"1978-12-14","Chicago Black Hawks","CBH","2","Buffalo Sabres","BUF","3",
"1978-12-14","Detroit Red Wings","DET","1","New York Islanders","NYI","4",
"1978-12-14","Pittsburgh Penguins","PIT","1","Philadelphia Flyers","PHI","2",
"1978-12-15","Minnesota North Stars","MNS","6","Washington Capitals","WSH","1",
"1978-12-16","Philadelphia Flyers","PHI","2","Atlanta Flames","ATF","7",
"1978-12-16","New York Rangers","NYR","1","Boston Bruins","BOS","4",
"1978-12-16","Chicago Black Hawks","CBH","1","Colorado Rockies","CLR","5",
"1978-12-16","Montreal Canadiens","MTL","5","Los Angeles Kings","LAK","2",
"1978-12-16","Buffalo Sabres","BUF","5","Minnesota North Stars","MNS","2",
"1978-12-16","Vancouver Canucks","VAN","5","Pittsburgh Penguins","PIT","6",
"1978-12-16","New York Islanders","NYI","2","St. Louis Blues","STL","2",
"1978-12-16","Detroit Red Wings","DET","2","Toronto Maple Leafs","TOR","4",
"1978-12-17","Vancouver Canucks","VAN","3","Buffalo Sabres","BUF","6",
"1978-12-17","Pittsburgh Penguins","PIT","3","Chicago Black Hawks","CBH","3",
"1978-12-17","New York Islanders","NYI","3","Detroit Red Wings","DET","0",
"1978-12-17","Boston Bruins","BOS","4","New York Rangers","NYR","1",
"1978-12-17","St. Louis Blues","STL","1","Philadelphia Flyers","PHI","4",
"1978-12-17","Toronto Maple Leafs","TOR","6","Washington Capitals","WSH","7",
"1978-12-19","Los Angeles Kings","LAK","2","Colorado Rockies","CLR","2",
"1978-12-19","Vancouver Canucks","VAN","3","Minnesota North Stars","MNS","5",
"1978-12-19","Atlanta Flames","ATF","4","St. Louis Blues","STL","7",
"1978-12-19","Philadelphia Flyers","PHI","4","Washington Capitals","WSH","4",
"1978-12-20","Montreal Canadiens","MTL","5","Chicago Black Hawks","CBH","3",
"1978-12-20","Vancouver Canucks","VAN","2","Detroit Red Wings","DET","7",
"1978-12-20","Buffalo Sabres","BUF","3","New York Rangers","NYR","6",
"1978-12-20","Minnesota North Stars","MNS","2","Toronto Maple Leafs","TOR","4",
"1978-12-21","Colorado Rockies","CLR","2","Boston Bruins","BOS","4",
"1978-12-21","Atlanta Flames","ATF","4","Buffalo Sabres","BUF","5",
"1978-12-21","Pittsburgh Penguins","PIT","4","Los Angeles Kings","LAK","1",
"1978-12-21","Chicago Black Hawks","CBH","1","Montreal Canadiens","MTL","5",
"1978-12-21","St. Louis Blues","STL","1","New York Islanders","NYI","5",
"1978-12-21","Washington Capitals","WSH","2","Philadelphia Flyers","PHI","5",
"1978-12-22","Toronto Maple Leafs","TOR","1","Atlanta Flames","ATF","3",
"1978-12-22","Detroit Red Wings","DET","2","New York Rangers","NYR","4",
"1978-12-23","Buffalo Sabres","BUF","4","Boston Bruins","BOS","6",
"1978-12-23","Philadelphia Flyers","PHI","2","Chicago Black Hawks","CBH","5",
"1978-12-23","Washington Capitals","WSH","2","Detroit Red Wings","DET","2",
"1978-12-23","Pittsburgh Penguins","PIT","3","Minnesota North Stars","MNS","5",
"1978-12-23","Colorado Rockies","CLR","2","Montreal Canadiens","MTL","3",
"1978-12-23","New York Rangers","NYR","4","New York Islanders","NYI","9",
"1978-12-23","Toronto Maple Leafs","TOR","6","St. Louis Blues","STL","1",
"1978-12-23","Los Angeles Kings","LAK","0","Vancouver Canucks","VAN","2",
"1978-12-26","New York Rangers","NYR","5","Atlanta Flames","ATF","3",
"1978-12-26","Philadelphia Flyers","PHI","2","Detroit Red Wings","DET","2",
"1978-12-26","Toronto Maple Leafs","TOR","1","New York Islanders","NYI","5",
"1978-12-26","Minnesota North Stars","MNS","6","St. Louis Blues","STL","4",
"1978-12-27","St. Louis Blues","STL","3","Chicago Black Hawks","CBH","4",
"1978-12-27","Buffalo Sabres","BUF","5","Colorado Rockies","CLR","2",
"1978-12-27","Montreal Canadiens","MTL","5","Detroit Red Wings","DET","2",
"1978-12-27","Washington Capitals","WSH","1","Minnesota North Stars","MNS","6",
"1978-12-27","Los Angeles Kings","LAK","2","Pittsburgh Penguins","PIT","5",
"1978-12-27","Boston Bruins","BOS","1","Toronto Maple Leafs","TOR","1",
"1978-12-28","New York Islanders","NYI","10","Atlanta Flames","ATF","4",
"1978-12-28","Los Angeles Kings","LAK","3","Montreal Canadiens","MTL","3",
"1978-12-28","New York Rangers","NYR","5","Philadelphia Flyers","PHI","6",
"1978-12-28","Buffalo Sabres","BUF","3","Vancouver Canucks","VAN","3",
"1978-12-30","New York Rangers","NYR","5","Chicago Black Hawks","CBH","4",
"1978-12-30","Minnesota North Stars","MNS","2","Colorado Rockies","CLR","7",
"1978-12-30","Vancouver Canucks","VAN","0","Los Angeles Kings","LAK","4",
"1978-12-30","Boston Bruins","BOS","1","Montreal Canadiens","MTL","6",
"1978-12-30","Atlanta Flames","ATF","2","New York Islanders","NYI","4",
"1978-12-30","Detroit Red Wings","DET","1","Pittsburgh Penguins","PIT","3",
"1978-12-30","Philadelphia Flyers","PHI","3","St. Louis Blues","STL","6",
"1978-12-30","Washington Capitals","WSH","5","Toronto Maple Leafs","TOR","5",
"1978-12-31","Boston Bruins","BOS","7","Buffalo Sabres","BUF","3",
"1978-12-31","Pittsburgh Penguins","PIT","5","Detroit Red Wings","DET","4",
"1978-12-31","Atlanta Flames","ATF","6","New York Rangers","NYR","5",
"1979-01-01","Colorado Rockies","CLR","3","Los Angeles Kings","LAK","5",
"1979-01-02","St. Louis Blues","STL","2","Colorado Rockies","CLR","4",
"1979-01-02","Vancouver Canucks","VAN","0","New York Islanders","NYI","9",
"1979-01-03","Boston Bruins","BOS","6","Chicago Black Hawks","CBH","3",
"1979-01-03","St. Louis Blues","STL","3","Minnesota North Stars","MNS","3",
"1979-01-03","Montreal Canadiens","MTL","2","New York Rangers","NYR","6",
"1979-01-03","Vancouver Canucks","VAN","5","Pittsburgh Penguins","PIT","3",
"1979-01-03","Atlanta Flames","ATF","4","Toronto Maple Leafs","TOR","1",
"1979-01-03","Los Angeles Kings","LAK","3","Washington Capitals","WSH","8",
"1979-01-04","Chicago Black Hawks","CBH","3","Buffalo Sabres","BUF","3",
"1979-01-04","Los Angeles Kings","LAK","5","Montreal Canadiens","MTL","4",
"1979-01-04","New York Islanders","NYI","2","Philadelphia Flyers","PHI","3",
"1979-01-05","Pittsburgh Penguins","PIT","3","Atlanta Flames","ATF","3",
"1979-01-05","Boston Bruins","BOS","5","Colorado Rockies","CLR","3",
"1979-01-05","Vancouver Canucks","VAN","4","New York Rangers","NYR","6",
"1979-01-06","Washington Capitals","WSH","4","Detroit Red Wings","DET","1",
"1979-01-06","Boston Bruins","BOS","5","Minnesota North Stars","MNS","2",
"1979-01-06","Vancouver Canucks","VAN","0","Montreal Canadiens","MTL","2",
"1979-01-06","Philadelphia Flyers","PHI","1","New York Islanders","NYI","5",
"1979-01-06","Los Angeles Kings","LAK","4","Pittsburgh Penguins","PIT","3",
"1979-01-06","Colorado Rockies","CLR","4","St. Louis Blues","STL","1",
"1979-01-06","Chicago Black Hawks","CBH","5","Toronto Maple Leafs","TOR","3",
"1979-01-07","Detroit Red Wings","DET","3","Buffalo Sabres","BUF","4",
"1979-01-07","Washington Capitals","WSH","3","Chicago Black Hawks","CBH","5",
"1979-01-07","Los Angeles Kings","LAK","0","Philadelphia Flyers","PHI","3",
"1979-01-08","Minnesota North Stars","MNS","1","Montreal Canadiens","MTL","3",
"1979-01-08","Vancouver Canucks","VAN","5","Toronto Maple Leafs","TOR","1",
"1979-01-09","Buffalo Sabres","BUF","3","Atlanta Flames","ATF","5",
"1979-01-09","Los Angeles Kings","LAK","1","New York Islanders","NYI","7",
"1979-01-09","New York Rangers","NYR","5","St. Louis Blues","STL","3",
"1979-01-09","Philadelphia Flyers","PHI","5","Washington Capitals","WSH","2",
"1979-01-10","Los Angeles Kings","LAK","0","Chicago Black Hawks","CBH","3",
"1979-01-10","New York Rangers","NYR","5","Colorado Rockies","CLR","3",
"1979-01-10","New York Islanders","NYI","5","Detroit Red Wings","DET","5",
"1979-01-10","Montreal Canadiens","MTL","2","Pittsburgh Penguins","PIT","3",
"1979-01-10","Minnesota North Stars","MNS","2","Toronto Maple Leafs","TOR","2",
"1979-01-11","Minnesota North Stars","MNS","4","Boston Bruins","BOS","6",
"1979-01-11","Washington Capitals","WSH","2","Buffalo Sabres","BUF","6",
"1979-01-11","Detroit Red Wings","DET","3","Philadelphia Flyers","PHI","3",
"1979-01-11","St. Louis Blues","STL","3","Vancouver Canucks","VAN","4",
"1979-01-12","New York Islanders","NYI","4","Atlanta Flames","ATF","1",
"1979-01-12","Colorado Rockies","CLR","1","Washington Capitals","WSH","8",
"1979-01-13","Los Angeles Kings","LAK","7","Detroit Red Wings","DET","3",
"1979-01-13","Chicago Black Hawks","CBH","3","Minnesota North Stars","MNS","4",
"1979-01-13","Buffalo Sabres","BUF","2","Montreal Canadiens","MTL","5",
"1979-01-13","Boston Bruins","BOS","3","Pittsburgh Penguins","PIT","5",
"1979-01-13","Vancouver Canucks","VAN","3","St. Louis Blues","STL","3",
"1979-01-13","Colorado Rockies","CLR","2","Toronto Maple Leafs","TOR","4",
"1979-01-14","New York Rangers","NYR","6","Atlanta Flames","ATF","4",
"1979-01-14","Los Angeles Kings","LAK","6","Boston Bruins","BOS","3",
"1979-01-14","Pittsburgh Penguins","PIT","5","Buffalo Sabres","BUF","4",
"1979-01-14","New York Islanders","NYI","1","Philadelphia Flyers","PHI","1",
"1979-01-14","Vancouver Canucks","VAN","3","Washington Capitals","WSH","5",
"1979-01-15","Minnesota North Stars","MNS","8","New York Rangers","NYR","1",
"1979-01-16","Philadelphia Flyers","PHI","0","Atlanta Flames","ATF","5",
"1979-01-16","Toronto Maple Leafs","TOR","3","Colorado Rockies","CLR","2",
"1979-01-16","Washington Capitals","WSH","2","New York Islanders","NYI","6",
"1979-01-16","Minnesota North Stars","MNS","0","Pittsburgh Penguins","PIT","5",
"1979-01-16","Boston Bruins","BOS","2","St. Louis Blues","STL","5",
"1979-01-16","Montreal Canadiens","MTL","2","Vancouver Canucks","VAN","2",
"1979-01-17","Colorado Rockies","CLR","1","Chicago Black Hawks","CBH","2",
"1979-01-17","Pittsburgh Penguins","PIT","1","Detroit Red Wings","DET","4",
"1979-01-17","Montreal Canadiens","MTL","7","Los Angeles Kings","LAK","3",
"1979-01-17","New York Islanders","NYI","3","New York Rangers","NYR","5",
"1979-01-18","St. Louis Blues","STL","0","Boston Bruins","BOS","4",
"1979-01-18","Buffalo Sabres","BUF","4","Philadelphia Flyers","PHI","4",
"1979-01-19","Chicago Black Hawks","CBH","1","Atlanta Flames","ATF","6",
"1979-01-19","Minnesota North Stars","MNS","3","Colorado Rockies","CLR","5",
"1979-01-19","Toronto Maple Leafs","TOR","3","Vancouver Canucks","VAN","3",
"1979-01-19","Detroit Red Wings","DET","1","Washington Capitals","WSH","5",
"1979-01-20","Buffalo Sabres","BUF","2","Boston Bruins","BOS","1",
"1979-01-20","Atlanta Flames","ATF","4","Detroit Red Wings","DET","3",
"1979-01-20","Toronto Maple Leafs","TOR","3","Los Angeles Kings","LAK","2",
"1979-01-20","Colorado Rockies","CLR","3","Minnesota North Stars","MNS","3",
"1979-01-20","Philadelphia Flyers","PHI","5","Montreal Canadiens","MTL","5",
"1979-01-20","Chicago Black Hawks","CBH","2","New York Islanders","NYI","4",
"1979-01-20","Washington Capitals","WSH","5","Pittsburgh Penguins","PIT","2",
"1979-01-20","New York Rangers","NYR","2","St. Louis Blues","STL","3",
"1979-01-21","Philadelphia Flyers","PHI","5","New York Rangers","NYR","5",
"1979-01-22","Atlanta Flames","ATF","1","Boston Bruins","BOS","3",
"1979-01-22","New York Islanders","NYI","2","Chicago Black Hawks","CBH","1",
"1979-01-23","Montreal Canadiens","MTL","6","St. Louis Blues","STL","3",
"1979-01-24","Pittsburgh Penguins","PIT","1","Los Angeles Kings","LAK","4",
"1979-01-24","Toronto Maple Leafs","TOR","2","Minnesota North Stars","MNS","2",
"1979-01-24","Chicago Black Hawks","CBH","5","Vancouver Canucks","VAN","0",
"1979-01-24","New York Rangers","NYR","1","Washington Capitals","WSH","5",
"1979-01-25","New York Islanders","NYI","4","Boston Bruins","BOS","2",
"1979-01-25","New York Rangers","NYR","5","Buffalo Sabres","BUF","4",
"1979-01-25","Pittsburgh Penguins","PIT","3","Colorado Rockies","CLR","5",
"1979-01-25","Detroit Red Wings","DET","6","Los Angeles Kings","LAK","6",
"1979-01-25","Atlanta Flames","ATF","0","Montreal Canadiens","MTL","6",
"1979-01-26","Toronto Maple Leafs","TOR","2","Atlanta Flames","ATF","4",
"1979-01-26","St. Louis Blues","STL","1","Vancouver Canucks","VAN","4",
"1979-01-27","Vancouver Canucks","VAN","2","Colorado Rockies","CLR","2",
"1979-01-27","Buffalo Sabres","BUF","6","Detroit Red Wings","DET","3",
"1979-01-27","Philadelphia Flyers","PHI","1","Minnesota North Stars","MNS","3",
"1979-01-27","Boston Bruins","BOS","1","Montreal Canadiens","MTL","3",
"1979-01-27","New York Rangers","NYR","7","New York Islanders","NYI","2",
"1979-01-27","Los Angeles Kings","LAK","3","Pittsburgh Penguins","PIT","5",
"1979-01-27","Chicago Black Hawks","CBH","1","Washington Capitals","WSH","4",
"1979-01-28","Detroit Red Wings","DET","2","Atlanta Flames","ATF","7",
"1979-01-28","Los Angeles Kings","LAK","5","Boston Bruins","BOS","3",
"1979-01-28","Minnesota North Stars","MNS","3","Buffalo Sabres","BUF","1",
"1979-01-28","St. Louis Blues","STL","7","Chicago Black Hawks","CBH","2",
"1979-01-28","Toronto Maple Leafs","TOR","2","Washington Capitals","WSH","2",
"1979-01-29","Montreal Canadiens","MTL","7","Philadelphia Flyers","PHI","3",
"1979-01-30","Washington Capitals","WSH","4","Detroit Red Wings","DET","7",
"1979-01-30","Minnesota North Stars","MNS","5","New York Islanders","NYI","4",
"1979-01-30","Los Angeles Kings","LAK","1","St. Louis Blues","STL","7",
"1979-01-30","New York Rangers","NYR","5","Vancouver Canucks","VAN","3",
"1979-01-31","Atlanta Flames","ATF","5","Buffalo Sabres","BUF","2",
"1979-01-31","Boston Bruins","BOS","2","Chicago Black Hawks","CBH","2",
"1979-01-31","New York Rangers","NYR","4","Colorado Rockies","CLR","5",
"1979-01-31","Montreal Canadiens","MTL","4","Pittsburgh Penguins","PIT","1",
"1979-01-31","St. Louis Blues","STL","1","Toronto Maple Leafs","TOR","5",
"1979-01-31","Los Angeles Kings","LAK","3","Washington Capitals","WSH","5",
"1979-02-01","Vancouver Canucks","VAN","1","Atlanta Flames","ATF","4",
"1979-02-01","Chicago Black Hawks","CBH","1","Boston Bruins","BOS","6",
"1979-02-01","Detroit Red Wings","DET","1","Minnesota North Stars","MNS","6",
"1979-02-01","New York Islanders","NYI","4","Philadelphia Flyers","PHI","1",
"1979-02-03","Chicago Black Hawks","CBH","4","Atlanta Flames","ATF","2",
"1979-02-03","New York Rangers","NYR","2","Los Angeles Kings","LAK","4",
"1979-02-03","Buffalo Sabres","BUF","2","Minnesota North Stars","MNS","1",
"1979-02-03","Boston Bruins","BOS","4","New York Islanders","NYI","4",
"1979-02-03","Detroit Red Wings","DET","2","Pittsburgh Penguins","PIT","4",
"1979-02-03","Colorado Rockies","CLR","3","St. Louis Blues","STL","6",
"1979-02-03","Montreal Canadiens","MTL","6","Toronto Maple Leafs","TOR","3",
"1979-02-03","Vancouver Canucks","VAN","5","Washington Capitals","WSH","1",
"1979-02-04","Vancouver Canucks","VAN","1","Boston Bruins","BOS","6",
"1979-02-04","St. Louis Blues","STL","1","Buffalo Sabres","BUF","3",
"1979-02-04","New York Islanders","NYI","4","Chicago Black Hawks","CBH","5",
"1979-02-04","Los Angeles Kings","LAK","4","Colorado Rockies","CLR","1",
"1979-02-04","Pittsburgh Penguins","PIT","3","Detroit Red Wings","DET","8",
"1979-02-04","Toronto Maple Leafs","TOR","4","Minnesota North Stars","MNS","6",
"1979-02-04","Atlanta Flames","ATF","4","Philadelphia Flyers","PHI","7",
"1979-02-04","Montreal Canadiens","MTL","8","Washington Capitals","WSH","4",
"1979-02-12","Toronto Maple Leafs","TOR","5","Chicago Black Hawks","CBH","2",
"1979-02-13","Colorado Rockies","CLR","1","New York Islanders","NYI","6",
"1979-02-13","Vancouver Canucks","VAN","3","St. Louis Blues","STL","3",
"1979-02-14","New York Islanders","NYI","1","Buffalo Sabres","BUF","2",
"1979-02-14","Atlanta Flames","ATF","4","Chicago Black Hawks","CBH","4",
"1979-02-14","Los Angeles Kings","LAK","3","Detroit Red Wings","DET","2",
"1979-02-14","Vancouver Canucks","VAN","1","Minnesota North Stars","MNS","8",
"1979-02-14","Boston Bruins","BOS","1","New York Rangers","NYR","5",
"1979-02-14","Philadelphia Flyers","PHI","2","Toronto Maple Leafs","TOR","2",
"1979-02-15","New York Rangers","NYR","3","Buffalo Sabres","BUF","4",
"1979-02-15","Washington Capitals","WSH","9","Colorado Rockies","CLR","3",
"1979-02-15","Los Angeles Kings","LAK","2","Montreal Canadiens","MTL","2",
"1979-02-15","Boston Bruins","BOS","3","Philadelphia Flyers","PHI","5",
"1979-02-15","Minnesota North Stars","MNS","5","Pittsburgh Penguins","PIT","6",
"1979-02-17","Atlanta Flames","ATF","5","Colorado Rockies","CLR","1",
"1979-02-17","Boston Bruins","BOS","3","Minnesota North Stars","MNS","3",
"1979-02-17","Washington Capitals","WSH","0","Montreal Canadiens","MTL","2",
"1979-02-17","New York Rangers","NYR","4","Philadelphia Flyers","PHI","2",
"1979-02-17","Buffalo Sabres","BUF","3","Pittsburgh Penguins","PIT","6",
"1979-02-17","Chicago Black Hawks","CBH","5","St. Louis Blues","STL","1",
"1979-02-17","Los Angeles Kings","LAK","2","Toronto Maple Leafs","TOR","5",
"1979-02-17","New York Islanders","NYI","5","Vancouver Canucks","VAN","3",
"1979-02-18","Montreal Canadiens","MTL","5","Buffalo Sabres","BUF","2",
"1979-02-18","Colorado Rockies","CLR","3","Chicago Black Hawks","CBH","5",
"1979-02-18","Pittsburgh Penguins","PIT","2","Detroit Red Wings","DET","6",
"1979-02-18","Washington Capitals","WSH","6","New York Rangers","NYR","6",
"1979-02-18","Minnesota North Stars","MNS","2","Philadelphia Flyers","PHI","3",
"1979-02-18","Atlanta Flames","ATF","6","St. Louis Blues","STL","4",
"1979-02-19","Toronto Maple Leafs","TOR","6","Detroit Red Wings","DET","2",
"1979-02-19","New York Islanders","NYI","8","Los Angeles Kings","LAK","3",
"1979-02-20","Washington Capitals","WSH","3","Atlanta Flames","ATF","5",
"1979-02-20","Boston Bruins","BOS","5","Colorado Rockies","CLR","3",
"1979-02-20","Philadelphia Flyers","PHI","3","Vancouver Canucks","VAN","3",
"1979-02-21","Buffalo Sabres","BUF","2","Chicago Black Hawks","CBH","3",
"1979-02-21","Boston Bruins","BOS","1","Los Angeles Kings","LAK","3",
"1979-02-21","Toronto Maple Leafs","TOR","1","Minnesota North Stars","MNS","5",
"1979-02-21","St. Louis Blues","STL","3","New York Rangers","NYR","7",
"1979-02-21","Montreal Canadiens","MTL","1","Pittsburgh Penguins","PIT","3",
"1979-02-21","Detroit Red Wings","DET","4","Washington Capitals","WSH","3",
"1979-02-22","Chicago Black Hawks","CBH","4","Buffalo Sabres","BUF","2",
"1979-02-22","Pittsburgh Penguins","PIT","0","Montreal Canadiens","MTL","12",
"1979-02-22","St. Louis Blues","STL","1","New York Islanders","NYI","6",
"1979-02-22","Colorado Rockies","CLR","0","Vancouver Canucks","VAN","3",
"1979-02-23","Minnesota North Stars","MNS","2","Atlanta Flames","ATF","2",
"1979-02-23","Philadelphia Flyers","PHI","5","Colorado Rockies","CLR","3",
"1979-02-24","Philadelphia Flyers","PHI","4","Los Angeles Kings","LAK","3",
"1979-02-24","Atlanta Flames","ATF","6","Minnesota North Stars","MNS","3",
"1979-02-24","St. Louis Blues","STL","4","Montreal Canadiens","MTL","6",
"1979-02-24","Detroit Red Wings","DET","1","New York Islanders","NYI","3",
"1979-02-24","Chicago Black Hawks","CBH","1","Pittsburgh Penguins","PIT","5",
"1979-02-24","New York Rangers","NYR","4","Toronto Maple Leafs","TOR","2",
"1979-02-24","Boston Bruins","BOS","4","Vancouver Canucks","VAN","3",
"1979-02-24","Buffalo Sabres","BUF","6","Washington Capitals","WSH","4",
"1979-02-25","Pittsburgh Penguins","PIT","2","Chicago Black Hawks","CBH","2",
"1979-02-25","Colorado Rockies","CLR","1","Detroit Red Wings","DET","8",
"1979-02-25","New York Islanders","NYI","2","New York Rangers","NYR","3",
"1979-02-25","Montreal Canadiens","MTL","8","Washington Capitals","WSH","5",
"1979-02-26","Toronto Maple Leafs","TOR","1","Buffalo Sabres","BUF","3",
"1979-02-26","Vancouver Canucks","VAN","0","Los Angeles Kings","LAK","2",
"1979-02-27","Colorado Rockies","CLR","4","Boston Bruins","BOS","2",
"1979-02-27","Montreal Canadiens","MTL","3","New York Islanders","NYI","7",
"1979-02-27","New York Rangers","NYR","1","St. Louis Blues","STL","4",
"1979-02-28","St. Louis Blues","STL","6","Detroit Red Wings","DET","5",
"1979-02-28","Washington Capitals","WSH","3","Los Angeles Kings","LAK","3",
"1979-02-28","New York Rangers","NYR","4","Minnesota North Stars","MNS","4",
"1979-02-28","Colorado Rockies","CLR","3","Pittsburgh Penguins","PIT","5",
"1979-02-28","Atlanta Flames","ATF","6","Toronto Maple Leafs","TOR","4",
"1979-02-28","Chicago Black Hawks","CBH","4","Vancouver Canucks","VAN","4",
"1979-03-01","Philadelphia Flyers","PHI","4","Boston Bruins","BOS","4",
"1979-03-01","Minnesota North Stars","MNS","5","Buffalo Sabres","BUF","5",
"1979-03-01","Toronto Maple Leafs","TOR","1","Montreal Canadiens","MTL","2",
"1979-03-02","New York Islanders","NYI","2","Atlanta Flames","ATF","3",
"1979-03-02","Chicago Black Hawks","CBH","4","Colorado Rockies","CLR","0",
"1979-03-02","Washington Capitals","WSH","6","Vancouver Canucks","VAN","2",
"1979-03-03","Minnesota North Stars","MNS","0","Boston Bruins","BOS","5",
"1979-03-03","Chicago Black Hawks","CBH","5","Los Angeles Kings","LAK","8",
"1979-03-03","Detroit Red Wings","DET","5","Montreal Canadiens","MTL","3",
"1979-03-03","Atlanta Flames","ATF","2","New York Islanders","NYI","4",
"1979-03-03","Buffalo Sabres","BUF","2","New York Rangers","NYR","2",
"1979-03-03","Pittsburgh Penguins","PIT","4","St. Louis Blues","STL","8",
"1979-03-03","Philadelphia Flyers","PHI","3","Toronto Maple Leafs","TOR","4",
"1979-03-04","Philadelphia Flyers","PHI","6","Buffalo Sabres","BUF","1",
"1979-03-04","Pittsburgh Penguins","PIT","7","Colorado Rockies","CLR","2",
"1979-03-04","Boston Bruins","BOS","6","Detroit Red Wings","DET","4",
"1979-03-04","Toronto Maple Leafs","TOR","4","New York Rangers","NYR","2",
"1979-03-04","Los Angeles Kings","LAK","3","Vancouver Canucks","VAN","2",
"1979-03-04","Minnesota North Stars","MNS","4","Washington Capitals","WSH","5",
"1979-03-05","Montreal Canadiens","MTL","2","Washington Capitals","WSH","2",
"1979-03-06","Buffalo Sabres","BUF","3","New York Islanders","NYI","2",
"1979-03-06","Colorado Rockies","CLR","0","Philadelphia Flyers","PHI","5",
"1979-03-07","Detroit Red Wings","DET","1","Minnesota North Stars","MNS","5",
"1979-03-07","Colorado Rockies","CLR","3","New York Rangers","NYR","5",
"1979-03-07","Los Angeles Kings","LAK","4","Pittsburgh Penguins","PIT","0",
"1979-03-07","New York Islanders","NYI","5","St. Louis Blues","STL","5",
"1979-03-07","Vancouver Canucks","VAN","0","Toronto Maple Leafs","TOR","2",
"1979-03-08","Boston Bruins","BOS","5","Atlanta Flames","ATF","7",
"1979-03-08","Los Angeles Kings","LAK","4","Buffalo Sabres","BUF","6",
"1979-03-08","Vancouver Canucks","VAN","1","Montreal Canadiens","MTL","11",
"1979-03-08","Chicago Black Hawks","CBH","5","Philadelphia Flyers","PHI","1",
"1979-03-10","Buffalo Sabres","BUF","5","Atlanta Flames","ATF","5",
"1979-03-10","Boston Bruins","BOS","4","Minnesota North Stars","MNS","3",
"1979-03-10","New York Rangers","NYR","6","Montreal Canadiens","MTL","3",
"1979-03-10","Chicago Black Hawks","CBH","1","New York Islanders","NYI","7",
"1979-03-10","Philadelphia Flyers","PHI","2","Pittsburgh Penguins","PIT","3",
"1979-03-10","Los Angeles Kings","LAK","4","Toronto Maple Leafs","TOR","9",
"1979-03-10","Colorado Rockies","CLR","3","Vancouver Canucks","VAN","1",
"1979-03-10","St. Louis Blues","STL","5","Washington Capitals","WSH","7",
"1979-03-11","New York Islanders","NYI","4","Boston Bruins","BOS","4",
"1979-03-11","Atlanta Flames","ATF","4","Buffalo Sabres","BUF","9",
"1979-03-11","Washington Capitals","WSH","3","Detroit Red Wings","DET","3",
"1979-03-11","Chicago Black Hawks","CBH","2","New York Rangers","NYR","5",
"1979-03-11","Los Angeles Kings","LAK","3","Philadelphia Flyers","PHI","6",
"1979-03-11","Minnesota North Stars","MNS","2","St. Louis Blues","STL","8",
"1979-03-11","Pittsburgh Penguins","PIT","0","Toronto Maple Leafs","TOR","4",
"1979-03-12","Detroit Red Wings","DET","3","Montreal Canadiens","MTL","3",
"1979-03-13","St. Louis Blues","STL","5","Colorado Rockies","CLR","5",
"1979-03-13","Boston Bruins","BOS","2","New York Islanders","NYI","7",
"1979-03-13","Pittsburgh Penguins","PIT","9","Vancouver Canucks","VAN","3",
"1979-03-14","Philadelphia Flyers","PHI","4","Chicago Black Hawks","CBH","0",
"1979-03-14","Pittsburgh Penguins","PIT","3","Los Angeles Kings","LAK","3",
"1979-03-14","Montreal Canadiens","MTL","3","Minnesota North Stars","MNS","4",
"1979-03-14","Atlanta Flames","ATF","6","New York Rangers","NYR","4",
"1979-03-14","Buffalo Sabres","BUF","4","Toronto Maple Leafs","TOR","1",
"1979-03-14","Detroit Red Wings","DET","4","Washington Capitals","WSH","1",
"1979-03-15","New York Rangers","NYR","7","Boston Bruins","BOS","4",
"1979-03-15","Vancouver Canucks","VAN","2","Buffalo Sabres","BUF","4",
"1979-03-15","Toronto Maple Leafs","TOR","2","New York Islanders","NYI","6",
"1979-03-15","Atlanta Flames","ATF","4","Philadelphia Flyers","PHI","5",
"1979-03-16","Vancouver Canucks","VAN","4","Colorado Rockies","CLR","1",
"1979-03-17","Chicago Black Hawks","CBH","2","Boston Bruins","BOS","4",
"1979-03-17","Montreal Canadiens","MTL","1","Los Angeles Kings","LAK","3",
"1979-03-17","New York Rangers","NYR","2","New York Islanders","NYI","5",
"1979-03-17","Buffalo Sabres","BUF","3","Philadelphia Flyers","PHI","5",
"1979-03-17","Detroit Red Wings","DET","3","St. Louis Blues","STL","1",
"1979-03-17","Minnesota North Stars","MNS","4","Toronto Maple Leafs","TOR","6",
"1979-03-17","Pittsburgh Penguins","PIT","5","Washington Capitals","WSH","2",
"1979-03-18","Washington Capitals","WSH","3","Buffalo Sabres","BUF","3",
"1979-03-18","Detroit Red Wings","DET","4","Chicago Black Hawks","CBH","2",
"1979-03-18","Montreal Canadiens","MTL","3","Colorado Rockies","CLR","1",
"1979-03-18","New York Islanders","NYI","5","Minnesota North Stars","MNS","3",
"1979-03-18","Pittsburgh Penguins","PIT","5","New York Rangers","NYR","1",
"1979-03-18","St. Louis Blues","STL","3","Philadelphia Flyers","PHI","5",
"1979-03-18","Atlanta Flames","ATF","1","Vancouver Canucks","VAN","2",
"1979-03-19","Toronto Maple Leafs","TOR","3","Boston Bruins","BOS","4",
"1979-03-20","Chicago Black Hawks","CBH","3","Detroit Red Wings","DET","5",
"1979-03-20","Atlanta Flames","ATF","3","Los Angeles Kings","LAK","4",
"1979-03-20","New York Rangers","NYR","2","Washington Capitals","WSH","2",
"1979-03-21","New York Rangers","NYR","7","Chicago Black Hawks","CBH","6",
"1979-03-21","Buffalo Sabres","BUF","3","Colorado Rockies","CLR","2",
"1979-03-21","Philadelphia Flyers","PHI","3","Minnesota North Stars","MNS","7",
"1979-03-21","Washington Capitals","WSH","2","Pittsburgh Penguins","PIT","2",
"1979-03-21","Detroit Red Wings","DET","4","Toronto Maple Leafs","TOR","2",
"1979-03-21","St. Louis Blues","STL","1","Vancouver Canucks","VAN","1",
"1979-03-22","Pittsburgh Penguins","PIT","3","Boston Bruins","BOS","1",
"1979-03-22","St. Louis Blues","STL","3","Los Angeles Kings","LAK","3",
"1979-03-22","New York Islanders","NYI","5","Montreal Canadiens","MTL","3",
"1979-03-23","Philadelphia Flyers","PHI","4","Atlanta Flames","ATF","1",
"1979-03-23","Buffalo Sabres","BUF","4","Vancouver Canucks","VAN","3",
"1979-03-24","Detroit Red Wings","DET","2","Boston Bruins","BOS","5",
"1979-03-24","Minnesota North Stars","MNS","3","Colorado Rockies","CLR","1",
"1979-03-24","Buffalo Sabres","BUF","3","Los Angeles Kings","LAK","2",
"1979-03-24","Washington Capitals","WSH","1","Montreal Canadiens","MTL","3",
"1979-03-24","Pittsburgh Penguins","PIT","3","New York Islanders","NYI","3",
"1979-03-24","Chicago Black Hawks","CBH","3","Toronto Maple Leafs","TOR","3",
"1979-03-25","St. Louis Blues","STL","2","Atlanta Flames","ATF","8",
"1979-03-25","Colorado Rockies","CLR","0","Chicago Black Hawks","CBH","3",
"1979-03-25","Toronto Maple Leafs","TOR","1","Detroit Red Wings","DET","2",
"1979-03-25","Montreal Canadiens","MTL","1","New York Rangers","NYR","0",
"1979-03-25","Washington Capitals","WSH","4","Philadelphia Flyers","PHI","7",
"1979-03-25","New York Islanders","NYI","2","Pittsburgh Penguins","PIT","2",
"1979-03-25","Minnesota North Stars","MNS","1","Vancouver Canucks","VAN","2",
"1979-03-26","Buffalo Sabres","BUF","4","St. Louis Blues","STL","2",
"1979-03-27","Montreal Canadiens","MTL","6","Atlanta Flames","ATF","4",
"1979-03-27","Chicago Black Hawks","CBH","1","Colorado Rockies","CLR","1",
"1979-03-27","Pittsburgh Penguins","PIT","5","Minnesota North Stars","MNS","1",
"1979-03-27","Philadelphia Flyers","PHI","4","New York Rangers","NYR","4",
"1979-03-27","Detroit Red Wings","DET","2","Vancouver Canucks","VAN","5",
"1979-03-28","Boston Bruins","BOS","2","Buffalo Sabres","BUF","9",
"1979-03-28","Detroit Red Wings","DET","1","Los Angeles Kings","LAK","8",
"1979-03-28","New York Rangers","NYR","1","Pittsburgh Penguins","PIT","7",
"1979-03-28","Washington Capitals","WSH","2","Toronto Maple Leafs","TOR","6",
"1979-03-29","Minnesota North Stars","MNS","4","Boston Bruins","BOS","7",
"1979-03-29","New York Islanders","NYI","1","Chicago Black Hawks","CBH","6",
"1979-03-29","St. Louis Blues","STL","2","Montreal Canadiens","MTL","5",
"1979-03-29","Vancouver Canucks","VAN","0","Philadelphia Flyers","PHI","5",
"1979-03-30","Los Angeles Kings","LAK","3","Atlanta Flames","ATF","5",
"1979-03-31","Vancouver Canucks","VAN","2","Colorado Rockies","CLR","0",
"1979-03-31","Los Angeles Kings","LAK","5","Detroit Red Wings","DET","4",
"1979-03-31","Pittsburgh Penguins","PIT","3","Montreal Canadiens","MTL","5",
"1979-03-31","Buffalo Sabres","BUF","0","New York Islanders","NYI","2",
"1979-03-31","Philadelphia Flyers","PHI","4","St. Louis Blues","STL","2",
"1979-03-31","Minnesota North Stars","MNS","2","Toronto Maple Leafs","TOR","6",
"1979-03-31","Boston Bruins","BOS","4","Washington Capitals","WSH","1",
"1979-04-01","Montreal Canadiens","MTL","3","Boston Bruins","BOS","3",
"1979-04-01","Toronto Maple Leafs","TOR","6","Buffalo Sabres","BUF","3",
"1979-04-01","Vancouver Canucks","VAN","2","Chicago Black Hawks","CBH","2",
"1979-04-01","St. Louis Blues","STL","5","Colorado Rockies","CLR","9",
"1979-04-01","Minnesota North Stars","MNS","1","Detroit Red Wings","DET","3",
"1979-04-01","New York Rangers","NYR","3","Philadelphia Flyers","PHI","7",
"1979-04-01","Atlanta Flames","ATF","7","Pittsburgh Penguins","PIT","2",
"1979-04-01","New York Islanders","NYI","4","Washington Capitals","WSH","6",
"1979-04-02","Los Angeles Kings","LAK","4","New York Rangers","NYR","5",
"1979-04-03","Chicago Black Hawks","CBH","3","Minnesota North Stars","MNS","4",
"1979-04-03","Atlanta Flames","ATF","2","New York Islanders","NYI","3",
"1979-04-03","Pittsburgh Penguins","PIT","3","St. Louis Blues","STL","2",
"1979-04-03","Colorado Rockies","CLR","1","Vancouver Canucks","VAN","2",
"1979-04-03","Los Angeles Kings","LAK","2","Washington Capitals","WSH","6",
"1979-04-04","Minnesota North Stars","MNS","1","Chicago Black Hawks","CBH","7",
"1979-04-04","Detroit Red Wings","DET","1","Montreal Canadiens","MTL","4",
"1979-04-04","Atlanta Flames","ATF","3","New York Rangers","NYR","3",
"1979-04-04","Boston Bruins","BOS","3","Toronto Maple Leafs","TOR","3",
"1979-04-05","Buffalo Sabres","BUF","9","Boston Bruins","BOS","3",
"1979-04-05","Colorado Rockies","CLR","4","Los Angeles Kings","LAK","4",
"1979-04-05","New York Islanders","NYI","3","Philadelphia Flyers","PHI","1",
"1979-04-06","New York Rangers","NYR","2","Atlanta Flames","ATF","9",
"1979-04-06","Minnesota North Stars","MNS","2","Vancouver Canucks","VAN","2",
"1979-04-07","Minnesota North Stars","MNS","1","Los Angeles Kings","LAK","7",
"1979-04-07","Washington Capitals","WSH","3","Montreal Canadiens","MTL","10",
"1979-04-07","Philadelphia Flyers","PHI","2","New York Islanders","NYI","9",
"1979-04-07","Detroit Red Wings","DET","3","Pittsburgh Penguins","PIT","4",
"1979-04-07","Chicago Black Hawks","CBH","1","St. Louis Blues","STL","4",
"1979-04-07","Buffalo Sabres","BUF","2","Toronto Maple Leafs","TOR","6",
"1979-04-08","Toronto Maple Leafs","TOR","3","Boston Bruins","BOS","6",
"1979-04-08","Colorado Rockies","CLR","5","Buffalo Sabres","BUF","5",
"1979-04-08","St. Louis Blues","STL","2","Chicago Black Hawks","CBH","3",
"1979-04-08","Montreal Canadiens","MTL","0","Detroit Red Wings","DET","1",
"1979-04-08","New York Islanders","NYI","5","New York Rangers","NYR","2",
"1979-04-08","Atlanta Flames","ATF","2","Philadelphia Flyers","PHI","4",
"1979-04-08","Pittsburgh Penguins","PIT","2","Washington Capitals","WSH","5",
