date,vistor,vistorAbrv,vistorGoals,home,homeAbrv,homeGoals,notes
"2010-10-07","Chicago Blackhawks","CHI","3","Colorado Avalanche","COL","4",
"2010-10-07","Calgary Flames","CGY","0","Edmonton Oilers","EDM","4",
"2010-10-07","Carolina Hurricanes","CAR","4","Minnesota Wild","MIN","3","at Helsinki, FI"
"2010-10-07","Philadelphia Flyers","PHI","3","Pittsburgh Penguins","PIT","2",
"2010-10-07","Montreal Canadiens","MTL","2","Toronto Maple Leafs","TOR","3",
"2010-10-08","Washington Capitals","WSH","2","Atlanta Thrashers","ATL","4",
"2010-10-08","Minnesota Wild","MIN","1","Carolina Hurricanes","CAR","2","at Helsinki, FI"
"2010-10-08","San Jose Sharks","SJS","3","Columbus Blue Jackets","CBJ","2","at Stockholm, SE"
"2010-10-08","Anaheim Ducks","ANA","0","Detroit Red Wings","DET","4",
"2010-10-08","Dallas Stars","DAL","4","New Jersey Devils","NJD","3",
"2010-10-08","Buffalo Sabres","BUF","2","Ottawa Senators","OTT","1",
"2010-10-09","Phoenix Coyotes","PHX","5","Boston Bruins","BOS","2","at Prague, CZ"
"2010-10-09","New York Rangers","NYR","6","Buffalo Sabres","BUF","3",
"2010-10-09","Detroit Red Wings","DET","3","Chicago Blackhawks","CHI","2",
"2010-10-09","Anaheim Ducks","ANA","1","Nashville Predators","NSH","4",
"2010-10-09","Dallas Stars","DAL","5","New York Islanders","NYI","4",
"2010-10-09","Montreal Canadiens","MTL","3","Pittsburgh Penguins","PIT","2",
"2010-10-09","Columbus Blue Jackets","CBJ","3","San Jose Sharks","SJS","2","at Stockholm, SE"
"2010-10-09","Philadelphia Flyers","PHI","1","St. Louis Blues","STL","2",
"2010-10-09","Atlanta Thrashers","ATL","3","Tampa Bay Lightning","TBL","5",
"2010-10-09","Ottawa Senators","OTT","1","Toronto Maple Leafs","TOR","5",
"2010-10-09","Los Angeles Kings","LAK","2","Vancouver Canucks","VAN","1",
"2010-10-09","New Jersey Devils","NJD","2","Washington Capitals","WSH","7",
"2010-10-10","Los Angeles Kings","LAK","1","Calgary Flames","CGY","3",
"2010-10-10","Florida Panthers","FLA","2","Edmonton Oilers","EDM","3",
"2010-10-10","Boston Bruins","BOS","3","Phoenix Coyotes","PHX","0","at Prague, CZ"
"2010-10-11","Chicago Blackhawks","CHI","4","Buffalo Sabres","BUF","3",
"2010-10-11","Pittsburgh Penguins","PIT","3","New Jersey Devils","NJD","1",
"2010-10-11","New York Rangers","NYR","4","New York Islanders","NYI","6",
"2010-10-11","Colorado Avalanche","COL","2","Philadelphia Flyers","PHI","4",
"2010-10-11","Anaheim Ducks","ANA","1","St. Louis Blues","STL","5",
"2010-10-11","Florida Panthers","FLA","1","Vancouver Canucks","VAN","2",
"2010-10-11","Ottawa Senators","OTT","2","Washington Capitals","WSH","3",
"2010-10-12","Colorado Avalanche","COL","5","Detroit Red Wings","DET","4",
"2010-10-12","Atlanta Thrashers","ATL","1","Los Angeles Kings","LAK","3",
"2010-10-13","Vancouver Canucks","VAN","3","Anaheim Ducks","ANA","4",
"2010-10-13","New Jersey Devils","NJD","1","Buffalo Sabres","BUF","0",
"2010-10-13","Nashville Predators","NSH","3","Chicago Blackhawks","CHI","2",
"2010-10-13","Tampa Bay Lightning","TBL","4","Montreal Canadiens","MTL","3",
"2010-10-13","Toronto Maple Leafs","TOR","4","Pittsburgh Penguins","PIT","3",
"2010-10-13","New York Islanders","NYI","1","Washington Capitals","WSH","2",
"2010-10-14","Florida Panthers","FLA","3","Calgary Flames","CGY","0",
"2010-10-14","Detroit Red Wings","DET","1","Dallas Stars","DAL","4",
"2010-10-14","Edmonton Oilers","EDM","2","Minnesota Wild","MIN","4",
"2010-10-14","St. Louis Blues","STL","3","Nashville Predators","NSH","4",
"2010-10-14","Carolina Hurricanes","CAR","2","Ottawa Senators","OTT","3",
"2010-10-14","Tampa Bay Lightning","TBL","3","Philadelphia Flyers","PHI","2",
"2010-10-15","Atlanta Thrashers","ATL","5","Anaheim Ducks","ANA","4",
"2010-10-15","Montreal Canadiens","MTL","2","Buffalo Sabres","BUF","1",
"2010-10-15","Chicago Blackhawks","CHI","5","Columbus Blue Jackets","CBJ","2",
"2010-10-15","Vancouver Canucks","VAN","1","Los Angeles Kings","LAK","4",
"2010-10-15","Colorado Avalanche","COL","3","New Jersey Devils","NJD","2",
"2010-10-15","Toronto Maple Leafs","TOR","4","New York Rangers","NYR","3",
"2010-10-15","New York Islanders","NYI","2","Pittsburgh Penguins","PIT","3",
"2010-10-16","Edmonton Oilers","EDM","3","Calgary Flames","CGY","5",
"2010-10-16","Buffalo Sabres","BUF","3","Chicago Blackhawks","CHI","4",
"2010-10-16","St. Louis Blues","STL","2","Dallas Stars","DAL","3",
"2010-10-16","Tampa Bay Lightning","TBL","0","Florida Panthers","FLA","6",
"2010-10-16","Columbus Blue Jackets","CBJ","3","Minnesota Wild","MIN","2",
"2010-10-16","Ottawa Senators","OTT","3","Montreal Canadiens","MTL","4",
"2010-10-16","Boston Bruins","BOS","4","New Jersey Devils","NJD","1",
"2010-10-16","Washington Capitals","WSH","3","Nashville Predators","NSH","2",
"2010-10-16","Colorado Avalanche","COL","2","New York Islanders","NYI","5",
"2010-10-16","Pittsburgh Penguins","PIT","5","Philadelphia Flyers","PHI","1",
"2010-10-16","Detroit Red Wings","DET","2","Phoenix Coyotes","PHX","1",
"2010-10-16","Atlanta Thrashers","ATL","4","San Jose Sharks","SJS","2",
"2010-10-17","Phoenix Coyotes","PHX","2","Anaheim Ducks","ANA","3",
"2010-10-17","Carolina Hurricanes","CAR","1","Vancouver Canucks","VAN","5",
"2010-10-18","St. Louis Blues","STL","2","Chicago Blackhawks","CHI","3",
"2010-10-18","Colorado Avalanche","COL","3","New York Rangers","NYR","1",
"2010-10-18","Ottawa Senators","OTT","2","Pittsburgh Penguins","PIT","5",
"2010-10-18","Dallas Stars","DAL","4","Tampa Bay Lightning","TBL","5",
"2010-10-18","New York Islanders","NYI","2","Toronto Maple Leafs","TOR","1",
"2010-10-19","Vancouver Canucks","VAN","2","Minnesota Wild","MIN","6",
"2010-10-19","Calgary Flames","CGY","1","Nashville Predators","NSH","0",
"2010-10-19","Carolina Hurricanes","CAR","5","San Jose Sharks","SJS","2",
"2010-10-19","Boston Bruins","BOS","3","Washington Capitals","WSH","1",
"2010-10-20","Buffalo Sabres","BUF","4","Atlanta Thrashers","ATL","1",
"2010-10-20","Anaheim Ducks","ANA","1","Columbus Blue Jackets","CBJ","3",
"2010-10-20","Vancouver Canucks","VAN","1","Chicago Blackhawks","CHI","2",
"2010-10-20","Carolina Hurricanes","CAR","3","Los Angeles Kings","LAK","4",
"2010-10-21","Washington Capitals","WSH","1","Boston Bruins","BOS","4",
"2010-10-21","San Jose Sharks","SJS","4","Colorado Avalanche","COL","2",
"2010-10-21","Calgary Flames","CGY","2","Detroit Red Wings","DET","4",
"2010-10-21","Minnesota Wild","MIN","4","Edmonton Oilers","EDM","2",
"2010-10-21","Dallas Stars","DAL","4","Florida Panthers","FLA","1",
"2010-10-21","New Jersey Devils","NJD","3","Montreal Canadiens","MTL","0",
"2010-10-21","Pittsburgh Penguins","PIT","4","Nashville Predators","NSH","3",
"2010-10-21","Anaheim Ducks","ANA","3","Philadelphia Flyers","PHI","2",
"2010-10-21","Los Angeles Kings","LAK","2","Phoenix Coyotes","PHX","4",
"2010-10-21","New York Islanders","NYI","3","Tampa Bay Lightning","TBL","2",
"2010-10-21","New York Rangers","NYR","2","Toronto Maple Leafs","TOR","1",
"2010-10-22","Tampa Bay Lightning","TBL","5","Atlanta Thrashers","ATL","2",
"2010-10-22","Ottawa Senators","OTT","4","Buffalo Sabres","BUF","2",
"2010-10-22","Calgary Flames","CGY","6","Columbus Blue Jackets","CBJ","2",
"2010-10-22","Chicago Blackhawks","CHI","2","St. Louis Blues","STL","4",
"2010-10-22","Minnesota Wild","MIN","1","Vancouver Canucks","VAN","5",
"2010-10-23","New York Rangers","NYR","3","Boston Bruins","BOS","2",
"2010-10-23","Columbus Blue Jackets","CBJ","3","Chicago Blackhawks","CHI","2",
"2010-10-23","Los Angeles Kings","LAK","6","Colorado Avalanche","COL","4",
"2010-10-23","Nashville Predators","NSH","1","Dallas Stars","DAL","0",
"2010-10-23","Anaheim Ducks","ANA","4","Detroit Red Wings","DET","5",
"2010-10-23","San Jose Sharks","SJS","6","Edmonton Oilers","EDM","1",
"2010-10-23","New York Islanders","NYI","3","Florida Panthers","FLA","4",
"2010-10-23","Buffalo Sabres","BUF","6","New Jersey Devils","NJD","1",
"2010-10-23","Montreal Canadiens","MTL","3","Ottawa Senators","OTT","0",
"2010-10-23","Toronto Maple Leafs","TOR","2","Philadelphia Flyers","PHI","5",
"2010-10-23","Carolina Hurricanes","CAR","4","Phoenix Coyotes","PHX","3",
"2010-10-23","Pittsburgh Penguins","PIT","0","St. Louis Blues","STL","1",
"2010-10-23","Atlanta Thrashers","ATL","3","Washington Capitals","WSH","4",
"2010-10-24","San Jose Sharks","SJS","0","Calgary Flames","CGY","4",
"2010-10-24","New Jersey Devils","NJD","1","New York Rangers","NYR","3",
"2010-10-24","Nashville Predators","NSH","4","Tampa Bay Lightning","TBL","3",
"2010-10-25","Philadelphia Flyers","PHI","1","Columbus Blue Jackets","CBJ","2",
"2010-10-25","Los Angeles Kings","LAK","3","Minnesota Wild","MIN","2",
"2010-10-25","Phoenix Coyotes","PHX","2","Montreal Canadiens","MTL","3",
"2010-10-26","Edmonton Oilers","EDM","4","Calgary Flames","CGY","5",
"2010-10-26","Anaheim Ducks","ANA","5","Dallas Stars","DAL","2",
"2010-10-26","Phoenix Coyotes","PHX","2","Ottawa Senators","OTT","5",
"2010-10-26","Buffalo Sabres","BUF","3","Philadelphia Flyers","PHI","6",
"2010-10-26","Florida Panthers","FLA","1","Toronto Maple Leafs","TOR","3",
"2010-10-26","Colorado Avalanche","COL","3","Vancouver Canucks","VAN","4",
"2010-10-27","Washington Capitals","WSH","3","Carolina Hurricanes","CAR","0",
"2010-10-27","Los Angeles Kings","LAK","1","Chicago Blackhawks","CHI","3",
"2010-10-27","New York Islanders","NYI","3","Montreal Canadiens","MTL","5",
"2010-10-27","Atlanta Thrashers","ATL","6","New York Rangers","NYR","4",
"2010-10-27","New Jersey Devils","NJD","2","San Jose Sharks","SJS","5",
"2010-10-27","Pittsburgh Penguins","PIT","3","Tampa Bay Lightning","TBL","5",
"2010-10-28","Toronto Maple Leafs","TOR","0","Boston Bruins","BOS","2",
"2010-10-28","Edmonton Oilers","EDM","2","Columbus Blue Jackets","CBJ","3",
"2010-10-28","Colorado Avalanche","COL","6","Calgary Flames","CGY","5",
"2010-10-28","Los Angeles Kings","LAK","5","Dallas Stars","DAL","2",
"2010-10-28","Phoenix Coyotes","PHX","4","Detroit Red Wings","DET","2",
"2010-10-28","Washington Capitals","WSH","1","Minnesota Wild","MIN","2",
"2010-10-28","St. Louis Blues","STL","3","Nashville Predators","NSH","0",
"2010-10-28","Florida Panthers","FLA","3","Ottawa Senators","OTT","5",
"2010-10-29","New Jersey Devils","NJD","2","Anaheim Ducks","ANA","1",
"2010-10-29","Buffalo Sabres","BUF","3","Atlanta Thrashers","ATL","4",
"2010-10-29","Edmonton Oilers","EDM","7","Chicago Blackhawks","CHI","4",
"2010-10-29","Montreal Canadiens","MTL","3","New York Islanders","NYI","1",
"2010-10-29","Carolina Hurricanes","CAR","4","New York Rangers","NYR","3",
"2010-10-29","Philadelphia Flyers","PHI","3","Pittsburgh Penguins","PIT","2",
"2010-10-30","Pittsburgh Penguins","PIT","3","Carolina Hurricanes","CAR","0",
"2010-10-30","Washington Capitals","WSH","7","Calgary Flames","CGY","2",
"2010-10-30","Columbus Blue Jackets","CBJ","1","Colorado Avalanche","COL","5",
"2010-10-30","Buffalo Sabres","BUF","0","Dallas Stars","DAL","4",
"2010-10-30","Nashville Predators","NSH","2","Detroit Red Wings","DET","5",
"2010-10-30","New Jersey Devils","NJD","1","Los Angeles Kings","LAK","3",
"2010-10-30","Chicago Blackhawks","CHI","3","Minnesota Wild","MIN","1",
"2010-10-30","Florida Panthers","FLA","3","Montreal Canadiens","MTL","1",
"2010-10-30","Boston Bruins","BOS","4","Ottawa Senators","OTT","0",
"2010-10-30","New York Islanders","NYI","1","Philadelphia Flyers","PHI","6",
"2010-10-30","Tampa Bay Lightning","TBL","3","Phoenix Coyotes","PHX","0",
"2010-10-30","Anaheim Ducks","ANA","2","San Jose Sharks","SJS","5",
"2010-10-30","Atlanta Thrashers","ATL","3","St. Louis Blues","STL","4",
"2010-10-30","New York Rangers","NYR","2","Toronto Maple Leafs","TOR","0",
"2010-11-01","Chicago Blackhawks","CHI","2","New York Rangers","NYR","3",
"2010-11-01","Carolina Hurricanes","CAR","2","Philadelphia Flyers","PHI","3",
"2010-11-01","New Jersey Devils","NJD","0","Vancouver Canucks","VAN","3",
"2010-11-02","Montreal Canadiens","MTL","0","Columbus Blue Jackets","CBJ","3",
"2010-11-02","Vancouver Canucks","VAN","4","Edmonton Oilers","EDM","3",
"2010-11-02","San Jose Sharks","SJS","0","Minnesota Wild","MIN","1",
"2010-11-02","Ottawa Senators","OTT","3","Toronto Maple Leafs","TOR","2",
"2010-11-03","Tampa Bay Lightning","TBL","2","Anaheim Ducks","ANA","3",
"2010-11-03","Boston Bruins","BOS","5","Buffalo Sabres","BUF","2",
"2010-11-03","New York Islanders","NYI","2","Carolina Hurricanes","CAR","7",
"2010-11-03","Detroit Red Wings","DET","2","Calgary Flames","CGY","1",
"2010-11-03","New Jersey Devils","NJD","5","Chicago Blackhawks","CHI","3",
"2010-11-03","Pittsburgh Penguins","PIT","2","Dallas Stars","DAL","5",
"2010-11-03","Atlanta Thrashers","ATL","4","Florida Panthers","FLA","3",
"2010-11-03","Nashville Predators","NSH","3","Phoenix Coyotes","PHX","4",
"2010-11-03","Toronto Maple Leafs","TOR","4","Washington Capitals","WSH","5",
"2010-11-04","Columbus Blue Jackets","CBJ","3","Atlanta Thrashers","ATL","0",
"2010-11-04","Vancouver Canucks","VAN","3","Colorado Avalanche","COL","1",
"2010-11-04","Tampa Bay Lightning","TBL","0","Los Angeles Kings","LAK","1",
"2010-11-04","New York Islanders","NYI","1","Ottawa Senators","OTT","4",
"2010-11-04","New York Rangers","NYR","1","Philadelphia Flyers","PHI","4",
"2010-11-04","San Jose Sharks","SJS","0","St. Louis Blues","STL","2",
"2010-11-05","Pittsburgh Penguins","PIT","2","Anaheim Ducks","ANA","3",
"2010-11-05","Montreal Canadiens","MTL","3","Buffalo Sabres","BUF","2",
"2010-11-05","Phoenix Coyotes","PHX","3","Dallas Stars","DAL","6",
"2010-11-05","Detroit Red Wings","DET","3","Edmonton Oilers","EDM","1",
"2010-11-05","Carolina Hurricanes","CAR","4","Florida Panthers","FLA","7",
"2010-11-05","Calgary Flames","CGY","1","Minnesota Wild","MIN","2",
"2010-11-05","New York Rangers","NYR","3","New Jersey Devils","NJD","0",
"2010-11-05","Boston Bruins","BOS","3","Washington Capitals","WSH","5",
"2010-11-06","Chicago Blackhawks","CHI","5","Atlanta Thrashers","ATL","4",
"2010-11-06","St. Louis Blues","STL","2","Boston Bruins","BOS","1",
"2010-11-06","Florida Panthers","FLA","2","Carolina Hurricanes","CAR","3",
"2010-11-06","Minnesota Wild","MIN","3","Columbus Blue Jackets","CBJ","2",
"2010-11-06","Dallas Stars","DAL","0","Colorado Avalanche","COL","5",
"2010-11-06","Nashville Predators","NSH","1","Los Angeles Kings","LAK","4",
"2010-11-06","Ottawa Senators","OTT","3","Montreal Canadiens","MTL","2",
"2010-11-06","Philadelphia Flyers","PHI","2","New York Islanders","NYI","1",
"2010-11-06","Pittsburgh Penguins","PIT","4","Phoenix Coyotes","PHX","3",
"2010-11-06","Tampa Bay Lightning","TBL","2","San Jose Sharks","SJS","5",
"2010-11-06","Buffalo Sabres","BUF","3","Toronto Maple Leafs","TOR","2",
"2010-11-06","Detroit Red Wings","DET","4","Vancouver Canucks","VAN","6",
"2010-11-07","Nashville Predators","NSH","4","Anaheim Ducks","ANA","5",
"2010-11-07","Edmonton Oilers","EDM","2","Chicago Blackhawks","CHI","1",
"2010-11-07","St. Louis Blues","STL","2","New York Rangers","NYR","0",
"2010-11-07","Philadelphia Flyers","PHI","2","Washington Capitals","WSH","3",
"2010-11-08","Phoenix Coyotes","PHX","2","Detroit Red Wings","DET","3",
"2010-11-09","Edmonton Oilers","EDM","1","Carolina Hurricanes","CAR","7",
"2010-11-09","Calgary Flames","CGY","4","Colorado Avalanche","COL","2",
"2010-11-09","Vancouver Canucks","VAN","0","Montreal Canadiens","MTL","2",
"2010-11-09","Washington Capitals","WSH","5","New York Rangers","NYR","3",
"2010-11-09","Atlanta Thrashers","ATL","2","Ottawa Senators","OTT","5",
"2010-11-09","Anaheim Ducks","ANA","3","San Jose Sharks","SJS","2",
"2010-11-09","Toronto Maple Leafs","TOR","0","Tampa Bay Lightning","TBL","4",
"2010-11-10","New York Islanders","NYI","0","Anaheim Ducks","ANA","1",
"2010-11-10","St. Louis Blues","STL","1","Columbus Blue Jackets","CBJ","8",
"2010-11-10","Phoenix Coyotes","PHX","2","Chicago Blackhawks","CHI","1",
"2010-11-10","Toronto Maple Leafs","TOR","1","Florida Panthers","FLA","4",
"2010-11-10","Buffalo Sabres","BUF","5","New Jersey Devils","NJD","4",
"2010-11-10","Boston Bruins","BOS","7","Pittsburgh Penguins","PIT","4",
"2010-11-11","Minnesota Wild","MIN","1","Atlanta Thrashers","ATL","5",
"2010-11-11","Montreal Canadiens","MTL","3","Boston Bruins","BOS","1",
"2010-11-11","Philadelphia Flyers","PHI","8","Carolina Hurricanes","CAR","1",
"2010-11-11","Edmonton Oilers","EDM","2","Detroit Red Wings","DET","6",
"2010-11-11","Dallas Stars","DAL","1","Los Angeles Kings","LAK","3",
"2010-11-11","Buffalo Sabres","BUF","2","New York Rangers","NYR","3",
"2010-11-11","Vancouver Canucks","VAN","6","Ottawa Senators","OTT","2",
"2010-11-11","New York Islanders","NYI","1","San Jose Sharks","SJS","2",
"2010-11-11","Nashville Predators","NSH","3","St. Louis Blues","STL","2",
"2010-11-11","Tampa Bay Lightning","TBL","3","Washington Capitals","WSH","6",
"2010-11-12","Dallas Stars","DAL","2","Anaheim Ducks","ANA","4",
"2010-11-12","Colorado Avalanche","COL","5","Columbus Blue Jackets","CBJ","1",
"2010-11-12","Minnesota Wild","MIN","1","Florida Panthers","FLA","2",
"2010-11-12","Edmonton Oilers","EDM","3","New Jersey Devils","NJD","4",
"2010-11-12","Calgary Flames","CGY","4","Phoenix Coyotes","PHX","5",
"2010-11-12","Tampa Bay Lightning","TBL","1","Pittsburgh Penguins","PIT","5",
"2010-11-13","Pittsburgh Penguins","PIT","4","Atlanta Thrashers","ATL","2",
"2010-11-13","Ottawa Senators","OTT","2","Boston Bruins","BOS","0",
"2010-11-13","Washington Capitals","WSH","2","Buffalo Sabres","BUF","3",
"2010-11-13","Colorado Avalanche","COL","1","Detroit Red Wings","DET","3",
"2010-11-13","New York Islanders","NYI","1","Los Angeles Kings","LAK","5",
"2010-11-13","Carolina Hurricanes","CAR","2","Montreal Canadiens","MTL","7",
"2010-11-13","Chicago Blackhawks","CHI","3","Nashville Predators","NSH","4",
"2010-11-13","Florida Panthers","FLA","2","Philadelphia Flyers","PHI","5",
"2010-11-13","St. Louis Blues","STL","3","Phoenix Coyotes","PHX","5",
"2010-11-13","Calgary Flames","CGY","3","San Jose Sharks","SJS","4",
"2010-11-13","Vancouver Canucks","VAN","5","Toronto Maple Leafs","TOR","3",
"2010-11-14","Anaheim Ducks","ANA","2","Chicago Blackhawks","CHI","3",
"2010-11-14","Edmonton Oilers","EDM","2","New York Rangers","NYR","8",
"2010-11-14","Minnesota Wild","MIN","4","Tampa Bay Lightning","TBL","1",
"2010-11-14","Atlanta Thrashers","ATL","4","Washington Capitals","WSH","6",
"2010-11-15","New Jersey Devils","NJD","0","Boston Bruins","BOS","3",
"2010-11-15","Vancouver Canucks","VAN","3","Buffalo Sabres","BUF","4",
"2010-11-15","St. Louis Blues","STL","3","Colorado Avalanche","COL","6",
"2010-11-15","Ottawa Senators","OTT","1","Philadelphia Flyers","PHI","5",
"2010-11-15","New York Rangers","NYR","3","Pittsburgh Penguins","PIT","2",
"2010-11-15","Los Angeles Kings","LAK","3","San Jose Sharks","SJS","6",
"2010-11-16","Anaheim Ducks","ANA","1","Dallas Stars","DAL","2",
"2010-11-16","Philadelphia Flyers","PHI","0","Montreal Canadiens","MTL","3",
"2010-11-16","Nashville Predators","NSH","4","Toronto Maple Leafs","TOR","5",
"2010-11-17","Florida Panthers","FLA","2","Atlanta Thrashers","ATL","1",
"2010-11-17","Ottawa Senators","OTT","1","Carolina Hurricanes","CAR","7",
"2010-11-17","Phoenix Coyotes","PHX","3","Calgary Flames","CGY","1",
"2010-11-17","San Jose Sharks","SJS","3","Colorado Avalanche","COL","4",
"2010-11-17","St. Louis Blues","STL","3","Detroit Red Wings","DET","7",
"2010-11-17","Chicago Blackhawks","CHI","5","Edmonton Oilers","EDM","0",
"2010-11-17","Columbus Blue Jackets","CBJ","5","Los Angeles Kings","LAK","3",
"2010-11-17","Anaheim Ducks","ANA","1","Minnesota Wild","MIN","2",
"2010-11-17","Tampa Bay Lightning","TBL","4","New York Islanders","NYI","2",
"2010-11-17","Boston Bruins","BOS","3","New York Rangers","NYR","2",
"2010-11-17","Vancouver Canucks","VAN","1","Pittsburgh Penguins","PIT","3",
"2010-11-17","Buffalo Sabres","BUF","2","Washington Capitals","WSH","4",
"2010-11-18","Florida Panthers","FLA","0","Boston Bruins","BOS","4",
"2010-11-18","San Jose Sharks","SJS","4","Dallas Stars","DAL","5",
"2010-11-18","Nashville Predators","NSH","3","Montreal Canadiens","MTL","0",
"2010-11-18","Tampa Bay Lightning","TBL","8","Philadelphia Flyers","PHI","7",
"2010-11-18","New Jersey Devils","NJD","1","Toronto Maple Leafs","TOR","3",
"2010-11-19","Columbus Blue Jackets","CBJ","4","Anaheim Ducks","ANA","3",
"2010-11-19","Washington Capitals","WSH","0","Atlanta Thrashers","ATL","5",
"2010-11-19","Los Angeles Kings","LAK","2","Buffalo Sabres","BUF","4",
"2010-11-19","Chicago Blackhawks","CHI","2","Calgary Flames","CGY","7",
"2010-11-19","New York Rangers","NYR","1","Colorado Avalanche","COL","5",
"2010-11-19","Minnesota Wild","MIN","4","Detroit Red Wings","DET","3",
"2010-11-19","Phoenix Coyotes","PHX","4","Edmonton Oilers","EDM","3",
"2010-11-19","Carolina Hurricanes","CAR","4","Pittsburgh Penguins","PIT","5",
"2010-11-19","Ottawa Senators","OTT","2","St. Louis Blues","STL","5",
"2010-11-20","Los Angeles Kings","LAK","4","Boston Bruins","BOS","3",
"2010-11-20","Tampa Bay Lightning","TBL","2","Buffalo Sabres","BUF","1",
"2010-11-20","Nashville Predators","NSH","2","Carolina Hurricanes","CAR","1",
"2010-11-20","Colorado Avalanche","COL","4","Dallas Stars","DAL","3",
"2010-11-20","New York Rangers","NYR","5","Minnesota Wild","MIN","2",
"2010-11-20","Toronto Maple Leafs","TOR","0","Montreal Canadiens","MTL","2",
"2010-11-20","Florida Panthers","FLA","4","New York Islanders","NYI","1",
"2010-11-20","Columbus Blue Jackets","CBJ","3","San Jose Sharks","SJS","0",
"2010-11-20","New Jersey Devils","NJD","2","St. Louis Blues","STL","3",
"2010-11-20","Chicago Blackhawks","CHI","7","Vancouver Canucks","VAN","1",
"2010-11-20","Philadelphia Flyers","PHI","5","Washington Capitals","WSH","4",
"2010-11-21","Edmonton Oilers","EDM","4","Anaheim Ducks","ANA","2",
"2010-11-21","New York Islanders","NYI","1","Atlanta Thrashers","ATL","2",
"2010-11-21","Calgary Flames","CGY","4","Detroit Red Wings","DET","5",
"2010-11-21","Phoenix Coyotes","PHX","3","Vancouver Canucks","VAN","2",
"2010-11-22","Nashville Predators","NSH","0","Columbus Blue Jackets","CBJ","2",
"2010-11-22","Pittsburgh Penguins","PIT","3","Florida Panthers","FLA","2",
"2010-11-22","Washington Capitals","WSH","0","New Jersey Devils","NJD","5",
"2010-11-22","Calgary Flames","CGY","1","New York Rangers","NYR","2",
"2010-11-22","Los Angeles Kings","LAK","2","Ottawa Senators","OTT","3",
"2010-11-22","Montreal Canadiens","MTL","2","Philadelphia Flyers","PHI","3",
"2010-11-22","Boston Bruins","BOS","1","Tampa Bay Lightning","TBL","3",
"2010-11-22","Dallas Stars","DAL","1","Toronto Maple Leafs","TOR","4",
"2010-11-23","Edmonton Oilers","EDM","0","Phoenix Coyotes","PHX","5",
"2010-11-24","Detroit Red Wings","DET","1","Atlanta Thrashers","ATL","5",
"2010-11-24","Pittsburgh Penguins","PIT","1","Buffalo Sabres","BUF","0",
"2010-11-24","Washington Capitals","WSH","3","Carolina Hurricanes","CAR","2",
"2010-11-24","Boston Bruins","BOS","3","Florida Panthers","FLA","1",
"2010-11-24","Philadelphia Flyers","PHI","6","Minnesota Wild","MIN","1",
"2010-11-24","Los Angeles Kings","LAK","1","Montreal Canadiens","MTL","4",
"2010-11-24","Calgary Flames","CGY","1","New Jersey Devils","NJD","2",
"2010-11-24","St. Louis Blues","STL","2","Nashville Predators","NSH","1",
"2010-11-24","Columbus Blue Jackets","CBJ","4","New York Islanders","NYI","3",
"2010-11-24","Dallas Stars","DAL","2","Ottawa Senators","OTT","1",
"2010-11-24","Chicago Blackhawks","CHI","2","San Jose Sharks","SJS","5",
"2010-11-24","New York Rangers","NYR","3","Tampa Bay Lightning","TBL","5",
"2010-11-24","Colorado Avalanche","COL","2","Vancouver Canucks","VAN","4",
"2010-11-25","Colorado Avalanche","COL","2","Edmonton Oilers","EDM","3",
"2010-11-26","Chicago Blackhawks","CHI","4","Anaheim Ducks","ANA","1",
"2010-11-26","Montreal Canadiens","MTL","0","Atlanta Thrashers","ATL","3",
"2010-11-26","Carolina Hurricanes","CAR","3","Boston Bruins","BOS","0",
"2010-11-26","Toronto Maple Leafs","TOR","1","Buffalo Sabres","BUF","3",
"2010-11-26","Detroit Red Wings","DET","2","Columbus Blue Jackets","CBJ","1",
"2010-11-26","St. Louis Blues","STL","2","Dallas Stars","DAL","3",
"2010-11-26","New York Rangers","NYR","3","Florida Panthers","FLA","0",
"2010-11-26","Nashville Predators","NSH","2","Minnesota Wild","MIN","5",
"2010-11-26","New Jersey Devils","NJD","0","New York Islanders","NYI","2",
"2010-11-26","Calgary Flames","CGY","3","Philadelphia Flyers","PHI","2",
"2010-11-26","Ottawa Senators","OTT","1","Pittsburgh Penguins","PIT","2",
"2010-11-26","San Jose Sharks","SJS","1","Vancouver Canucks","VAN","6",
"2010-11-26","Tampa Bay Lightning","TBL","0","Washington Capitals","WSH","6",
"2010-11-27","Minnesota Wild","MIN","4","Colorado Avalanche","COL","7",
"2010-11-27","San Jose Sharks","SJS","4","Edmonton Oilers","EDM","3",
"2010-11-27","Chicago Blackhawks","CHI","2","Los Angeles Kings","LAK","1",
"2010-11-27","Buffalo Sabres","BUF","1","Montreal Canadiens","MTL","3",
"2010-11-27","Philadelphia Flyers","PHI","1","New Jersey Devils","NJD","2",
"2010-11-27","New York Rangers","NYR","2","Nashville Predators","NSH","1",
"2010-11-27","Toronto Maple Leafs","TOR","0","Ottawa Senators","OTT","3",
"2010-11-27","Anaheim Ducks","ANA","6","Phoenix Coyotes","PHX","4",
"2010-11-27","Calgary Flames","CGY","1","Pittsburgh Penguins","PIT","4",
"2010-11-27","Dallas Stars","DAL","2","St. Louis Blues","STL","1",
"2010-11-27","Florida Panthers","FLA","4","Tampa Bay Lightning","TBL","3",
"2010-11-28","Boston Bruins","BOS","1","Atlanta Thrashers","ATL","4",
"2010-11-28","Columbus Blue Jackets","CBJ","2","Detroit Red Wings","DET","4",
"2010-11-28","Carolina Hurricanes","CAR","2","Washington Capitals","WSH","3",
"2010-11-29","Los Angeles Kings","LAK","0","Anaheim Ducks","ANA","2",
"2010-11-29","Dallas Stars","DAL","4","Carolina Hurricanes","CAR","1",
"2010-11-29","Minnesota Wild","MIN","0","Calgary Flames","CGY","3",
"2010-11-29","Pittsburgh Penguins","PIT","3","New York Rangers","NYR","1",
"2010-11-29","Edmonton Oilers","EDM","4","Ottawa Senators","OTT","1",
"2010-11-30","St. Louis Blues","STL","5","Chicago Blackhawks","CHI","7",
"2010-11-30","Atlanta Thrashers","ATL","3","Colorado Avalanche","COL","2",
"2010-11-30","Phoenix Coyotes","PHX","0","Nashville Predators","NSH","3",
"2010-11-30","Detroit Red Wings","DET","5","San Jose Sharks","SJS","3",
"2010-11-30","Tampa Bay Lightning","TBL","4","Toronto Maple Leafs","TOR","3",
"2010-12-01","Florida Panthers","FLA","3","Anaheim Ducks","ANA","5",
"2010-12-01","Nashville Predators","NSH","4","Columbus Blue Jackets","CBJ","3",
"2010-12-01","Vancouver Canucks","VAN","7","Calgary Flames","CGY","2",
"2010-12-01","Phoenix Coyotes","PHX","4","Minnesota Wild","MIN","2",
"2010-12-01","Edmonton Oilers","EDM","4","Montreal Canadiens","MTL","3",
"2010-12-01","Boston Bruins","BOS","3","Philadelphia Flyers","PHI","0",
"2010-12-01","Washington Capitals","WSH","4","St. Louis Blues","STL","1",
"2010-12-02","Tampa Bay Lightning","TBL","1","Boston Bruins","BOS","8",
"2010-12-02","Washington Capitals","WSH","1","Dallas Stars","DAL","2",
"2010-12-02","Florida Panthers","FLA","2","Los Angeles Kings","LAK","3",
"2010-12-02","Montreal Canadiens","MTL","5","New Jersey Devils","NJD","1",
"2010-12-02","New York Rangers","NYR","6","New York Islanders","NYI","5",
"2010-12-02","San Jose Sharks","SJS","4","Ottawa Senators","OTT","0",
"2010-12-02","Atlanta Thrashers","ATL","2","Pittsburgh Penguins","PIT","3",
"2010-12-02","Edmonton Oilers","EDM","5","Toronto Maple Leafs","TOR","0",
"2010-12-03","Detroit Red Wings","DET","4","Anaheim Ducks","ANA","0",
"2010-12-03","Columbus Blue Jackets","CBJ","0","Buffalo Sabres","BUF","5",
"2010-12-03","Colorado Avalanche","COL","1","Carolina Hurricanes","CAR","2",
"2010-12-03","Vancouver Canucks","VAN","3","Chicago Blackhawks","CHI","0",
"2010-12-03","Calgary Flames","CGY","3","Minnesota Wild","MIN","2",
"2010-12-03","New York Islanders","NYI","0","New York Rangers","NYR","2",
"2010-12-04","Pittsburgh Penguins","PIT","7","Columbus Blue Jackets","CBJ","2",
"2010-12-04","Minnesota Wild","MIN","3","Dallas Stars","DAL","4",
"2010-12-04","St. Louis Blues","STL","1","Edmonton Oilers","EDM","2",
"2010-12-04","Detroit Red Wings","DET","2","Los Angeles Kings","LAK","3",
"2010-12-04","San Jose Sharks","SJS","1","Montreal Canadiens","MTL","3",
"2010-12-04","Carolina Hurricanes","CAR","2","Nashville Predators","NSH","5",
"2010-12-04","Buffalo Sabres","BUF","1","Ottawa Senators","OTT","0",
"2010-12-04","New Jersey Devils","NJD","3","Philadelphia Flyers","PHI","5",
"2010-12-04","Florida Panthers","FLA","2","Phoenix Coyotes","PHX","1",
"2010-12-04","Colorado Avalanche","COL","5","Tampa Bay Lightning","TBL","6",
"2010-12-04","Boston Bruins","BOS","2","Toronto Maple Leafs","TOR","3",
"2010-12-04","Atlanta Thrashers","ATL","3","Washington Capitals","WSH","1",
"2010-12-05","Phoenix Coyotes","PHX","3","Anaheim Ducks","ANA","0",
"2010-12-05","Calgary Flames","CGY","2","Chicago Blackhawks","CHI","4",
"2010-12-05","Philadelphia Flyers","PHI","3","New York Islanders","NYI","2",
"2010-12-05","Ottawa Senators","OTT","3","New York Rangers","NYR","1",
"2010-12-05","St. Louis Blues","STL","3","Vancouver Canucks","VAN","2",
"2010-12-06","Nashville Predators","NSH","2","Atlanta Thrashers","ATL","3",
"2010-12-06","Dallas Stars","DAL","2","Columbus Blue Jackets","CBJ","3",
"2010-12-06","San Jose Sharks","SJS","5","Detroit Red Wings","DET","2",
"2010-12-06","New Jersey Devils","NJD","1","Pittsburgh Penguins","PIT","2",
"2010-12-06","Toronto Maple Leafs","TOR","5","Washington Capitals","WSH","4",
"2010-12-07","Buffalo Sabres","BUF","2","Boston Bruins","BOS","3",
"2010-12-07","Tampa Bay Lightning","TBL","2","Calgary Flames","CGY","4",
"2010-12-07","Anaheim Ducks","ANA","3","Edmonton Oilers","EDM","2",
"2010-12-07","Colorado Avalanche","COL","3","Florida Panthers","FLA","4",
"2010-12-07","Ottawa Senators","OTT","1","Montreal Canadiens","MTL","4",
"2010-12-08","Dallas Stars","DAL","3","Chicago Blackhawks","CHI","5",
"2010-12-08","Nashville Predators","NSH","3","Detroit Red Wings","DET","2",
"2010-12-08","San Jose Sharks","SJS","5","Philadelphia Flyers","PHI","4",
"2010-12-08","Toronto Maple Leafs","TOR","2","Pittsburgh Penguins","PIT","5",
"2010-12-08","Anaheim Ducks","ANA","4","Vancouver Canucks","VAN","5",
"2010-12-09","New York Islanders","NYI","2","Boston Bruins","BOS","5",
"2010-12-09","San Jose Sharks","SJS","3","Buffalo Sabres","BUF","6",
"2010-12-09","Calgary Flames","CGY","1","Los Angeles Kings","LAK","2",
"2010-12-09","New York Rangers","NYR","5","Ottawa Senators","OTT","3",
"2010-12-09","Minnesota Wild","MIN","3","Phoenix Coyotes","PHX","2",
"2010-12-09","Columbus Blue Jackets","CBJ","1","St. Louis Blues","STL","4",
"2010-12-09","Philadelphia Flyers","PHI","4","Toronto Maple Leafs","TOR","1",
"2010-12-09","Florida Panthers","FLA","3","Washington Capitals","WSH","0",
"2010-12-10","Calgary Flames","CGY","2","Anaheim Ducks","ANA","3",
"2010-12-10","Colorado Avalanche","COL","4","Atlanta Thrashers","ATL","2",
"2010-12-10","Carolina Hurricanes","CAR","1","Dallas Stars","DAL","2",
"2010-12-10","Montreal Canadiens","MTL","2","Detroit Red Wings","DET","4",
"2010-12-10","Tampa Bay Lightning","TBL","3","Edmonton Oilers","EDM","4",
"2010-12-10","New Jersey Devils","NJD","2","Ottawa Senators","OTT","3",
"2010-12-11","Philadelphia Flyers","PHI","2","Boston Bruins","BOS","1",
"2010-12-11","Pittsburgh Penguins","PIT","5","Buffalo Sabres","BUF","2",
"2010-12-11","New York Rangers","NYR","1","Columbus Blue Jackets","CBJ","3",
"2010-12-11","Minnesota Wild","MIN","3","Los Angeles Kings","LAK","2",
"2010-12-11","Detroit Red Wings","DET","4","New Jersey Devils","NJD","1",
"2010-12-11","Florida Panthers","FLA","0","Nashville Predators","NSH","3",
"2010-12-11","Atlanta Thrashers","ATL","5","New York Islanders","NYI","4",
"2010-12-11","Dallas Stars","DAL","2","Phoenix Coyotes","PHX","5",
"2010-12-11","Chicago Blackhawks","CHI","1","San Jose Sharks","SJS","2",
"2010-12-11","Carolina Hurricanes","CAR","2","St. Louis Blues","STL","1",
"2010-12-11","Montreal Canadiens","MTL","1","Toronto Maple Leafs","TOR","3",
"2010-12-11","Tampa Bay Lightning","TBL","5","Vancouver Canucks","VAN","4",
"2010-12-11","Colorado Avalanche","COL","3","Washington Capitals","WSH","2",
"2010-12-12","Minnesota Wild","MIN","2","Anaheim Ducks","ANA","6",
"2010-12-12","Vancouver Canucks","VAN","2","Edmonton Oilers","EDM","1",
"2010-12-12","Washington Capitals","WSH","0","New York Rangers","NYR","7",
"2010-12-13","Columbus Blue Jackets","CBJ","2","Calgary Flames","CGY","3",
"2010-12-13","Chicago Blackhawks","CHI","5","Colorado Avalanche","COL","7",
"2010-12-13","Los Angeles Kings","LAK","5","Detroit Red Wings","DET","0",
"2010-12-13","New York Islanders","NYI","0","Nashville Predators","NSH","5",
"2010-12-13","Atlanta Thrashers","ATL","4","Ottawa Senators","OTT","3",
"2010-12-13","Dallas Stars","DAL","3","San Jose Sharks","SJS","2",
"2010-12-14","Toronto Maple Leafs","TOR","4","Edmonton Oilers","EDM","1",
"2010-12-14","Pittsburgh Penguins","PIT","2","Philadelphia Flyers","PHI","3",
"2010-12-15","Boston Bruins","BOS","2","Buffalo Sabres","BUF","3",
"2010-12-15","Colorado Avalanche","COL","4","Chicago Blackhawks","CHI","3",
"2010-12-15","St. Louis Blues","STL","2","Detroit Red Wings","DET","5",
"2010-12-15","Carolina Hurricanes","CAR","4","Florida Panthers","FLA","3",
"2010-12-15","Philadelphia Flyers","PHI","5","Montreal Canadiens","MTL","3",
"2010-12-15","Phoenix Coyotes","PHX","0","New Jersey Devils","NJD","3",
"2010-12-15","San Jose Sharks","SJS","2","Nashville Predators","NSH","3",
"2010-12-15","New York Rangers","NYR","4","Pittsburgh Penguins","PIT","1",
"2010-12-15","Atlanta Thrashers","ATL","1","Tampa Bay Lightning","TBL","2",
"2010-12-15","Columbus Blue Jackets","CBJ","2","Vancouver Canucks","VAN","3",
"2010-12-15","Anaheim Ducks","ANA","2","Washington Capitals","WSH","1",
"2010-12-16","Carolina Hurricanes","CAR","3","Atlanta Thrashers","ATL","2",
"2010-12-16","Toronto Maple Leafs","TOR","2","Calgary Flames","CGY","5",
"2010-12-16","San Jose Sharks","SJS","4","Dallas Stars","DAL","3",
"2010-12-16","Columbus Blue Jackets","CBJ","3","Edmonton Oilers","EDM","6",
"2010-12-16","Ottawa Senators","OTT","3","Minnesota Wild","MIN","1",
"2010-12-16","Boston Bruins","BOS","3","Montreal Canadiens","MTL","4",
"2010-12-16","Anaheim Ducks","ANA","2","New York Islanders","NYI","3",
"2010-12-16","Phoenix Coyotes","PHX","3","New York Rangers","NYR","4",
"2010-12-16","Los Angeles Kings","LAK","4","St. Louis Blues","STL","6",
"2010-12-17","Detroit Red Wings","DET","1","Chicago Blackhawks","CHI","4",
"2010-12-17","Ottawa Senators","OTT","5","Colorado Avalanche","COL","6",
"2010-12-17","Buffalo Sabres","BUF","2","Florida Panthers","FLA","6",
"2010-12-17","Nashville Predators","NSH","3","New Jersey Devils","NJD","1",
"2010-12-18","New Jersey Devils","NJD","1","Atlanta Thrashers","ATL","7",
"2010-12-18","Washington Capitals","WSH","2","Boston Bruins","BOS","3",
"2010-12-18","Anaheim Ducks","ANA","2","Carolina Hurricanes","CAR","4",
"2010-12-18","Dallas Stars","DAL","2","Columbus Blue Jackets","CBJ","1",
"2010-12-18","Minnesota Wild","MIN","3","Calgary Flames","CGY","1",
"2010-12-18","Los Angeles Kings","LAK","6","Nashville Predators","NSH","1",
"2010-12-18","Phoenix Coyotes","PHX","4","New York Islanders","NYI","3",
"2010-12-18","New York Rangers","NYR","1","Philadelphia Flyers","PHI","4",
"2010-12-18","San Jose Sharks","SJS","4","St. Louis Blues","STL","1",
"2010-12-18","Buffalo Sabres","BUF","1","Tampa Bay Lightning","TBL","3",
"2010-12-18","Toronto Maple Leafs","TOR","1","Vancouver Canucks","VAN","4",
"2010-12-19","Los Angeles Kings","LAK","2","Chicago Blackhawks","CHI","3",
"2010-12-19","Montreal Canadiens","MTL","2","Colorado Avalanche","COL","3",
"2010-12-19","Dallas Stars","DAL","4","Detroit Red Wings","DET","3",
"2010-12-19","Washington Capitals","WSH","3","Ottawa Senators","OTT","2",
"2010-12-20","Anaheim Ducks","ANA","3","Boston Bruins","BOS","0",
"2010-12-20","Calgary Flames","CGY","1","Minnesota Wild","MIN","4",
"2010-12-20","Florida Panthers","FLA","5","Philadelphia Flyers","PHI","0",
"2010-12-20","Phoenix Coyotes","PHX","1","Pittsburgh Penguins","PIT","6",
"2010-12-20","Vancouver Canucks","VAN","3","St. Louis Blues","STL","1",
"2010-12-20","Carolina Hurricanes","CAR","1","Tampa Bay Lightning","TBL","5",
"2010-12-20","Atlanta Thrashers","ATL","6","Toronto Maple Leafs","TOR","3",
"2010-12-21","St. Louis Blues","STL","4","Atlanta Thrashers","ATL","2",
"2010-12-21","Anaheim Ducks","ANA","2","Buffalo Sabres","BUF","5",
"2010-12-21","Calgary Flames","CGY","1","Columbus Blue Jackets","CBJ","3",
"2010-12-21","Los Angeles Kings","LAK","5","Colorado Avalanche","COL","0",
"2010-12-21","Montreal Canadiens","MTL","2","Dallas Stars","DAL","5",
"2010-12-21","Edmonton Oilers","EDM","1","San Jose Sharks","SJS","2",
"2010-12-21","New Jersey Devils","NJD","1","Washington Capitals","WSH","5",
"2010-12-22","Nashville Predators","NSH","1","Chicago Blackhawks","CHI","4",
"2010-12-22","Vancouver Canucks","VAN","4","Detroit Red Wings","DET","5",
"2010-12-22","Tampa Bay Lightning","TBL","1","New York Islanders","NYI","2",
"2010-12-22","Florida Panthers","FLA","2","Pittsburgh Penguins","PIT","5",
"2010-12-23","Atlanta Thrashers","ATL","1","Boston Bruins","BOS","4",
"2010-12-23","Florida Panthers","FLA","4","Buffalo Sabres","BUF","3",
"2010-12-23","Montreal Canadiens","MTL","3","Carolina Hurricanes","CAR","2",
"2010-12-23","Vancouver Canucks","VAN","7","Columbus Blue Jackets","CBJ","3",
"2010-12-23","Minnesota Wild","MIN","3","Colorado Avalanche","COL","1",
"2010-12-23","Calgary Flames","CGY","3","Dallas Stars","DAL","2",
"2010-12-23","Edmonton Oilers","EDM","2","Los Angeles Kings","LAK","3",
"2010-12-23","New York Islanders","NYI","5","New Jersey Devils","NJD","1",
"2010-12-23","Ottawa Senators","OTT","2","Nashville Predators","NSH","1",
"2010-12-23","Tampa Bay Lightning","TBL","4","New York Rangers","NYR","3",
"2010-12-23","Phoenix Coyotes","PHX","1","San Jose Sharks","SJS","4",
"2010-12-23","Detroit Red Wings","DET","3","St. Louis Blues","STL","4",
"2010-12-23","Pittsburgh Penguins","PIT","3","Washington Capitals","WSH","2",
"2010-12-26","Tampa Bay Lightning","TBL","3","Atlanta Thrashers","ATL","2",
"2010-12-26","Washington Capitals","WSH","3","Carolina Hurricanes","CAR","2",
"2010-12-26","Columbus Blue Jackets","CBJ","1","Chicago Blackhawks","CHI","4",
"2010-12-26","Phoenix Coyotes","PHX","1","Dallas Stars","DAL","0",
"2010-12-26","Anaheim Ducks","ANA","1","Los Angeles Kings","LAK","4",
"2010-12-26","Detroit Red Wings","DET","4","Minnesota Wild","MIN","1",
"2010-12-26","Toronto Maple Leafs","TOR","4","New Jersey Devils","NJD","1",
"2010-12-26","Montreal Canadiens","MTL","1","New York Islanders","NYI","4",
"2010-12-26","Pittsburgh Penguins","PIT","1","Ottawa Senators","OTT","3",
"2010-12-26","Nashville Predators","NSH","0","St. Louis Blues","STL","2",
"2010-12-26","Edmonton Oilers","EDM","2","Vancouver Canucks","VAN","3",
"2010-12-27","Minnesota Wild","MIN","3","Columbus Blue Jackets","CBJ","4",
"2010-12-27","Buffalo Sabres","BUF","2","Calgary Flames","CGY","5",
"2010-12-27","Detroit Red Wings","DET","4","Colorado Avalanche","COL","3",
"2010-12-27","Boston Bruins","BOS","3","Florida Panthers","FLA","2",
"2010-12-27","New York Islanders","NYI","2","New York Rangers","NYR","7",
"2010-12-27","Los Angeles Kings","LAK","4","San Jose Sharks","SJS","0",
"2010-12-28","Buffalo Sabres","BUF","4","Edmonton Oilers","EDM","2",
"2010-12-28","Dallas Stars","DAL","4","Nashville Predators","NSH","2",
"2010-12-28","Anaheim Ducks","ANA","3","Phoenix Coyotes","PHX","1",
"2010-12-28","Atlanta Thrashers","ATL","3","Pittsburgh Penguins","PIT","6",
"2010-12-28","Chicago Blackhawks","CHI","1","St. Louis Blues","STL","3",
"2010-12-28","Boston Bruins","BOS","4","Tampa Bay Lightning","TBL","3",
"2010-12-28","Carolina Hurricanes","CAR","4","Toronto Maple Leafs","TOR","3",
"2010-12-28","Philadelphia Flyers","PHI","2","Vancouver Canucks","VAN","6",
"2010-12-28","Montreal Canadiens","MTL","0","Washington Capitals","WSH","3",
"2010-12-29","Detroit Red Wings","DET","7","Dallas Stars","DAL","3",
"2010-12-29","San Jose Sharks","SJS","3","Minnesota Wild","MIN","5",
"2010-12-29","New York Rangers","NYR","3","New Jersey Devils","NJD","1",
"2010-12-29","Pittsburgh Penguins","PIT","1","New York Islanders","NYI","2",
"2010-12-29","Carolina Hurricanes","CAR","4","Ottawa Senators","OTT","0",
"2010-12-29","Los Angeles Kings","LAK","3","Phoenix Coyotes","PHX","6",
"2010-12-30","Boston Bruins","BOS","2","Atlanta Thrashers","ATL","3",
"2010-12-30","San Jose Sharks","SJS","5","Chicago Blackhawks","CHI","3",
"2010-12-30","Colorado Avalanche","COL","4","Edmonton Oilers","EDM","3",
"2010-12-30","Philadelphia Flyers","PHI","7","Los Angeles Kings","LAK","4",
"2010-12-30","Montreal Canadiens","MTL","1","Tampa Bay Lightning","TBL","4",
"2010-12-30","Columbus Blue Jackets","CBJ","3","Toronto Maple Leafs","TOR","2",
"2010-12-31","Philadelphia Flyers","PHI","2","Anaheim Ducks","ANA","5",
"2010-12-31","Ottawa Senators","OTT","3","Columbus Blue Jackets","CBJ","4",
"2010-12-31","Colorado Avalanche","COL","2","Calgary Flames","CGY","3",
"2010-12-31","Vancouver Canucks","VAN","4","Dallas Stars","DAL","1",
"2010-12-31","New York Islanders","NYI","4","Detroit Red Wings","DET","3",
"2010-12-31","Montreal Canadiens","MTL","3","Florida Panthers","FLA","2",
"2010-12-31","Nashville Predators","NSH","4","Minnesota Wild","MIN","1",
"2010-12-31","Atlanta Thrashers","ATL","1","New Jersey Devils","NJD","3",
"2010-12-31","Phoenix Coyotes","PHX","3","St. Louis Blues","STL","4",
"2011-01-01","Boston Bruins","BOS","6","Buffalo Sabres","BUF","7",
"2011-01-01","New Jersey Devils","NJD","3","Carolina Hurricanes","CAR","6",
"2011-01-01","Calgary Flames","CGY","2","Edmonton Oilers","EDM","1",
"2011-01-01","San Jose Sharks","SJS","1","Los Angeles Kings","LAK","0",
"2011-01-01","Toronto Maple Leafs","TOR","5","Ottawa Senators","OTT","1",
"2011-01-01","Washington Capitals","WSH","3","Pittsburgh Penguins","PIT","1","NHL Winter Classic"
"2011-01-01","New York Rangers","NYR","1","Tampa Bay Lightning","TBL","2",
"2011-01-02","Chicago Blackhawks","CHI","1","Anaheim Ducks","ANA","2",
"2011-01-02","Vancouver Canucks","VAN","2","Colorado Avalanche","COL","1",
"2011-01-02","Philadelphia Flyers","PHI","3","Detroit Red Wings","DET","2",
"2011-01-02","New York Rangers","NYR","0","Florida Panthers","FLA","3",
"2011-01-02","Phoenix Coyotes","PHX","5","Minnesota Wild","MIN","6",
"2011-01-02","Atlanta Thrashers","ATL","4","Montreal Canadiens","MTL","3",
"2011-01-02","Columbus Blue Jackets","CBJ","1","Nashville Predators","NSH","4",
"2011-01-02","Dallas Stars","DAL","4","St. Louis Blues","STL","2",
"2011-01-03","Florida Panthers","FLA","4","Carolina Hurricanes","CAR","3",
"2011-01-03","New York Islanders","NYI","5","Calgary Flames","CGY","2",
"2011-01-03","Chicago Blackhawks","CHI","4","Los Angeles Kings","LAK","3",
"2011-01-03","Vancouver Canucks","VAN","4","San Jose Sharks","SJS","3",
"2011-01-03","Boston Bruins","BOS","2","Toronto Maple Leafs","TOR","1",
"2011-01-04","Buffalo Sabres","BUF","3","Colorado Avalanche","COL","4",
"2011-01-04","Detroit Red Wings","DET","5","Edmonton Oilers","EDM","3",
"2011-01-04","Minnesota Wild","MIN","2","New Jersey Devils","NJD","1",
"2011-01-04","Columbus Blue Jackets","CBJ","2","Phoenix Coyotes","PHX","4",
"2011-01-04","Tampa Bay Lightning","TBL","1","Washington Capitals","WSH","0",
"2011-01-05","Nashville Predators","NSH","4","Anaheim Ducks","ANA","1",
"2011-01-05","Dallas Stars","DAL","4","Chicago Blackhawks","CHI","2",
"2011-01-05","Atlanta Thrashers","ATL","3","Florida Panthers","FLA","2",
"2011-01-05","Carolina Hurricanes","CAR","1","New York Rangers","NYR","2",
"2011-01-05","Tampa Bay Lightning","TBL","1","Pittsburgh Penguins","PIT","8",
"2011-01-05","Calgary Flames","CGY","1","Vancouver Canucks","VAN","3",
"2011-01-06","Minnesota Wild","MIN","3","Boston Bruins","BOS","1",
"2011-01-06","Phoenix Coyotes","PHX","2","Colorado Avalanche","COL","0",
"2011-01-06","New York Islanders","NYI","1","Edmonton Oilers","EDM","2",
"2011-01-06","Nashville Predators","NSH","5","Los Angeles Kings","LAK","2",
"2011-01-06","Pittsburgh Penguins","PIT","1","Montreal Canadiens","MTL","2",
"2011-01-06","Philadelphia Flyers","PHI","4","New Jersey Devils","NJD","2",
"2011-01-06","Buffalo Sabres","BUF","3","San Jose Sharks","SJS","0",
"2011-01-06","St. Louis Blues","STL","5","Toronto Maple Leafs","TOR","6",
"2011-01-07","Columbus Blue Jackets","CBJ","0","Anaheim Ducks","ANA","6",
"2011-01-07","Toronto Maple Leafs","TOR","9","Atlanta Thrashers","ATL","3",
"2011-01-07","Detroit Red Wings","DET","5","Calgary Flames","CGY","4",
"2011-01-07","Ottawa Senators","OTT","2","Chicago Blackhawks","CHI","3",
"2011-01-07","New York Rangers","NYR","3","Dallas Stars","DAL","2",
"2011-01-07","Carolina Hurricanes","CAR","5","Florida Panthers","FLA","3",
"2011-01-07","Edmonton Oilers","EDM","1","Vancouver Canucks","VAN","6",
"2011-01-08","New York Islanders","NYI","4","Colorado Avalanche","COL","3",
"2011-01-08","Columbus Blue Jackets","CBJ","4","Los Angeles Kings","LAK","6",
"2011-01-08","Boston Bruins","BOS","2","Montreal Canadiens","MTL","3",
"2011-01-08","Tampa Bay Lightning","TBL","2","Ottawa Senators","OTT","1",
"2011-01-08","New Jersey Devils","NJD","1","Philadelphia Flyers","PHI","2",
"2011-01-08","Buffalo Sabres","BUF","2","Phoenix Coyotes","PHX","1",
"2011-01-08","Minnesota Wild","MIN","4","Pittsburgh Penguins","PIT","0",
"2011-01-08","Nashville Predators","NSH","2","San Jose Sharks","SJS","1",
"2011-01-08","New York Rangers","NYR","2","St. Louis Blues","STL","1",
"2011-01-08","Detroit Red Wings","DET","2","Vancouver Canucks","VAN","1",
"2011-01-08","Florida Panthers","FLA","2","Washington Capitals","WSH","3",
"2011-01-09","San Jose Sharks","SJS","0","Anaheim Ducks","ANA","1",
"2011-01-09","Atlanta Thrashers","ATL","3","Carolina Hurricanes","CAR","4",
"2011-01-09","New York Islanders","NYI","0","Chicago Blackhawks","CHI","5",
"2011-01-09","Dallas Stars","DAL","4","Minnesota Wild","MIN","0",
"2011-01-09","Tampa Bay Lightning","TBL","3","New Jersey Devils","NJD","6",
"2011-01-10","Detroit Red Wings","DET","4","Colorado Avalanche","COL","5",
"2011-01-10","Toronto Maple Leafs","TOR","3","Los Angeles Kings","LAK","2",
"2011-01-10","Boston Bruins","BOS","4","Pittsburgh Penguins","PIT","2",
"2011-01-10","Phoenix Coyotes","PHX","4","St. Louis Blues","STL","3",
"2011-01-11","Ottawa Senators","OTT","0","Boston Bruins","BOS","6",
"2011-01-11","Philadelphia Flyers","PHI","5","Buffalo Sabres","BUF","2",
"2011-01-11","Calgary Flames","CGY","5","Carolina Hurricanes","CAR","6",
"2011-01-11","Phoenix Coyotes","PHX","4","Columbus Blue Jackets","CBJ","3",
"2011-01-11","Edmonton Oilers","EDM","2","Dallas Stars","DAL","3",
"2011-01-11","Washington Capitals","WSH","3","Florida Panthers","FLA","4",
"2011-01-11","Minnesota Wild","MIN","1","Nashville Predators","NSH","5",
"2011-01-11","Vancouver Canucks","VAN","4","New York Islanders","NYI","3",
"2011-01-11","Montreal Canadiens","MTL","2","New York Rangers","NYR","1",
"2011-01-11","Toronto Maple Leafs","TOR","4","San Jose Sharks","SJS","2",
"2011-01-12","St. Louis Blues","STL","4","Anaheim Ducks","ANA","7",
"2011-01-12","Colorado Avalanche","COL","0","Chicago Blackhawks","CHI","4",
"2011-01-12","Pittsburgh Penguins","PIT","5","Montreal Canadiens","MTL","2",
"2011-01-12","Washington Capitals","WSH","0","Tampa Bay Lightning","TBL","3",
"2011-01-13","Philadelphia Flyers","PHI","5","Boston Bruins","BOS","7",
"2011-01-13","Carolina Hurricanes","CAR","2","Buffalo Sabres","BUF","3",
"2011-01-13","Nashville Predators","NSH","2","Florida Panthers","FLA","3",
"2011-01-13","St. Louis Blues","STL","3","Los Angeles Kings","LAK","1",
"2011-01-13","Ottawa Senators","OTT","6","New York Islanders","NYI","4",
"2011-01-13","Vancouver Canucks","VAN","0","New York Rangers","NYR","1",
"2011-01-13","Toronto Maple Leafs","TOR","1","Phoenix Coyotes","PHX","5",
"2011-01-13","Edmonton Oilers","EDM","5","San Jose Sharks","SJS","2",
"2011-01-14","Philadelphia Flyers","PHI","5","Atlanta Thrashers","ATL","2",
"2011-01-14","Detroit Red Wings","DET","2","Columbus Blue Jackets","CBJ","3",
"2011-01-14","Colorado Avalanche","COL","4","Minnesota Wild","MIN","1",
"2011-01-14","Calgary Flames","CGY","3","Ottawa Senators","OTT","2",
"2011-01-14","New Jersey Devils","NJD","5","Tampa Bay Lightning","TBL","2",
"2011-01-14","Vancouver Canucks","VAN","4","Washington Capitals","WSH","2",
"2011-01-15","Pittsburgh Penguins","PIT","3","Boston Bruins","BOS","2",
"2011-01-15","Tampa Bay Lightning","TBL","4","Carolina Hurricanes","CAR","6",
"2011-01-15","Atlanta Thrashers","ATL","1","Dallas Stars","DAL","6",
"2011-01-15","Columbus Blue Jackets","CBJ","5","Detroit Red Wings","DET","6",
"2011-01-15","New Jersey Devils","NJD","2","Florida Panthers","FLA","3",
"2011-01-15","Edmonton Oilers","EDM","2","Los Angeles Kings","LAK","5",
"2011-01-15","New York Rangers","NYR","2","Montreal Canadiens","MTL","3",
"2011-01-15","Chicago Blackhawks","CHI","2","Nashville Predators","NSH","3",
"2011-01-15","Buffalo Sabres","BUF","3","New York Islanders","NYI","5",
"2011-01-15","Anaheim Ducks","ANA","2","Phoenix Coyotes","PHX","6",
"2011-01-15","St. Louis Blues","STL","2","San Jose Sharks","SJS","4",
"2011-01-15","Calgary Flames","CGY","2","Toronto Maple Leafs","TOR","1",
"2011-01-16","Edmonton Oilers","EDM","2","Anaheim Ducks","ANA","3",
"2011-01-16","Nashville Predators","NSH","3","Chicago Blackhawks","CHI","6",
"2011-01-16","Vancouver Canucks","VAN","0","Minnesota Wild","MIN","4",
"2011-01-16","Philadelphia Flyers","PHI","3","New York Rangers","NYR","2",
"2011-01-16","Ottawa Senators","OTT","1","Washington Capitals","WSH","3",
"2011-01-17","Carolina Hurricanes","CAR","0","Boston Bruins","BOS","7",
"2011-01-17","Los Angeles Kings","LAK","1","Dallas Stars","DAL","2",
"2011-01-17","Atlanta Thrashers","ATL","3","Florida Panthers","FLA","2",
"2011-01-17","Calgary Flames","CGY","4","Montreal Canadiens","MTL","5",
"2011-01-17","New Jersey Devils","NJD","5","New York Islanders","NYI","2",
"2011-01-17","San Jose Sharks","SJS","4","Phoenix Coyotes","PHX","2",
"2011-01-18","Montreal Canadiens","MTL","1","Buffalo Sabres","BUF","2",
"2011-01-18","Boston Bruins","BOS","3","Carolina Hurricanes","CAR","2",
"2011-01-18","Vancouver Canucks","VAN","3","Colorado Avalanche","COL","4",
"2011-01-18","Minnesota Wild","MIN","4","Edmonton Oilers","EDM","1",
"2011-01-18","Anaheim Ducks","ANA","2","Ottawa Senators","OTT","1",
"2011-01-18","Washington Capitals","WSH","2","Philadelphia Flyers","PHI","3",
"2011-01-18","Nashville Predators","NSH","5","Phoenix Coyotes","PHX","2",
"2011-01-18","Detroit Red Wings","DET","1","Pittsburgh Penguins","PIT","4",
"2011-01-18","Los Angeles Kings","LAK","1","St. Louis Blues","STL","2",
"2011-01-18","Columbus Blue Jackets","CBJ","2","Tampa Bay Lightning","TBL","3",
"2011-01-19","Minnesota Wild","MIN","6","Calgary Flames","CGY","0",
"2011-01-19","Columbus Blue Jackets","CBJ","3","Florida Panthers","FLA","2",
"2011-01-19","Toronto Maple Leafs","TOR","0","New York Rangers","NYR","7",
"2011-01-20","Tampa Bay Lightning","TBL","3","Atlanta Thrashers","ATL","2",
"2011-01-20","Buffalo Sabres","BUF","4","Boston Bruins","BOS","2",
"2011-01-20","New York Rangers","NYR","1","Carolina Hurricanes","CAR","4",
"2011-01-20","Nashville Predators","NSH","5","Colorado Avalanche","COL","1",
"2011-01-20","Dallas Stars","DAL","4","Edmonton Oilers","EDM","2",
"2011-01-20","Phoenix Coyotes","PHX","2","Los Angeles Kings","LAK","0",
"2011-01-20","Pittsburgh Penguins","PIT","0","New Jersey Devils","NJD","2",
"2011-01-20","Washington Capitals","WSH","2","New York Islanders","NYI","1",
"2011-01-20","Ottawa Senators","OTT","2","Philadelphia Flyers","PHI","6",
"2011-01-20","Detroit Red Wings","DET","4","St. Louis Blues","STL","3",
"2011-01-20","Anaheim Ducks","ANA","2","Toronto Maple Leafs","TOR","5",
"2011-01-20","San Jose Sharks","SJS","2","Vancouver Canucks","VAN","1",
"2011-01-21","New York Islanders","NYI","5","Buffalo Sabres","BUF","2",
"2011-01-21","Dallas Stars","DAL","4","Calgary Flames","CGY","7",
"2011-01-21","Tampa Bay Lightning","TBL","2","Florida Panthers","FLA","1",
"2011-01-21","Montreal Canadiens","MTL","7","Ottawa Senators","OTT","1",
"2011-01-22","New York Rangers","NYR","3","Atlanta Thrashers","ATL","2",
"2011-01-22","Boston Bruins","BOS","6","Colorado Avalanche","COL","2",
"2011-01-22","Chicago Blackhawks","CHI","4","Detroit Red Wings","DET","1",
"2011-01-22","Anaheim Ducks","ANA","4","Montreal Canadiens","MTL","3",
"2011-01-22","New Jersey Devils","NJD","3","Philadelphia Flyers","PHI","1",
"2011-01-22","Los Angeles Kings","LAK","4","Phoenix Coyotes","PHX","3",
"2011-01-22","Carolina Hurricanes","CAR","2","Pittsburgh Penguins","PIT","3",
"2011-01-22","Minnesota Wild","MIN","3","San Jose Sharks","SJS","4",
"2011-01-22","Columbus Blue Jackets","CBJ","5","St. Louis Blues","STL","2",
"2011-01-22","Washington Capitals","WSH","4","Toronto Maple Leafs","TOR","1",
"2011-01-22","Calgary Flames","CGY","4","Vancouver Canucks","VAN","3",
"2011-01-23","Philadelphia Flyers","PHI","4","Chicago Blackhawks","CHI","1",
"2011-01-23","Nashville Predators","NSH","3","Edmonton Oilers","EDM","2",
"2011-01-23","Florida Panthers","FLA","2","New Jersey Devils","NJD","5",
"2011-01-23","Buffalo Sabres","BUF","5","New York Islanders","NYI","3",
"2011-01-23","Atlanta Thrashers","ATL","1","Tampa Bay Lightning","TBL","7",
"2011-01-24","Toronto Maple Leafs","TOR","4","Carolina Hurricanes","CAR","6",
"2011-01-24","Nashville Predators","NSH","1","Calgary Flames","CGY","3",
"2011-01-24","St. Louis Blues","STL","3","Colorado Avalanche","COL","4",
"2011-01-24","Boston Bruins","BOS","0","Los Angeles Kings","LAK","2",
"2011-01-24","Dallas Stars","DAL","1","Vancouver Canucks","VAN","7",
"2011-01-24","New York Rangers","NYR","2","Washington Capitals","WSH","1",
"2011-01-25","Anaheim Ducks","ANA","3","Columbus Blue Jackets","CBJ","2",
"2011-01-25","Minnesota Wild","MIN","4","Chicago Blackhawks","CHI","2",
"2011-01-25","Florida Panthers","FLA","4","New York Rangers","NYR","3",
"2011-01-25","Buffalo Sabres","BUF","3","Ottawa Senators","OTT","2",
"2011-01-25","Montreal Canadiens","MTL","2","Philadelphia Flyers","PHI","5",
"2011-01-25","Edmonton Oilers","EDM","4","Phoenix Coyotes","PHX","3",
"2011-01-25","New York Islanders","NYI","0","Pittsburgh Penguins","PIT","1",
"2011-01-25","Toronto Maple Leafs","TOR","0","Tampa Bay Lightning","TBL","2",
"2011-01-26","Washington Capitals","WSH","0","Atlanta Thrashers","ATL","1",
"2011-01-26","Florida Panthers","FLA","1","Boston Bruins","BOS","2",
"2011-01-26","St. Louis Blues","STL","1","Calgary Flames","CGY","4",
"2011-01-26","Phoenix Coyotes","PHX","5","Colorado Avalanche","COL","2",
"2011-01-26","Edmonton Oilers","EDM","1","Dallas Stars","DAL","3",
"2011-01-26","New Jersey Devils","NJD","1","Detroit Red Wings","DET","3",
"2011-01-26","San Jose Sharks","SJS","2","Los Angeles Kings","LAK","3",
"2011-01-26","Carolina Hurricanes","CAR","4","New York Islanders","NYI","2",
"2011-01-26","Nashville Predators","NSH","1","Vancouver Canucks","VAN","2",
"2011-02-01","New York Islanders","NYI","4","Atlanta Thrashers","ATL","1",
"2011-02-01","Boston Bruins","BOS","3","Carolina Hurricanes","CAR","2",
"2011-02-01","Chicago Blackhawks","CHI","7","Columbus Blue Jackets","CBJ","4",
"2011-02-01","Vancouver Canucks","VAN","4","Dallas Stars","DAL","1",
"2011-02-01","Los Angeles Kings","LAK","0","Minnesota Wild","MIN","1",
"2011-02-01","Ottawa Senators","OTT","1","New Jersey Devils","NJD","2",
"2011-02-01","Calgary Flames","CGY","3","Nashville Predators","NSH","2",
"2011-02-01","Pittsburgh Penguins","PIT","4","New York Rangers","NYR","3",
"2011-02-01","Phoenix Coyotes","PHX","3","San Jose Sharks","SJS","5",
"2011-02-01","Philadelphia Flyers","PHI","0","Tampa Bay Lightning","TBL","4",
"2011-02-01","Florida Panthers","FLA","3","Toronto Maple Leafs","TOR","4",
"2011-02-01","Montreal Canadiens","MTL","3","Washington Capitals","WSH","2",
"2011-02-02","San Jose Sharks","SJS","4","Anaheim Ducks","ANA","3",
"2011-02-02","Los Angeles Kings","LAK","3","Edmonton Oilers","EDM","1",
"2011-02-02","Florida Panthers","FLA","2","Montreal Canadiens","MTL","3",
"2011-02-02","Detroit Red Wings","DET","7","Ottawa Senators","OTT","5",
"2011-02-02","Vancouver Canucks","VAN","6","Phoenix Coyotes","PHX","0",
"2011-02-02","New York Islanders","NYI","0","Pittsburgh Penguins","PIT","3",
"2011-02-03","Calgary Flames","CGY","4","Atlanta Thrashers","ATL","2",
"2011-02-03","Dallas Stars","DAL","3","Boston Bruins","BOS","6",
"2011-02-03","Minnesota Wild","MIN","4","Colorado Avalanche","COL","3",
"2011-02-03","New Jersey Devils","NJD","3","New York Rangers","NYR","2",
"2011-02-03","Nashville Predators","NSH","2","Philadelphia Flyers","PHI","3",
"2011-02-03","Carolina Hurricanes","CAR","0","Toronto Maple Leafs","TOR","3",
"2011-02-04","Columbus Blue Jackets","CBJ","3","Detroit Red Wings","DET","0",
"2011-02-04","Florida Panthers","FLA","4","New Jersey Devils","NJD","3",
"2011-02-04","Buffalo Sabres","BUF","2","Pittsburgh Penguins","PIT","3",
"2011-02-04","Edmonton Oilers","EDM","3","St. Louis Blues","STL","5",
"2011-02-04","Washington Capitals","WSH","5","Tampa Bay Lightning","TBL","2",
"2011-02-04","Chicago Blackhawks","CHI","3","Vancouver Canucks","VAN","4",
"2011-02-05","San Jose Sharks","SJS","2","Boston Bruins","BOS","0",
"2011-02-05","Toronto Maple Leafs","TOR","2","Buffalo Sabres","BUF","6",
"2011-02-05","Atlanta Thrashers","ATL","3","Carolina Hurricanes","CAR","4",
"2011-02-05","Edmonton Oilers","EDM","3","Columbus Blue Jackets","CBJ","4",
"2011-02-05","Los Angeles Kings","LAK","4","Calgary Flames","CGY","3",
"2011-02-05","Anaheim Ducks","ANA","3","Colorado Avalanche","COL","0",
"2011-02-05","New York Rangers","NYR","0","Montreal Canadiens","MTL","2",
"2011-02-05","Detroit Red Wings","DET","0","Nashville Predators","NSH","3",
"2011-02-05","Ottawa Senators","OTT","3","New York Islanders","NYI","5",
"2011-02-05","Dallas Stars","DAL","1","Philadelphia Flyers","PHI","3",
"2011-02-05","Minnesota Wild","MIN","0","Phoenix Coyotes","PHX","1",
"2011-02-06","New Jersey Devils","NJD","4","Montreal Canadiens","MTL","1",
"2011-02-06","St. Louis Blues","STL","3","Tampa Bay Lightning","TBL","4",
"2011-02-06","Pittsburgh Penguins","PIT","0","Washington Capitals","WSH","3",
"2011-02-07","Chicago Blackhawks","CHI","1","Calgary Flames","CGY","3",
"2011-02-07","New York Rangers","NYR","2","Detroit Red Wings","DET","3",
"2011-02-07","Edmonton Oilers","EDM","4","Nashville Predators","NSH","0",
"2011-02-07","Colorado Avalanche","COL","0","Phoenix Coyotes","PHX","3",
"2011-02-07","Atlanta Thrashers","ATL","4","Toronto Maple Leafs","TOR","5",
"2011-02-07","Ottawa Senators","OTT","2","Vancouver Canucks","VAN","4",
"2011-02-08","St. Louis Blues","STL","2","Florida Panthers","FLA","1",
"2011-02-08","Carolina Hurricanes","CAR","2","New Jersey Devils","NJD","3",
"2011-02-08","Toronto Maple Leafs","TOR","5","New York Islanders","NYI","3",
"2011-02-08","Columbus Blue Jackets","CBJ","4","Pittsburgh Penguins","PIT","1",
"2011-02-08","Buffalo Sabres","BUF","7","Tampa Bay Lightning","TBL","4",
"2011-02-08","San Jose Sharks","SJS","2","Washington Capitals","WSH","0",
"2011-02-09","Montreal Canadiens","MTL","6","Boston Bruins","BOS","8",
"2011-02-09","San Jose Sharks","SJS","3","Columbus Blue Jackets","CBJ","2",
"2011-02-09","Ottawa Senators","OTT","2","Calgary Flames","CGY","5",
"2011-02-09","Phoenix Coyotes","PHX","3","Dallas Stars","DAL","2",
"2011-02-09","Nashville Predators","NSH","4","Detroit Red Wings","DET","1",
"2011-02-09","Chicago Blackhawks","CHI","4","Edmonton Oilers","EDM","1",
"2011-02-09","Colorado Avalanche","COL","2","Minnesota Wild","MIN","3",
"2011-02-09","Anaheim Ducks","ANA","4","Vancouver Canucks","VAN","3",
"2011-02-10","Buffalo Sabres","BUF","3","Florida Panthers","FLA","2",
"2011-02-10","New York Islanders","NYI","4","Montreal Canadiens","MTL","3",
"2011-02-10","Carolina Hurricanes","CAR","1","Philadelphia Flyers","PHI","2",
"2011-02-10","Los Angeles Kings","LAK","1","Pittsburgh Penguins","PIT","2",
"2011-02-10","New Jersey Devils","NJD","2","Toronto Maple Leafs","TOR","1",
"2011-02-11","New York Rangers","NYR","2","Atlanta Thrashers","ATL","3",
"2011-02-11","Detroit Red Wings","DET","6","Boston Bruins","BOS","1",
"2011-02-11","Colorado Avalanche","COL","1","Columbus Blue Jackets","CBJ","3",
"2011-02-11","Anaheim Ducks","ANA","5","Calgary Flames","CGY","4",
"2011-02-11","Chicago Blackhawks","CHI","3","Dallas Stars","DAL","4",
"2011-02-11","San Jose Sharks","SJS","1","New Jersey Devils","NJD","2",
"2011-02-11","Pittsburgh Penguins","PIT","3","New York Islanders","NYI","9",
"2011-02-11","Minnesota Wild","MIN","5","St. Louis Blues","STL","4",
"2011-02-12","Ottawa Senators","OTT","5","Edmonton Oilers","EDM","3",
"2011-02-12","St. Louis Blues","STL","1","Minnesota Wild","MIN","3",
"2011-02-12","Toronto Maple Leafs","TOR","0","Montreal Canadiens","MTL","3",
"2011-02-12","Colorado Avalanche","COL","3","Nashville Predators","NSH","5",
"2011-02-12","Chicago Blackhawks","CHI","2","Phoenix Coyotes","PHX","3",
"2011-02-12","Carolina Hurricanes","CAR","3","Tampa Bay Lightning","TBL","4",
"2011-02-12","Calgary Flames","CGY","2","Vancouver Canucks","VAN","4",
"2011-02-12","Los Angeles Kings","LAK","4","Washington Capitals","WSH","1",
"2011-02-13","Carolina Hurricanes","CAR","3","Atlanta Thrashers","ATL","2",
"2011-02-13","New York Islanders","NYI","7","Buffalo Sabres","BUF","6",
"2011-02-13","Columbus Blue Jackets","CBJ","2","Dallas Stars","DAL","1",
"2011-02-13","Boston Bruins","BOS","2","Detroit Red Wings","DET","4",
"2011-02-13","Anaheim Ducks","ANA","4","Edmonton Oilers","EDM","0",
"2011-02-13","San Jose Sharks","SJS","2","Florida Panthers","FLA","3",
"2011-02-13","Pittsburgh Penguins","PIT","3","New York Rangers","NYR","5",
"2011-02-13","Los Angeles Kings","LAK","1","Philadelphia Flyers","PHI","0",
"2011-02-14","Calgary Flames","CGY","9","Colorado Avalanche","COL","1",
"2011-02-14","Washington Capitals","WSH","2","Phoenix Coyotes","PHX","3",
"2011-02-14","Vancouver Canucks","VAN","2","St. Louis Blues","STL","3",
"2011-02-15","Toronto Maple Leafs","TOR","4","Boston Bruins","BOS","3",
"2011-02-15","Dallas Stars","DAL","1","Edmonton Oilers","EDM","4",
"2011-02-15","Vancouver Canucks","VAN","4","Minnesota Wild","MIN","1",
"2011-02-15","Buffalo Sabres","BUF","3","Montreal Canadiens","MTL","2",
"2011-02-15","San Jose Sharks","SJS","2","Nashville Predators","NSH","1",
"2011-02-15","New York Islanders","NYI","4","Ottawa Senators","OTT","3",
"2011-02-15","Philadelphia Flyers","PHI","4","Tampa Bay Lightning","TBL","3",
"2011-02-16","Washington Capitals","WSH","7","Anaheim Ducks","ANA","6",
"2011-02-16","Toronto Maple Leafs","TOR","2","Buffalo Sabres","BUF","1",
"2011-02-16","Los Angeles Kings","LAK","4","Columbus Blue Jackets","CBJ","3",
"2011-02-16","Dallas Stars","DAL","2","Calgary Flames","CGY","4",
"2011-02-16","Minnesota Wild","MIN","1","Chicago Blackhawks","CHI","3",
"2011-02-16","Pittsburgh Penguins","PIT","3","Colorado Avalanche","COL","2",
"2011-02-16","Philadelphia Flyers","PHI","4","Florida Panthers","FLA","2",
"2011-02-16","Carolina Hurricanes","CAR","2","New Jersey Devils","NJD","3",
"2011-02-17","Montreal Canadiens","MTL","1","Edmonton Oilers","EDM","4",
"2011-02-17","Vancouver Canucks","VAN","1","Nashville Predators","NSH","3",
"2011-02-17","Boston Bruins","BOS","6","New York Islanders","NYI","3",
"2011-02-17","Los Angeles Kings","LAK","3","New York Rangers","NYR","4",
"2011-02-17","Atlanta Thrashers","ATL","3","Phoenix Coyotes","PHX","4",
"2011-02-17","Washington Capitals","WSH","2","San Jose Sharks","SJS","3",
"2011-02-17","Detroit Red Wings","DET","6","Tampa Bay Lightning","TBL","2",
"2011-02-18","St. Louis Blues","STL","3","Buffalo Sabres","BUF","0",
"2011-02-18","Philadelphia Flyers","PHI","2","Carolina Hurricanes","CAR","3",
"2011-02-18","Columbus Blue Jackets","CBJ","4","Chicago Blackhawks","CHI","3",
"2011-02-18","Detroit Red Wings","DET","4","Florida Panthers","FLA","3",
"2011-02-18","Anaheim Ducks","ANA","1","Minnesota Wild","MIN","5",
"2011-02-18","New York Rangers","NYR","0","New Jersey Devils","NJD","1",
"2011-02-18","Boston Bruins","BOS","4","Ottawa Senators","OTT","2",
"2011-02-19","New Jersey Devils","NJD","4","Carolina Hurricanes","CAR","1",
"2011-02-19","Atlanta Thrashers","ATL","3","Edmonton Oilers","EDM","5",
"2011-02-19","Phoenix Coyotes","PHX","3","Nashville Predators","NSH","2",
"2011-02-19","Los Angeles Kings","LAK","0","New York Islanders","NYI","3",
"2011-02-19","Colorado Avalanche","COL","0","San Jose Sharks","SJS","4",
"2011-02-19","Anaheim Ducks","ANA","3","St. Louis Blues","STL","9",
"2011-02-19","Florida Panthers","FLA","3","Tampa Bay Lightning","TBL","2",
"2011-02-19","Ottawa Senators","OTT","1","Toronto Maple Leafs","TOR","0",
"2011-02-19","Dallas Stars","DAL","2","Vancouver Canucks","VAN","5",
"2011-02-20","Washington Capitals","WSH","2","Buffalo Sabres","BUF","1",
"2011-02-20","Montreal Canadiens","MTL","0","Calgary Flames","CGY","4","NHL Heritage Classic"
"2011-02-20","Pittsburgh Penguins","PIT","2","Chicago Blackhawks","CHI","3",
"2011-02-20","Detroit Red Wings","DET","2","Minnesota Wild","MIN","1",
"2011-02-20","Philadelphia Flyers","PHI","4","New York Rangers","NYR","2",
"2011-02-21","Florida Panthers","FLA","1","New York Islanders","NYI","5",
"2011-02-21","Washington Capitals","WSH","1","Pittsburgh Penguins","PIT","0",
"2011-02-21","Chicago Blackhawks","CHI","5","St. Louis Blues","STL","3",
"2011-02-22","New York Rangers","NYR","4","Carolina Hurricanes","CAR","3",
"2011-02-22","Nashville Predators","NSH","0","Columbus Blue Jackets","CBJ","4",
"2011-02-22","Boston Bruins","BOS","3","Calgary Flames","CGY","1",
"2011-02-22","New Jersey Devils","NJD","1","Dallas Stars","DAL","0",
"2011-02-22","San Jose Sharks","SJS","4","Detroit Red Wings","DET","3",
"2011-02-22","Edmonton Oilers","EDM","1","Minnesota Wild","MIN","4",
"2011-02-22","Phoenix Coyotes","PHX","3","Philadelphia Flyers","PHI","2",
"2011-02-22","Colorado Avalanche","COL","4","St. Louis Blues","STL","3",
"2011-02-22","New York Islanders","NYI","1","Toronto Maple Leafs","TOR","2",
"2011-02-22","Montreal Canadiens","MTL","3","Vancouver Canucks","VAN","2",
"2011-02-23","Los Angeles Kings","LAK","3","Anaheim Ducks","ANA","2",
"2011-02-23","Atlanta Thrashers","ATL","1","Buffalo Sabres","BUF","4",
"2011-02-23","Edmonton Oilers","EDM","5","Colorado Avalanche","COL","1",
"2011-02-23","Florida Panthers","FLA","1","Ottawa Senators","OTT","5",
"2011-02-23","San Jose Sharks","SJS","3","Pittsburgh Penguins","PIT","2",
"2011-02-23","Phoenix Coyotes","PHX","3","Tampa Bay Lightning","TBL","8",
"2011-02-24","Dallas Stars","DAL","4","Detroit Red Wings","DET","1",
"2011-02-24","Minnesota Wild","MIN","2","Los Angeles Kings","LAK","4",
"2011-02-24","Toronto Maple Leafs","TOR","5","Montreal Canadiens","MTL","4",
"2011-02-24","Chicago Blackhawks","CHI","3","Nashville Predators","NSH","0",
"2011-02-24","New York Islanders","NYI","3","Philadelphia Flyers","PHI","4",
"2011-02-24","St. Louis Blues","STL","2","Vancouver Canucks","VAN","3",
"2011-02-25","Minnesota Wild","MIN","3","Anaheim Ducks","ANA","2",
"2011-02-25","Florida Panthers","FLA","2","Atlanta Thrashers","ATL","1",
"2011-02-25","Ottawa Senators","OTT","2","Buffalo Sabres","BUF","4",
"2011-02-25","Pittsburgh Penguins","PIT","1","Carolina Hurricanes","CAR","4",
"2011-02-25","Phoenix Coyotes","PHX","3","Columbus Blue Jackets","CBJ","5",
"2011-02-25","San Jose Sharks","SJS","4","Calgary Flames","CGY","3",
"2011-02-25","St. Louis Blues","STL","5","Edmonton Oilers","EDM","0",
"2011-02-25","New Jersey Devils","NJD","1","Tampa Bay Lightning","TBL","2",
"2011-02-25","New York Rangers","NYR","6","Washington Capitals","WSH","0",
"2011-02-26","Detroit Red Wings","DET","3","Buffalo Sabres","BUF","2",
"2011-02-26","Nashville Predators","NSH","2","Dallas Stars","DAL","3",
"2011-02-26","Colorado Avalanche","COL","3","Los Angeles Kings","LAK","4",
"2011-02-26","Carolina Hurricanes","CAR","3","Montreal Canadiens","MTL","4",
"2011-02-26","Washington Capitals","WSH","3","New York Islanders","NYI","2",
"2011-02-26","Philadelphia Flyers","PHI","1","Ottawa Senators","OTT","4",
"2011-02-26","Pittsburgh Penguins","PIT","6","Toronto Maple Leafs","TOR","5",
"2011-02-26","Boston Bruins","BOS","3","Vancouver Canucks","VAN","1",
"2011-02-27","Colorado Avalanche","COL","2","Anaheim Ducks","ANA","3",
"2011-02-27","Toronto Maple Leafs","TOR","2","Atlanta Thrashers","ATL","3",
"2011-02-27","St. Louis Blues","STL","0","Calgary Flames","CGY","1",
"2011-02-27","Phoenix Coyotes","PHX","3","Chicago Blackhawks","CHI","4",
"2011-02-27","Boston Bruins","BOS","3","Edmonton Oilers","EDM","2",
"2011-02-27","New Jersey Devils","NJD","2","Florida Panthers","FLA","1",
"2011-02-27","Columbus Blue Jackets","CBJ","2","Nashville Predators","NSH","3",
"2011-02-27","Tampa Bay Lightning","TBL","2","New York Rangers","NYR","1",
"2011-02-28","Detroit Red Wings","DET","7","Los Angeles Kings","LAK","4",
"2011-02-28","Chicago Blackhawks","CHI","4","Minnesota Wild","MIN","2",
"2011-03-01","Montreal Canadiens","MTL","3","Atlanta Thrashers","ATL","1",
"2011-03-01","Florida Panthers","FLA","1","Carolina Hurricanes","CAR","2",
"2011-03-01","Nashville Predators","NSH","1","Edmonton Oilers","EDM","2",
"2011-03-01","Buffalo Sabres","BUF","3","New York Rangers","NYR","2",
"2011-03-01","Boston Bruins","BOS","1","Ottawa Senators","OTT","0",
"2011-03-01","Dallas Stars","DAL","3","Phoenix Coyotes","PHX","2",
"2011-03-01","Colorado Avalanche","COL","1","San Jose Sharks","SJS","2",
"2011-03-01","Calgary Flames","CGY","6","St. Louis Blues","STL","0",
"2011-03-01","Columbus Blue Jackets","CBJ","1","Vancouver Canucks","VAN","2",
"2011-03-01","New York Islanders","NYI","1","Washington Capitals","WSH","2",
"2011-03-02","Detroit Red Wings","DET","1","Anaheim Ducks","ANA","2",
"2011-03-02","Calgary Flames","CGY","4","Chicago Blackhawks","CHI","6",
"2011-03-02","Tampa Bay Lightning","TBL","1","New Jersey Devils","NJD","2",
"2011-03-02","Minnesota Wild","MIN","1","New York Islanders","NYI","4",
"2011-03-02","Pittsburgh Penguins","PIT","2","Toronto Maple Leafs","TOR","3",
"2011-03-03","Ottawa Senators","OTT","3","Atlanta Thrashers","ATL","1",
"2011-03-03","Tampa Bay Lightning","TBL","1","Boston Bruins","BOS","2",
"2011-03-03","Buffalo Sabres","BUF","2","Carolina Hurricanes","CAR","3",
"2011-03-03","Columbus Blue Jackets","CBJ","2","Edmonton Oilers","EDM","4",
"2011-03-03","Montreal Canadiens","MTL","4","Florida Panthers","FLA","0",
"2011-03-03","Phoenix Coyotes","PHX","0","Los Angeles Kings","LAK","1",
"2011-03-03","Minnesota Wild","MIN","3","New York Rangers","NYR","1",
"2011-03-03","Toronto Maple Leafs","TOR","3","Philadelphia Flyers","PHI","2",
"2011-03-03","Detroit Red Wings","DET","1","San Jose Sharks","SJS","3",
"2011-03-03","Nashville Predators","NSH","3","Vancouver Canucks","VAN","0",
"2011-03-03","St. Louis Blues","STL","2","Washington Capitals","WSH","3",
"2011-03-04","Dallas Stars","DAL","3","Anaheim Ducks","ANA","4",
"2011-03-04","Columbus Blue Jackets","CBJ","3","Calgary Flames","CGY","4",
"2011-03-04","Carolina Hurricanes","CAR","2","Chicago Blackhawks","CHI","5",
"2011-03-04","Pittsburgh Penguins","PIT","1","New Jersey Devils","NJD","2",
"2011-03-04","New York Rangers","NYR","4","Ottawa Senators","OTT","1",
"2011-03-05","Florida Panthers","FLA","3","Atlanta Thrashers","ATL","4",
"2011-03-05","Pittsburgh Penguins","PIT","3","Boston Bruins","BOS","2",
"2011-03-05","Edmonton Oilers","EDM","5","Colorado Avalanche","COL","1",
"2011-03-05","Vancouver Canucks","VAN","3","Los Angeles Kings","LAK","1",
"2011-03-05","St. Louis Blues","STL","2","New York Islanders","NYI","5",
"2011-03-05","Buffalo Sabres","BUF","5","Philadelphia Flyers","PHI","3",
"2011-03-05","Detroit Red Wings","DET","4","Phoenix Coyotes","PHX","5",
"2011-03-05","Dallas Stars","DAL","3","San Jose Sharks","SJS","2",
"2011-03-05","Montreal Canadiens","MTL","4","Tampa Bay Lightning","TBL","2",
"2011-03-05","Chicago Blackhawks","CHI","5","Toronto Maple Leafs","TOR","3",
"2011-03-06","Vancouver Canucks","VAN","3","Anaheim Ducks","ANA","0",
"2011-03-06","Nashville Predators","NSH","2","Calgary Flames","CGY","3",
"2011-03-06","Washington Capitals","WSH","3","Florida Panthers","FLA","2",
"2011-03-06","Buffalo Sabres","BUF","3","Minnesota Wild","MIN","2",
"2011-03-06","New Jersey Devils","NJD","3","New York Islanders","NYI","2",
"2011-03-06","Philadelphia Flyers","PHI","0","New York Rangers","NYR","7",
"2011-03-07","Dallas Stars","DAL","4","Los Angeles Kings","LAK","3",
"2011-03-07","Columbus Blue Jackets","CBJ","4","St. Louis Blues","STL","5",
"2011-03-07","Washington Capitals","WSH","2","Tampa Bay Lightning","TBL","1",
"2011-03-08","Chicago Blackhawks","CHI","2","Florida Panthers","FLA","3",
"2011-03-08","Colorado Avalanche","COL","2","Minnesota Wild","MIN","5",
"2011-03-08","Boston Bruins","BOS","1","Montreal Canadiens","MTL","4",
"2011-03-08","Ottawa Senators","OTT","2","New Jersey Devils","NJD","1",
"2011-03-08","Toronto Maple Leafs","TOR","3","New York Islanders","NYI","4",
"2011-03-08","Edmonton Oilers","EDM","1","Philadelphia Flyers","PHI","4",
"2011-03-08","Vancouver Canucks","VAN","4","Phoenix Coyotes","PHX","3",
"2011-03-08","Buffalo Sabres","BUF","1","Pittsburgh Penguins","PIT","3",
"2011-03-08","Nashville Predators","NSH","2","San Jose Sharks","SJS","3",
"2011-03-09","New York Rangers","NYR","2","Anaheim Ducks","ANA","5",
"2011-03-09","Atlanta Thrashers","ATL","3","Carolina Hurricanes","CAR","2",
"2011-03-09","St. Louis Blues","STL","4","Columbus Blue Jackets","CBJ","3",
"2011-03-09","Calgary Flames","CGY","4","Dallas Stars","DAL","3",
"2011-03-09","Los Angeles Kings","LAK","2","Detroit Red Wings","DET","1",
"2011-03-09","Chicago Blackhawks","CHI","3","Tampa Bay Lightning","TBL","4",
"2011-03-09","Edmonton Oilers","EDM","0","Washington Capitals","WSH","5",
"2011-03-10","Buffalo Sabres","BUF","4","Boston Bruins","BOS","3",
"2011-03-10","Ottawa Senators","OTT","2","Florida Panthers","FLA","1",
"2011-03-10","Minnesota Wild","MIN","0","Nashville Predators","NSH","4",
"2011-03-10","Calgary Flames","CGY","0","Phoenix Coyotes","PHX","3",
"2011-03-10","Vancouver Canucks","VAN","5","San Jose Sharks","SJS","4",
"2011-03-10","Montreal Canadiens","MTL","1","St. Louis Blues","STL","4",
"2011-03-10","Philadelphia Flyers","PHI","3","Toronto Maple Leafs","TOR","2",
"2011-03-11","New Jersey Devils","NJD","3","Atlanta Thrashers","ATL","2",
"2011-03-11","Los Angeles Kings","LAK","4","Columbus Blue Jackets","CBJ","2",
"2011-03-11","Anaheim Ducks","ANA","6","Colorado Avalanche","COL","2",
"2011-03-11","Minnesota Wild","MIN","0","Dallas Stars","DAL","4",
"2011-03-11","Edmonton Oilers","EDM","1","Detroit Red Wings","DET","2",
"2011-03-11","Boston Bruins","BOS","2","New York Islanders","NYI","4",
"2011-03-11","Ottawa Senators","OTT","2","Tampa Bay Lightning","TBL","1",
"2011-03-11","Carolina Hurricanes","CAR","1","Washington Capitals","WSH","2",
"2011-03-12","Columbus Blue Jackets","CBJ","3","Carolina Hurricanes","CAR","2",
"2011-03-12","Vancouver Canucks","VAN","4","Calgary Flames","CGY","3",
"2011-03-12","Tampa Bay Lightning","TBL","3","Florida Panthers","FLA","4",
"2011-03-12","New York Islanders","NYI","2","New Jersey Devils","NJD","3",
"2011-03-12","Colorado Avalanche","COL","2","Nashville Predators","NSH","4",
"2011-03-12","Atlanta Thrashers","ATL","5","Philadelphia Flyers","PHI","4",
"2011-03-12","Montreal Canadiens","MTL","3","Pittsburgh Penguins","PIT","0",
"2011-03-12","New York Rangers","NYR","3","San Jose Sharks","SJS","2",
"2011-03-12","Detroit Red Wings","DET","5","St. Louis Blues","STL","3",
"2011-03-12","Buffalo Sabres","BUF","3","Toronto Maple Leafs","TOR","4",
"2011-03-13","Phoenix Coyotes","PHX","5","Anaheim Ducks","ANA","2",
"2011-03-13","Ottawa Senators","OTT","4","Buffalo Sabres","BUF","6",
"2011-03-13","Los Angeles Kings","LAK","3","Dallas Stars","DAL","2",
"2011-03-13","Edmonton Oilers","EDM","1","Pittsburgh Penguins","PIT","5",
"2011-03-13","Chicago Blackhawks","CHI","3","Washington Capitals","WSH","4",
"2011-03-14","San Jose Sharks","SJS","3","Chicago Blackhawks","CHI","6",
"2011-03-14","Tampa Bay Lightning","TBL","6","Toronto Maple Leafs","TOR","2",
"2011-03-14","Minnesota Wild","MIN","2","Vancouver Canucks","VAN","4",
"2011-03-15","Carolina Hurricanes","CAR","1","Buffalo Sabres","BUF","0",
"2011-03-15","Boston Bruins","BOS","3","Columbus Blue Jackets","CBJ","2",
"2011-03-15","Phoenix Coyotes","PHX","4","Calgary Flames","CGY","3",
"2011-03-15","San Jose Sharks","SJS","6","Dallas Stars","DAL","3",
"2011-03-15","Philadelphia Flyers","PHI","3","Florida Panthers","FLA","2",
"2011-03-15","Washington Capitals","WSH","4","Montreal Canadiens","MTL","2",
"2011-03-15","Atlanta Thrashers","ATL","2","New Jersey Devils","NJD","4",
"2011-03-15","Los Angeles Kings","LAK","4","Nashville Predators","NSH","2",
"2011-03-15","New York Islanders","NYI","3","New York Rangers","NYR","6",
"2011-03-15","Pittsburgh Penguins","PIT","5","Ottawa Senators","OTT","1",
"2011-03-16","St. Louis Blues","STL","1","Anaheim Ducks","ANA","2",
"2011-03-16","Toronto Maple Leafs","TOR","3","Carolina Hurricanes","CAR","1",
"2011-03-16","Washington Capitals","WSH","2","Detroit Red Wings","DET","3",
"2011-03-16","Colorado Avalanche","COL","2","Vancouver Canucks","VAN","4",
"2011-03-17","Philadelphia Flyers","PHI","3","Atlanta Thrashers","ATL","4",
"2011-03-17","Detroit Red Wings","DET","2","Columbus Blue Jackets","CBJ","0",
"2011-03-17","Colorado Avalanche","COL","2","Calgary Flames","CGY","5",
"2011-03-17","Chicago Blackhawks","CHI","0","Dallas Stars","DAL","5",
"2011-03-17","Phoenix Coyotes","PHX","3","Edmonton Oilers","EDM","1",
"2011-03-17","Toronto Maple Leafs","TOR","0","Florida Panthers","FLA","4",
"2011-03-17","St. Louis Blues","STL","4","Los Angeles Kings","LAK","0",
"2011-03-17","Tampa Bay Lightning","TBL","2","Montreal Canadiens","MTL","3",
"2011-03-17","Boston Bruins","BOS","3","Nashville Predators","NSH","4",
"2011-03-17","New Jersey Devils","NJD","1","Ottawa Senators","OTT","3",
"2011-03-17","Minnesota Wild","MIN","2","San Jose Sharks","SJS","3",
"2011-03-18","New York Islanders","NYI","2","Carolina Hurricanes","CAR","3",
"2011-03-18","Washington Capitals","WSH","3","New Jersey Devils","NJD","0",
"2011-03-18","Montreal Canadiens","MTL","3","New York Rangers","NYR","6",
"2011-03-18","Phoenix Coyotes","PHX","3","Vancouver Canucks","VAN","1",
"2011-03-19","Atlanta Thrashers","ATL","2","Buffalo Sabres","BUF","8",
"2011-03-19","Philadelphia Flyers","PHI","3","Dallas Stars","DAL","2",
"2011-03-19","Colorado Avalanche","COL","3","Edmonton Oilers","EDM","2",
"2011-03-19","New York Islanders","NYI","4","Florida Panthers","FLA","3",
"2011-03-19","Anaheim Ducks","ANA","2","Los Angeles Kings","LAK","1",
"2011-03-19","Columbus Blue Jackets","CBJ","5","Minnesota Wild","MIN","4",
"2011-03-19","Detroit Red Wings","DET","1","Nashville Predators","NSH","3",
"2011-03-19","Tampa Bay Lightning","TBL","2","Ottawa Senators","OTT","3",
"2011-03-19","St. Louis Blues","STL","3","San Jose Sharks","SJS","5",
"2011-03-19","Boston Bruins","BOS","2","Toronto Maple Leafs","TOR","5",
"2011-03-20","Calgary Flames","CGY","4","Anaheim Ducks","ANA","5",
"2011-03-20","Nashville Predators","NSH","4","Buffalo Sabres","BUF","3",
"2011-03-20","New Jersey Devils","NJD","3","Columbus Blue Jackets","CBJ","0",
"2011-03-20","Montreal Canadiens","MTL","8","Minnesota Wild","MIN","1",
"2011-03-20","Chicago Blackhawks","CHI","2","Phoenix Coyotes","PHX","1",
"2011-03-20","New York Rangers","NYR","5","Pittsburgh Penguins","PIT","2",
"2011-03-21","Pittsburgh Penguins","PIT","5","Detroit Red Wings","DET","4",
"2011-03-21","Calgary Flames","CGY","1","Los Angeles Kings","LAK","2",
"2011-03-22","New Jersey Devils","NJD","1","Boston Bruins","BOS","4",
"2011-03-22","Ottawa Senators","OTT","3","Carolina Hurricanes","CAR","4",
"2011-03-22","Columbus Blue Jackets","CBJ","4","Colorado Avalanche","COL","5",
"2011-03-22","Toronto Maple Leafs","TOR","3","Minnesota Wild","MIN","0",
"2011-03-22","Buffalo Sabres","BUF","2","Montreal Canadiens","MTL","0",
"2011-03-22","Edmonton Oilers","EDM","1","Nashville Predators","NSH","3",
"2011-03-22","Florida Panthers","FLA","0","New York Rangers","NYR","1",
"2011-03-22","Washington Capitals","WSH","5","Philadelphia Flyers","PHI","4",
"2011-03-22","St. Louis Blues","STL","1","Phoenix Coyotes","PHX","2",
"2011-03-22","New York Islanders","NYI","5","Tampa Bay Lightning","TBL","2",
"2011-03-23","Florida Panthers","FLA","0","Chicago Blackhawks","CHI","4",
"2011-03-23","Anaheim Ducks","ANA","4","Dallas Stars","DAL","3",
"2011-03-23","Vancouver Canucks","VAN","2","Detroit Red Wings","DET","1",
"2011-03-23","Calgary Flames","CGY","3","San Jose Sharks","SJS","6",
"2011-03-24","Montreal Canadiens","MTL","0","Boston Bruins","BOS","7",
"2011-03-24","Toronto Maple Leafs","TOR","4","Colorado Avalanche","COL","3",
"2011-03-24","San Jose Sharks","SJS","3","Los Angeles Kings","LAK","4",
"2011-03-24","Anaheim Ducks","ANA","4","Nashville Predators","NSH","5",
"2011-03-24","Atlanta Thrashers","ATL","2","New York Islanders","NYI","1",
"2011-03-24","Ottawa Senators","OTT","2","New York Rangers","NYR","1",
"2011-03-24","Pittsburgh Penguins","PIT","2","Philadelphia Flyers","PHI","1",
"2011-03-24","Columbus Blue Jackets","CBJ","0","Phoenix Coyotes","PHX","3",
"2011-03-24","Edmonton Oilers","EDM","0","St. Louis Blues","STL","4",
"2011-03-25","Vancouver Canucks","VAN","3","Atlanta Thrashers","ATL","1",
"2011-03-25","Florida Panthers","FLA","2","Buffalo Sabres","BUF","4",
"2011-03-25","Washington Capitals","WSH","0","Ottawa Senators","OTT","2",
"2011-03-25","New Jersey Devils","NJD","0","Pittsburgh Penguins","PIT","1",
"2011-03-25","Carolina Hurricanes","CAR","4","Tampa Bay Lightning","TBL","3",
"2011-03-26","New York Rangers","NYR","1","Boston Bruins","BOS","0",
"2011-03-26","New Jersey Devils","NJD","0","Buffalo Sabres","BUF","2",
"2011-03-26","Tampa Bay Lightning","TBL","4","Carolina Hurricanes","CAR","2",
"2011-03-26","Anaheim Ducks","ANA","2","Chicago Blackhawks","CHI","1",
"2011-03-26","Toronto Maple Leafs","TOR","2","Detroit Red Wings","DET","4",
"2011-03-26","Calgary Flames","CGY","5","Edmonton Oilers","EDM","4",
"2011-03-26","Colorado Avalanche","COL","1","Los Angeles Kings","LAK","4",
"2011-03-26","St. Louis Blues","STL","6","Minnesota Wild","MIN","3",
"2011-03-26","Washington Capitals","WSH","2","Montreal Canadiens","MTL","0",
"2011-03-26","Dallas Stars","DAL","2","Nashville Predators","NSH","4",
"2011-03-26","Philadelphia Flyers","PHI","4","New York Islanders","NYI","1",
"2011-03-26","San Jose Sharks","SJS","4","Phoenix Coyotes","PHX","1",
"2011-03-27","Ottawa Senators","OTT","4","Atlanta Thrashers","ATL","5",
"2011-03-27","Vancouver Canucks","VAN","4","Columbus Blue Jackets","CBJ","1",
"2011-03-27","Boston Bruins","BOS","2","Philadelphia Flyers","PHI","1",
"2011-03-27","Florida Panthers","FLA","1","Pittsburgh Penguins","PIT","2",
"2011-03-28","Colorado Avalanche","COL","4","Anaheim Ducks","ANA","5",
"2011-03-28","Chicago Blackhawks","CHI","3","Detroit Red Wings","DET","2",
"2011-03-29","Chicago Blackhawks","CHI","0","Boston Bruins","BOS","3",
"2011-03-29","Florida Panthers","FLA","2","Columbus Blue Jackets","CBJ","3",
"2011-03-29","Los Angeles Kings","LAK","2","Edmonton Oilers","EDM","0",
"2011-03-29","Atlanta Thrashers","ATL","1","Montreal Canadiens","MTL","3",
"2011-03-29","Vancouver Canucks","VAN","3","Nashville Predators","NSH","1",
"2011-03-29","Dallas Stars","DAL","1","Phoenix Coyotes","PHX","2",
"2011-03-29","Philadelphia Flyers","PHI","5","Pittsburgh Penguins","PIT","2",
"2011-03-29","Minnesota Wild","MIN","3","St. Louis Blues","STL","2",
"2011-03-29","Ottawa Senators","OTT","2","Tampa Bay Lightning","TBL","5",
"2011-03-29","Buffalo Sabres","BUF","3","Toronto Maple Leafs","TOR","4",
"2011-03-29","Carolina Hurricanes","CAR","3","Washington Capitals","WSH","2",
"2011-03-30","New York Rangers","NYR","0","Buffalo Sabres","BUF","1",
"2011-03-30","Montreal Canadiens","MTL","2","Carolina Hurricanes","CAR","6",
"2011-03-30","Anaheim Ducks","ANA","4","Calgary Flames","CGY","2",
"2011-03-30","St. Louis Blues","STL","10","Detroit Red Wings","DET","3",
"2011-03-30","New York Islanders","NYI","2","New Jersey Devils","NJD","3",
"2011-03-31","Toronto Maple Leafs","TOR","4","Boston Bruins","BOS","3",
"2011-03-31","Nashville Predators","NSH","3","Colorado Avalanche","COL","2",
"2011-03-31","Ottawa Senators","OTT","4","Florida Panthers","FLA","1",
"2011-03-31","Edmonton Oilers","EDM","2","Minnesota Wild","MIN","4",
"2011-03-31","New York Rangers","NYR","2","New York Islanders","NYI","6",
"2011-03-31","Atlanta Thrashers","ATL","1","Philadelphia Flyers","PHI","0",
"2011-03-31","Dallas Stars","DAL","0","San Jose Sharks","SJS","6",
"2011-03-31","Pittsburgh Penguins","PIT","1","Tampa Bay Lightning","TBL","2",
"2011-03-31","Los Angeles Kings","LAK","1","Vancouver Canucks","VAN","3",
"2011-03-31","Columbus Blue Jackets","CBJ","3","Washington Capitals","WSH","4",
"2011-04-01","Chicago Blackhawks","CHI","4","Columbus Blue Jackets","CBJ","3",
"2011-04-01","Philadelphia Flyers","PHI","2","New Jersey Devils","NJD","4",
"2011-04-01","Colorado Avalanche","COL","4","Phoenix Coyotes","PHX","3",
"2011-04-01","Calgary Flames","CGY","3","St. Louis Blues","STL","2",
"2011-04-02","Atlanta Thrashers","ATL","2","Boston Bruins","BOS","3",
"2011-04-02","Pittsburgh Penguins","PIT","4","Florida Panthers","FLA","2",
"2011-04-02","Dallas Stars","DAL","1","Los Angeles Kings","LAK","3",
"2011-04-02","Tampa Bay Lightning","TBL","3","Minnesota Wild","MIN","1",
"2011-04-02","Montreal Canadiens","MTL","3","New Jersey Devils","NJD","1",
"2011-04-02","Detroit Red Wings","DET","4","Nashville Predators","NSH","3",
"2011-04-02","Carolina Hurricanes","CAR","4","New York Islanders","NYI","2",
"2011-04-02","Toronto Maple Leafs","TOR","4","Ottawa Senators","OTT","2",
"2011-04-02","Anaheim Ducks","ANA","2","San Jose Sharks","SJS","4",
"2011-04-02","Edmonton Oilers","EDM","4","Vancouver Canucks","VAN","1",
"2011-04-02","Buffalo Sabres","BUF","4","Washington Capitals","WSH","5",
"2011-04-03","Dallas Stars","DAL","4","Anaheim Ducks","ANA","3",
"2011-04-03","Buffalo Sabres","BUF","2","Carolina Hurricanes","CAR","1",
"2011-04-03","St. Louis Blues","STL","6","Columbus Blue Jackets","CBJ","1",
"2011-04-03","Tampa Bay Lightning","TBL","2","Chicago Blackhawks","CHI","0",
"2011-04-03","Calgary Flames","CGY","2","Colorado Avalanche","COL","1",
"2011-04-03","Minnesota Wild","MIN","2","Detroit Red Wings","DET","4",
"2011-04-03","New York Rangers","NYR","3","Philadelphia Flyers","PHI","2",
"2011-04-04","Boston Bruins","BOS","3","New York Rangers","NYR","5",
"2011-04-04","Los Angeles Kings","LAK","1","San Jose Sharks","SJS","6",
"2011-04-05","Tampa Bay Lightning","TBL","2","Buffalo Sabres","BUF","4",
"2011-04-05","Columbus Blue Jackets","CBJ","0","Dallas Stars","DAL","3",
"2011-04-05","Vancouver Canucks","VAN","0","Edmonton Oilers","EDM","2",
"2011-04-05","Chicago Blackhawks","CHI","1","Montreal Canadiens","MTL","2",
"2011-04-05","Atlanta Thrashers","ATL","3","Nashville Predators","NSH","6",
"2011-04-05","Philadelphia Flyers","PHI","2","Ottawa Senators","OTT","5",
"2011-04-05","New Jersey Devils","NJD","2","Pittsburgh Penguins","PIT","4",
"2011-04-05","Colorado Avalanche","COL","1","St. Louis Blues","STL","3",
"2011-04-05","Washington Capitals","WSH","3","Toronto Maple Leafs","TOR","2",
"2011-04-06","San Jose Sharks","SJS","2","Anaheim Ducks","ANA","6",
"2011-04-06","New York Islanders","NYI","2","Boston Bruins","BOS","3",
"2011-04-06","Detroit Red Wings","DET","0","Carolina Hurricanes","CAR","3",
"2011-04-06","Edmonton Oilers","EDM","1","Calgary Flames","CGY","6",
"2011-04-06","St. Louis Blues","STL","3","Chicago Blackhawks","CHI","4",
"2011-04-06","Phoenix Coyotes","PHX","2","Los Angeles Kings","LAK","3",
"2011-04-06","Toronto Maple Leafs","TOR","2","New Jersey Devils","NJD","4",
"2011-04-06","Florida Panthers","FLA","2","Washington Capitals","WSH","5",
"2011-04-07","Colorado Avalanche","COL","2","Dallas Stars","DAL","4",
"2011-04-07","Atlanta Thrashers","ATL","3","New York Rangers","NYR","0",
"2011-04-07","Montreal Canadiens","MTL","2","Ottawa Senators","OTT","3",
"2011-04-07","Minnesota Wild","MIN","0","Vancouver Canucks","VAN","5",
"2011-04-08","Los Angeles Kings","LAK","1","Anaheim Ducks","ANA","2",
"2011-04-08","Carolina Hurricanes","CAR","6","Atlanta Thrashers","ATL","1",
"2011-04-08","Philadelphia Flyers","PHI","3","Buffalo Sabres","BUF","4",
"2011-04-08","Dallas Stars","DAL","3","Colorado Avalanche","COL","2",
"2011-04-08","Chicago Blackhawks","CHI","4","Detroit Red Wings","DET","2",
"2011-04-08","Minnesota Wild","MIN","3","Edmonton Oilers","EDM","1",
"2011-04-08","Columbus Blue Jackets","CBJ","1","Nashville Predators","NSH","4",
"2011-04-08","Pittsburgh Penguins","PIT","4","New York Islanders","NYI","3",
"2011-04-08","San Jose Sharks","SJS","3","Phoenix Coyotes","PHX","4",
"2011-04-08","Florida Panthers","FLA","2","Tampa Bay Lightning","TBL","4",
"2011-04-09","Ottawa Senators","OTT","1","Boston Bruins","BOS","3",
"2011-04-09","Tampa Bay Lightning","TBL","6","Carolina Hurricanes","CAR","2",
"2011-04-09","Buffalo Sabres","BUF","5","Columbus Blue Jackets","CBJ","4",
"2011-04-09","Vancouver Canucks","VAN","3","Calgary Flames","CGY","2",
"2011-04-09","Washington Capitals","WSH","0","Florida Panthers","FLA","1",
"2011-04-09","Anaheim Ducks","ANA","3","Los Angeles Kings","LAK","1",
"2011-04-09","New Jersey Devils","NJD","2","New York Rangers","NYR","5",
"2011-04-09","New York Islanders","NYI","4","Philadelphia Flyers","PHI","7",
"2011-04-09","Phoenix Coyotes","PHX","1","San Jose Sharks","SJS","3",
"2011-04-09","Nashville Predators","NSH","0","St. Louis Blues","STL","2",
"2011-04-09","Montreal Canadiens","MTL","4","Toronto Maple Leafs","TOR","1",
"2011-04-10","Pittsburgh Penguins","PIT","5","Atlanta Thrashers","ATL","2",
"2011-04-10","Detroit Red Wings","DET","4","Chicago Blackhawks","CHI","3",
"2011-04-10","Edmonton Oilers","EDM","3","Colorado Avalanche","COL","4",
"2011-04-10","Dallas Stars","DAL","3","Minnesota Wild","MIN","5",
"2011-04-10","Boston Bruins","BOS","2","New Jersey Devils","NJD","3",
