date,vistor,vistorAbrv,vistorGoals,home,homeAbrv,homeGoals,notes
"2013-10-01","Washington Capitals","WSH","4","Chicago Blackhawks","CHI","6",
"2013-10-01","Winnipeg Jets","WPG","5","Edmonton Oilers","EDM","4",
"2013-10-01","Toronto Maple Leafs","TOR","4","Montreal Canadiens","MTL","3",
"2013-10-02","Anaheim Ducks","ANA","1","Colorado Avalanche","COL","6",
"2013-10-02","Buffalo Sabres","BUF","1","Detroit Red Wings","DET","2",
"2013-10-02","Toronto Maple Leafs","TOR","3","Philadelphia Flyers","PHI","1",
"2013-10-03","Tampa Bay Lightning","TBL","1","Boston Bruins","BOS","3",
"2013-10-03","Florida Panthers","FLA","4","Dallas Stars","DAL","2",
"2013-10-03","Los Angeles Kings","LAK","3","Minnesota Wild","MIN","2",
"2013-10-03","New York Rangers","NYR","1","Phoenix Coyotes","PHX","4",
"2013-10-03","New Jersey Devils","NJD","0","Pittsburgh Penguins","PIT","3",
"2013-10-03","Vancouver Canucks","VAN","1","San Jose Sharks","SJS","4",
"2013-10-03","Nashville Predators","NSH","2","St. Louis Blues","STL","4",
"2013-10-03","Calgary Flames","CGY","4","Washington Capitals","WSH","5",
"2013-10-04","Ottawa Senators","OTT","1","Buffalo Sabres","BUF","0",
"2013-10-04","Detroit Red Wings","DET","3","Carolina Hurricanes","CAR","2",
"2013-10-04","Calgary Flames","CGY","4","Columbus Blue Jackets","CBJ","3",
"2013-10-04","Nashville Predators","NSH","1","Colorado Avalanche","COL","3",
"2013-10-04","New York Islanders","NYI","4","New Jersey Devils","NJD","3",
"2013-10-04","Los Angeles Kings","LAK","3","Winnipeg Jets","WPG","5",
"2013-10-05","Detroit Red Wings","DET","1","Boston Bruins","BOS","4",
"2013-10-05","Tampa Bay Lightning","TBL","3","Chicago Blackhawks","CHI","2",
"2013-10-05","Washington Capitals","WSH","1","Dallas Stars","DAL","2",
"2013-10-05","Anaheim Ducks","ANA","4","Minnesota Wild","MIN","3",
"2013-10-05","Philadelphia Flyers","PHI","1","Montreal Canadiens","MTL","4",
"2013-10-05","Columbus Blue Jackets","CBJ","3","New York Islanders","NYI","2",
"2013-10-05","Buffalo Sabres","BUF","1","Pittsburgh Penguins","PIT","4",
"2013-10-05","Phoenix Coyotes","PHX","1","San Jose Sharks","SJS","4",
"2013-10-05","Florida Panthers","FLA","0","St. Louis Blues","STL","7",
"2013-10-05","Ottawa Senators","OTT","4","Toronto Maple Leafs","TOR","5",
"2013-10-05","Edmonton Oilers","EDM","2","Vancouver Canucks","VAN","6",
"2013-10-06","Philadelphia Flyers","PHI","1","Carolina Hurricanes","CAR","2",
"2013-10-06","Vancouver Canucks","VAN","5","Calgary Flames","CGY","4",
"2013-10-06","Anaheim Ducks","ANA","3","Winnipeg Jets","WPG","2",
"2013-10-07","New Jersey Devils","NJD","4","Edmonton Oilers","EDM","5",
"2013-10-07","New York Rangers","NYR","3","Los Angeles Kings","LAK","1",
"2013-10-08","Tampa Bay Lightning","TBL","3","Buffalo Sabres","BUF","2",
"2013-10-08","Minnesota Wild","MIN","2","Nashville Predators","NSH","3",
"2013-10-08","Phoenix Coyotes","PHX","1","New York Islanders","NYI","6",
"2013-10-08","Florida Panthers","FLA","1","Philadelphia Flyers","PHI","2",
"2013-10-08","Carolina Hurricanes","CAR","2","Pittsburgh Penguins","PIT","5",
"2013-10-08","New York Rangers","NYR","2","San Jose Sharks","SJS","9",
"2013-10-08","Colorado Avalanche","COL","2","Toronto Maple Leafs","TOR","1",
"2013-10-08","New Jersey Devils","NJD","2","Vancouver Canucks","VAN","3",
"2013-10-09","Montreal Canadiens","MTL","2","Calgary Flames","CGY","3",
"2013-10-09","Ottawa Senators","OTT","3","Los Angeles Kings","LAK","4",
"2013-10-09","Chicago Blackhawks","CHI","2","St. Louis Blues","STL","3",
"2013-10-10","New York Rangers","NYR","0","Anaheim Ducks","ANA","6",
"2013-10-10","Colorado Avalanche","COL","2","Boston Bruins","BOS","0",
"2013-10-10","Columbus Blue Jackets","CBJ","4","Buffalo Sabres","BUF","1",
"2013-10-10","Phoenix Coyotes","PHX","4","Detroit Red Wings","DET","2",
"2013-10-10","Montreal Canadiens","MTL","4","Edmonton Oilers","EDM","1",
"2013-10-10","Winnipeg Jets","WPG","1","Minnesota Wild","MIN","2",
"2013-10-10","Toronto Maple Leafs","TOR","4","Nashville Predators","NSH","0",
"2013-10-10","Florida Panthers","FLA","2","Tampa Bay Lightning","TBL","7",
"2013-10-10","San Jose Sharks","SJS","4","Vancouver Canucks","VAN","1",
"2013-10-10","Carolina Hurricanes","CAR","3","Washington Capitals","WSH","2",
"2013-10-11","Los Angeles Kings","LAK","2","Carolina Hurricanes","CAR","1",
"2013-10-11","New Jersey Devils","NJD","2","Calgary Flames","CGY","3",
"2013-10-11","New York Islanders","NYI","2","Chicago Blackhawks","CHI","3",
"2013-10-11","Pittsburgh Penguins","PIT","3","Florida Panthers","FLA","6",
"2013-10-11","Phoenix Coyotes","PHX","2","Philadelphia Flyers","PHI","1",
"2013-10-11","Dallas Stars","DAL","4","Winnipeg Jets","WPG","1",
"2013-10-12","Boston Bruins","BOS","3","Columbus Blue Jackets","CBJ","1",
"2013-10-12","Buffalo Sabres","BUF","1","Chicago Blackhawks","CHI","2",
"2013-10-12","Philadelphia Flyers","PHI","2","Detroit Red Wings","DET","5",
"2013-10-12","Dallas Stars","DAL","1","Minnesota Wild","MIN","5",
"2013-10-12","New York Islanders","NYI","2","Nashville Predators","NSH","3",
"2013-10-12","Ottawa Senators","OTT","2","San Jose Sharks","SJS","3",
"2013-10-12","New York Rangers","NYR","3","St. Louis Blues","STL","5",
"2013-10-12","Pittsburgh Penguins","PIT","5","Tampa Bay Lightning","TBL","4",
"2013-10-12","Edmonton Oilers","EDM","5","Toronto Maple Leafs","TOR","6",
"2013-10-12","Montreal Canadiens","MTL","4","Vancouver Canucks","VAN","1",
"2013-10-12","Colorado Avalanche","COL","5","Washington Capitals","WSH","1",
"2013-10-13","Ottawa Senators","OTT","1","Anaheim Ducks","ANA","4",
"2013-10-13","Phoenix Coyotes","PHX","5","Carolina Hurricanes","CAR","3",
"2013-10-13","Los Angeles Kings","LAK","3","Florida Panthers","FLA","0",
"2013-10-13","New Jersey Devils","NJD","0","Winnipeg Jets","WPG","3",
"2013-10-14","Detroit Red Wings","DET","3","Boston Bruins","BOS","2",
"2013-10-14","Minnesota Wild","MIN","2","Buffalo Sabres","BUF","1",
"2013-10-14","Edmonton Oilers","EDM","2","Washington Capitals","WSH","4",
"2013-10-15","Chicago Blackhawks","CHI","3","Carolina Hurricanes","CAR","2",
"2013-10-15","Dallas Stars","DAL","2","Colorado Avalanche","COL","3",
"2013-10-15","Columbus Blue Jackets","CBJ","1","Detroit Red Wings","DET","2",
"2013-10-15","Florida Panthers","FLA","3","Nashville Predators","NSH","4",
"2013-10-15","Buffalo Sabres","BUF","4","New York Islanders","NYI","3",
"2013-10-15","Vancouver Canucks","VAN","3","Philadelphia Flyers","PHI","2",
"2013-10-15","Ottawa Senators","OTT","4","Phoenix Coyotes","PHX","3",
"2013-10-15","Edmonton Oilers","EDM","2","Pittsburgh Penguins","PIT","3",
"2013-10-15","San Jose Sharks","SJS","6","St. Louis Blues","STL","2",
"2013-10-15","Los Angeles Kings","LAK","1","Tampa Bay Lightning","TBL","5",
"2013-10-15","Minnesota Wild","MIN","1","Toronto Maple Leafs","TOR","4",
"2013-10-15","Montreal Canadiens","MTL","3","Winnipeg Jets","WPG","0",
"2013-10-16","Calgary Flames","CGY","2","Anaheim Ducks","ANA","3",
"2013-10-16","New York Rangers","NYR","2","Washington Capitals","WSH","0",
"2013-10-17","Vancouver Canucks","VAN","3","Buffalo Sabres","BUF","0",
"2013-10-17","St. Louis Blues","STL","3","Chicago Blackhawks","CHI","2",
"2013-10-17","Detroit Red Wings","DET","4","Colorado Avalanche","COL","2",
"2013-10-17","San Jose Sharks","SJS","3","Dallas Stars","DAL","4",
"2013-10-17","Boston Bruins","BOS","3","Florida Panthers","FLA","2",
"2013-10-17","Columbus Blue Jackets","CBJ","3","Montreal Canadiens","MTL","5",
"2013-10-17","Los Angeles Kings","LAK","2","Nashville Predators","NSH","1",
"2013-10-17","Edmonton Oilers","EDM","2","New York Islanders","NYI","3",
"2013-10-17","New Jersey Devils","NJD","2","Ottawa Senators","OTT","5",
"2013-10-17","Pittsburgh Penguins","PIT","4","Philadelphia Flyers","PHI","1",
"2013-10-17","Minnesota Wild","MIN","1","Tampa Bay Lightning","TBL","3",
"2013-10-17","Carolina Hurricanes","CAR","3","Toronto Maple Leafs","TOR","2",
"2013-10-18","Phoenix Coyotes","PHX","2","Anaheim Ducks","ANA","3",
"2013-10-18","St. Louis Blues","STL","3","Winnipeg Jets","WPG","4",
"2013-10-19","Colorado Avalanche","COL","4","Buffalo Sabres","BUF","2",
"2013-10-19","Toronto Maple Leafs","TOR","1","Chicago Blackhawks","CHI","3",
"2013-10-19","Minnesota Wild","MIN","1","Florida Panthers","FLA","2",
"2013-10-19","Dallas Stars","DAL","2","Los Angeles Kings","LAK","5",
"2013-10-19","Nashville Predators","NSH","2","Montreal Canadiens","MTL","1",
"2013-10-19","New York Rangers","NYR","0","New Jersey Devils","NJD","4",
"2013-10-19","Carolina Hurricanes","CAR","4","New York Islanders","NYI","3",
"2013-10-19","Edmonton Oilers","EDM","3","Ottawa Senators","OTT","1",
"2013-10-19","Detroit Red Wings","DET","2","Phoenix Coyotes","PHX","5",
"2013-10-19","Vancouver Canucks","VAN","3","Pittsburgh Penguins","PIT","4",
"2013-10-19","Calgary Flames","CGY","3","San Jose Sharks","SJS","6",
"2013-10-19","Boston Bruins","BOS","5","Tampa Bay Lightning","TBL","0",
"2013-10-19","Columbus Blue Jackets","CBJ","1","Washington Capitals","WSH","4",
"2013-10-20","Dallas Stars","DAL","3","Anaheim Ducks","ANA","6",
"2013-10-20","Vancouver Canucks","VAN","1","Columbus Blue Jackets","CBJ","3",
"2013-10-20","Nashville Predators","NSH","3","Winnipeg Jets","WPG","1",
"2013-10-21","San Jose Sharks","SJS","1","Detroit Red Wings","DET","0",
"2013-10-21","Calgary Flames","CGY","3","Los Angeles Kings","LAK","2",
"2013-10-21","Colorado Avalanche","COL","1","Pittsburgh Penguins","PIT","0",
"2013-10-22","New Jersey Devils","NJD","1","Columbus Blue Jackets","CBJ","4",
"2013-10-22","Chicago Blackhawks","CHI","3","Florida Panthers","FLA","2",
"2013-10-22","Nashville Predators","NSH","0","Minnesota Wild","MIN","2",
"2013-10-22","Edmonton Oilers","EDM","4","Montreal Canadiens","MTL","3",
"2013-10-22","Vancouver Canucks","VAN","5","New York Islanders","NYI","4",
"2013-10-22","Calgary Flames","CGY","2","Phoenix Coyotes","PHX","4",
"2013-10-22","Anaheim Ducks","ANA","2","Toronto Maple Leafs","TOR","4",
"2013-10-22","Washington Capitals","WSH","5","Winnipeg Jets","WPG","4",
"2013-10-23","Boston Bruins","BOS","5","Buffalo Sabres","BUF","2",
"2013-10-23","Ottawa Senators","OTT","6","Detroit Red Wings","DET","1",
"2013-10-24","San Jose Sharks","SJS","1","Boston Bruins","BOS","2",
"2013-10-24","Calgary Flames","CGY","1","Dallas Stars","DAL","5",
"2013-10-24","Washington Capitals","WSH","4","Edmonton Oilers","EDM","1",
"2013-10-24","Phoenix Coyotes","PHX","4","Los Angeles Kings","LAK","7",
"2013-10-24","Carolina Hurricanes","CAR","1","Minnesota Wild","MIN","3",
"2013-10-24","Anaheim Ducks","ANA","1","Montreal Canadiens","MTL","4",
"2013-10-24","Vancouver Canucks","VAN","3","New Jersey Devils","NJD","2",
"2013-10-24","Winnipeg Jets","WPG","2","Nashville Predators","NSH","3",
"2013-10-24","New York Rangers","NYR","1","Philadelphia Flyers","PHI","2",
"2013-10-24","Chicago Blackhawks","CHI","5","Tampa Bay Lightning","TBL","6",
"2013-10-25","Toronto Maple Leafs","TOR","2","Columbus Blue Jackets","CBJ","5",
"2013-10-25","Carolina Hurricanes","CAR","2","Colorado Avalanche","COL","4",
"2013-10-25","Buffalo Sabres","BUF","3","Florida Panthers","FLA","1",
"2013-10-25","Anaheim Ducks","ANA","2","Ottawa Senators","OTT","1",
"2013-10-25","New York Islanders","NYI","4","Pittsburgh Penguins","PIT","3",
"2013-10-25","Vancouver Canucks","VAN","3","St. Louis Blues","STL","2",
"2013-10-26","New Jersey Devils","NJD","4","Boston Bruins","BOS","3",
"2013-10-26","Washington Capitals","WSH","2","Calgary Flames","CGY","5",
"2013-10-26","Minnesota Wild","MIN","5","Chicago Blackhawks","CHI","3",
"2013-10-26","Winnipeg Jets","WPG","2","Dallas Stars","DAL","1",
"2013-10-26","New York Rangers","NYR","3","Detroit Red Wings","DET","2",
"2013-10-26","San Jose Sharks","SJS","2","Montreal Canadiens","MTL","0",
"2013-10-26","St. Louis Blues","STL","6","Nashville Predators","NSH","1",
"2013-10-26","Philadelphia Flyers","PHI","5","New York Islanders","NYI","2",
"2013-10-26","Edmonton Oilers","EDM","4","Phoenix Coyotes","PHX","5",
"2013-10-26","Buffalo Sabres","BUF","2","Tampa Bay Lightning","TBL","3",
"2013-10-26","Pittsburgh Penguins","PIT","1","Toronto Maple Leafs","TOR","4",
"2013-10-27","Anaheim Ducks","ANA","4","Columbus Blue Jackets","CBJ","3",
"2013-10-27","Winnipeg Jets","WPG","2","Colorado Avalanche","COL","3",
"2013-10-27","Tampa Bay Lightning","TBL","4","Florida Panthers","FLA","3",
"2013-10-27","Edmonton Oilers","EDM","1","Los Angeles Kings","LAK","2",
"2013-10-27","San Jose Sharks","SJS","5","Ottawa Senators","OTT","2",
"2013-10-28","Dallas Stars","DAL","4","Buffalo Sabres","BUF","3",
"2013-10-28","Pittsburgh Penguins","PIT","3","Carolina Hurricanes","CAR","1",
"2013-10-28","Chicago Blackhawks","CHI","5","Minnesota Wild","MIN","1",
"2013-10-28","Montreal Canadiens","MTL","2","New York Rangers","NYR","0",
"2013-10-28","Washington Capitals","WSH","2","Vancouver Canucks","VAN","3",
"2013-10-29","Ottawa Senators","OTT","5","Chicago Blackhawks","CHI","6",
"2013-10-29","Toronto Maple Leafs","TOR","4","Edmonton Oilers","EDM","0",
"2013-10-29","Dallas Stars","DAL","1","Montreal Canadiens","MTL","2",
"2013-10-29","Tampa Bay Lightning","TBL","1","New Jersey Devils","NJD","2",
"2013-10-29","New York Rangers","NYR","3","New York Islanders","NYI","2",
"2013-10-29","Anaheim Ducks","ANA","3","Philadelphia Flyers","PHI","2",
"2013-10-29","Los Angeles Kings","LAK","1","Phoenix Coyotes","PHX","3",
"2013-10-29","Winnipeg Jets","WPG","2","St. Louis Blues","STL","3",
"2013-10-30","Toronto Maple Leafs","TOR","4","Calgary Flames","CGY","2",
"2013-10-30","San Jose Sharks","SJS","3","Los Angeles Kings","LAK","4",
"2013-10-30","Boston Bruins","BOS","2","Pittsburgh Penguins","PIT","3",
"2013-10-30","Detroit Red Wings","DET","2","Vancouver Canucks","VAN","1",
"2013-10-31","Anaheim Ducks","ANA","2","Boston Bruins","BOS","3",
"2013-10-31","Buffalo Sabres","BUF","0","New York Rangers","NYR","2",
"2013-10-31","Nashville Predators","NSH","4","Phoenix Coyotes","PHX","5",
"2013-11-01","Tampa Bay Lightning","TBL","3","Carolina Hurricanes","CAR","0",
"2013-11-01","Detroit Red Wings","DET","4","Calgary Flames","CGY","3",
"2013-11-01","Colorado Avalanche","COL","3","Dallas Stars","DAL","2",
"2013-11-01","St. Louis Blues","STL","4","Florida Panthers","FLA","0",
"2013-11-01","Montreal Canadiens","MTL","3","Minnesota Wild","MIN","4",
"2013-11-01","New York Islanders","NYI","5","Ottawa Senators","OTT","4",
"2013-11-01","Washington Capitals","WSH","7","Philadelphia Flyers","PHI","0",
"2013-11-01","Columbus Blue Jackets","CBJ","2","Pittsburgh Penguins","PIT","4",
"2013-11-02","Anaheim Ducks","ANA","6","Buffalo Sabres","BUF","3",
"2013-11-02","Pittsburgh Penguins","PIT","3","Columbus Blue Jackets","CBJ","0",
"2013-11-02","Montreal Canadiens","MTL","1","Colorado Avalanche","COL","4",
"2013-11-02","Detroit Red Wings","DET","5","Edmonton Oilers","EDM","0",
"2013-11-02","Nashville Predators","NSH","4","Los Angeles Kings","LAK","3",
"2013-11-02","Philadelphia Flyers","PHI","1","New Jersey Devils","NJD","0",
"2013-11-02","Boston Bruins","BOS","1","New York Islanders","NYI","3",
"2013-11-02","Carolina Hurricanes","CAR","1","New York Rangers","NYR","5",
"2013-11-02","Phoenix Coyotes","PHX","3","San Jose Sharks","SJS","2",
"2013-11-02","St. Louis Blues","STL","2","Tampa Bay Lightning","TBL","4",
"2013-11-02","Toronto Maple Leafs","TOR","0","Vancouver Canucks","VAN","4",
"2013-11-02","Chicago Blackhawks","CHI","5","Winnipeg Jets","WPG","1",
"2013-11-02","Florida Panthers","FLA","2","Washington Capitals","WSH","3",
"2013-11-03","Calgary Flames","CGY","3","Chicago Blackhawks","CHI","2",
"2013-11-03","New Jersey Devils","NJD","0","Minnesota Wild","MIN","4",
"2013-11-03","Dallas Stars","DAL","4","Ottawa Senators","OTT","3",
"2013-11-04","Anaheim Ducks","ANA","2","New York Rangers","NYR","1",
"2013-11-04","Detroit Red Wings","DET","2","Winnipeg Jets","WPG","4",
"2013-11-05","Dallas Stars","DAL","3","Boston Bruins","BOS","2",
"2013-11-05","Philadelphia Flyers","PHI","1","Carolina Hurricanes","CAR","2",
"2013-11-05","Ottawa Senators","OTT","4","Columbus Blue Jackets","CBJ","1",
"2013-11-05","Edmonton Oilers","EDM","4","Florida Panthers","FLA","3",
"2013-11-05","Calgary Flames","CGY","1","Minnesota Wild","MIN","5",
"2013-11-05","St. Louis Blues","STL","3","Montreal Canadiens","MTL","2",
"2013-11-05","Vancouver Canucks","VAN","2","Phoenix Coyotes","PHX","3",
"2013-11-05","Buffalo Sabres","BUF","5","San Jose Sharks","SJS","4",
"2013-11-05","New York Islanders","NYI","2","Washington Capitals","WSH","6",
"2013-11-06","Phoenix Coyotes","PHX","2","Anaheim Ducks","ANA","5",
"2013-11-06","Winnipeg Jets","WPG","1","Chicago Blackhawks","CHI","4",
"2013-11-06","Nashville Predators","NSH","6","Colorado Avalanche","COL","4",
"2013-11-06","Pittsburgh Penguins","PIT","1","New York Rangers","NYR","5",
"2013-11-07","Florida Panthers","FLA","1","Boston Bruins","BOS","4",
"2013-11-07","New York Islanders","NYI","0","Carolina Hurricanes","CAR","1",
"2013-11-07","New York Rangers","NYR","4","Columbus Blue Jackets","CBJ","2",
"2013-11-07","Dallas Stars","DAL","4","Detroit Red Wings","DET","3",
"2013-11-07","Buffalo Sabres","BUF","0","Los Angeles Kings","LAK","2",
"2013-11-07","Montreal Canadiens","MTL","1","Ottawa Senators","OTT","4",
"2013-11-07","New Jersey Devils","NJD","3","Philadelphia Flyers","PHI","0",
"2013-11-07","Vancouver Canucks","VAN","4","San Jose Sharks","SJS","2",
"2013-11-07","Calgary Flames","CGY","2","St. Louis Blues","STL","3",
"2013-11-07","Edmonton Oilers","EDM","2","Tampa Bay Lightning","TBL","4",
"2013-11-07","Minnesota Wild","MIN","2","Washington Capitals","WSH","3",
"2013-11-08","Buffalo Sabres","BUF","2","Anaheim Ducks","ANA","6",
"2013-11-08","Calgary Flames","CGY","2","Colorado Avalanche","COL","4",
"2013-11-08","New Jersey Devils","NJD","1","Toronto Maple Leafs","TOR","2",
"2013-11-08","Nashville Predators","NSH","0","Winnipeg Jets","WPG","5",
"2013-11-09","Toronto Maple Leafs","TOR","1","Boston Bruins","BOS","3",
"2013-11-09","Minnesota Wild","MIN","3","Carolina Hurricanes","CAR","2",
"2013-11-09","New York Islanders","NYI","2","Columbus Blue Jackets","CBJ","5",
"2013-11-09","Chicago Blackhawks","CHI","5","Dallas Stars","DAL","2",
"2013-11-09","Tampa Bay Lightning","TBL","3","Detroit Red Wings","DET","2",
"2013-11-09","Vancouver Canucks","VAN","1","Los Angeles Kings","LAK","5",
"2013-11-09","Florida Panthers","FLA","2","Ottawa Senators","OTT","3",
"2013-11-09","Edmonton Oilers","EDM","2","Philadelphia Flyers","PHI","4",
"2013-11-09","Washington Capitals","WSH","3","Phoenix Coyotes","PHX","4",
"2013-11-09","Pittsburgh Penguins","PIT","1","St. Louis Blues","STL","2",
"2013-11-10","Vancouver Canucks","VAN","1","Anaheim Ducks","ANA","3",
"2013-11-10","Edmonton Oilers","EDM","4","Chicago Blackhawks","CHI","5",
"2013-11-10","Washington Capitals","WSH","1","Colorado Avalanche","COL","4",
"2013-11-10","New York Islanders","NYI","2","Montreal Canadiens","MTL","4",
"2013-11-10","Nashville Predators","NSH","0","New Jersey Devils","NJD","5",
"2013-11-10","Florida Panthers","FLA","3","New York Rangers","NYR","4",
"2013-11-10","San Jose Sharks","SJS","4","Winnipeg Jets","WPG","5",
"2013-11-11","Tampa Bay Lightning","TBL","0","Boston Bruins","BOS","3",
"2013-11-12","Los Angeles Kings","LAK","2","Buffalo Sabres","BUF","3",
"2013-11-12","Colorado Avalanche","COL","1","Carolina Hurricanes","CAR","2",
"2013-11-12","San Jose Sharks","SJS","3","Calgary Flames","CGY","2",
"2013-11-12","Winnipeg Jets","WPG","3","Detroit Red Wings","DET","2",
"2013-11-12","Anaheim Ducks","ANA","2","Florida Panthers","FLA","3",
"2013-11-12","Tampa Bay Lightning","TBL","2","Montreal Canadiens","MTL","1",
"2013-11-12","Nashville Predators","NSH","1","New York Islanders","NYI","3",
"2013-11-12","New Jersey Devils","NJD","3","New York Rangers","NYR","2",
"2013-11-12","Philadelphia Flyers","PHI","5","Ottawa Senators","OTT","0",
"2013-11-12","Phoenix Coyotes","PHX","3","St. Louis Blues","STL","2",
"2013-11-12","Columbus Blue Jackets","CBJ","3","Washington Capitals","WSH","4",
"2013-11-13","Dallas Stars","DAL","3","Edmonton Oilers","EDM","0",
"2013-11-13","Toronto Maple Leafs","TOR","1","Minnesota Wild","MIN","2",
"2013-11-13","Philadelphia Flyers","PHI","2","Pittsburgh Penguins","PIT","1",
"2013-11-14","Columbus Blue Jackets","CBJ","2","Boston Bruins","BOS","3",
"2013-11-14","Dallas Stars","DAL","7","Calgary Flames","CGY","3",
"2013-11-14","Phoenix Coyotes","PHX","4","Chicago Blackhawks","CHI","5",
"2013-11-14","Los Angeles Kings","LAK","3","New York Islanders","NYI","2",
"2013-11-14","Colorado Avalanche","COL","3","St. Louis Blues","STL","7",
"2013-11-14","Anaheim Ducks","ANA","1","Tampa Bay Lightning","TBL","5",
"2013-11-14","San Jose Sharks","SJS","2","Vancouver Canucks","VAN","1",
"2013-11-15","Toronto Maple Leafs","TOR","1","Buffalo Sabres","BUF","3",
"2013-11-15","Anaheim Ducks","ANA","2","Carolina Hurricanes","CAR","3",
"2013-11-15","Montreal Canadiens","MTL","3","Columbus Blue Jackets","CBJ","2",
"2013-11-15","Washington Capitals","WSH","4","Detroit Red Wings","DET","3",
"2013-11-15","San Jose Sharks","SJS","3","Edmonton Oilers","EDM","1",
"2013-11-15","Florida Panthers","FLA","2","Minnesota Wild","MIN","3",
"2013-11-15","Los Angeles Kings","LAK","2","New Jersey Devils","NJD","0",
"2013-11-15","Boston Bruins","BOS","2","Ottawa Senators","OTT","4",
"2013-11-15","Nashville Predators","NSH","1","Pittsburgh Penguins","PIT","4",
"2013-11-15","Philadelphia Flyers","PHI","2","Winnipeg Jets","WPG","3",
"2013-11-16","Edmonton Oilers","EDM","4","Calgary Flames","CGY","2",
"2013-11-16","Florida Panthers","FLA","4","Colorado Avalanche","COL","1",
"2013-11-16","New York Rangers","NYR","1","Montreal Canadiens","MTL","0",
"2013-11-16","Pittsburgh Penguins","PIT","1","New Jersey Devils","NJD","4",
"2013-11-16","Chicago Blackhawks","CHI","2","Nashville Predators","NSH","7",
"2013-11-16","Detroit Red Wings","DET","4","New York Islanders","NYI","5",
"2013-11-16","Tampa Bay Lightning","TBL","3","Phoenix Coyotes","PHX","6",
"2013-11-16","Carolina Hurricanes","CAR","2","St. Louis Blues","STL","4",
"2013-11-16","Buffalo Sabres","BUF","2","Toronto Maple Leafs","TOR","4",
"2013-11-17","San Jose Sharks","SJS","1","Chicago Blackhawks","CHI","5",
"2013-11-17","Winnipeg Jets","WPG","1","Minnesota Wild","MIN","2",
"2013-11-17","Los Angeles Kings","LAK","1","New York Rangers","NYR","0",
"2013-11-17","Columbus Blue Jackets","CBJ","4","Ottawa Senators","OTT","1",
"2013-11-17","Dallas Stars","DAL","2","Vancouver Canucks","VAN","1",
"2013-11-17","St. Louis Blues","STL","1","Washington Capitals","WSH","4",
"2013-11-18","Boston Bruins","BOS","4","Carolina Hurricanes","CAR","1",
"2013-11-18","Anaheim Ducks","ANA","1","Pittsburgh Penguins","PIT","3",
"2013-11-18","Calgary Flames","CGY","5","Winnipeg Jets","WPG","4",
"2013-11-19","St. Louis Blues","STL","4","Buffalo Sabres","BUF","1",
"2013-11-19","Chicago Blackhawks","CHI","1","Colorado Avalanche","COL","5",
"2013-11-19","Nashville Predators","NSH","2","Detroit Red Wings","DET","0",
"2013-11-19","Columbus Blue Jackets","CBJ","0","Edmonton Oilers","EDM","7",
"2013-11-19","Tampa Bay Lightning","TBL","2","Los Angeles Kings","LAK","5",
"2013-11-19","Minnesota Wild","MIN","2","Montreal Canadiens","MTL","6",
"2013-11-19","Boston Bruins","BOS","2","New York Rangers","NYR","1",
"2013-11-19","Ottawa Senators","OTT","2","Philadelphia Flyers","PHI","5",
"2013-11-19","New York Islanders","NYI","2","Toronto Maple Leafs","TOR","5",
"2013-11-19","Florida Panthers","FLA","3","Vancouver Canucks","VAN","2",
"2013-11-20","New Jersey Devils","NJD","4","Anaheim Ducks","ANA","3",
"2013-11-20","Columbus Blue Jackets","CBJ","2","Calgary Flames","CGY","1",
"2013-11-20","Minnesota Wild","MIN","4","Ottawa Senators","OTT","3",
"2013-11-20","Pittsburgh Penguins","PIT","4","Washington Capitals","WSH","0",
"2013-11-21","St. Louis Blues","STL","3","Boston Bruins","BOS","2",
"2013-11-21","New York Rangers","NYR","3","Dallas Stars","DAL","2",
"2013-11-21","Carolina Hurricanes","CAR","3","Detroit Red Wings","DET","4",
"2013-11-21","Florida Panthers","FLA","1","Edmonton Oilers","EDM","4",
"2013-11-21","New Jersey Devils","NJD","2","Los Angeles Kings","LAK","1",
"2013-11-21","Buffalo Sabres","BUF","1","Philadelphia Flyers","PHI","4",
"2013-11-21","Colorado Avalanche","COL","4","Phoenix Coyotes","PHX","3",
"2013-11-21","Tampa Bay Lightning","TBL","1","San Jose Sharks","SJS","5",
"2013-11-21","Nashville Predators","NSH","4","Toronto Maple Leafs","TOR","2",
"2013-11-21","Chicago Blackhawks","CHI","6","Winnipeg Jets","WPG","3",
"2013-11-22","Tampa Bay Lightning","TBL","0","Anaheim Ducks","ANA","1",
"2013-11-22","Florida Panthers","FLA","3","Calgary Flames","CGY","4",
"2013-11-22","New York Islanders","NYI","3","Pittsburgh Penguins","PIT","4",
"2013-11-22","Columbus Blue Jackets","CBJ","2","Vancouver Canucks","VAN","6",
"2013-11-22","Montreal Canadiens","MTL","3","Washington Capitals","WSH","2",
"2013-11-23","Carolina Hurricanes","CAR","2","Boston Bruins","BOS","3",
"2013-11-23","Ottawa Senators","OTT","4","Detroit Red Wings","DET","2",
"2013-11-23","Colorado Avalanche","COL","1","Los Angeles Kings","LAK","0",
"2013-11-23","Pittsburgh Penguins","PIT","2","Montreal Canadiens","MTL","3",
"2013-11-23","New York Rangers","NYR","2","Nashville Predators","NSH","0",
"2013-11-23","New York Islanders","NYI","2","Philadelphia Flyers","PHI","5",
"2013-11-23","Anaheim Ducks","ANA","4","Phoenix Coyotes","PHX","2",
"2013-11-23","New Jersey Devils","NJD","1","San Jose Sharks","SJS","2",
"2013-11-23","Dallas Stars","DAL","1","St. Louis Blues","STL","6",
"2013-11-23","Washington Capitals","WSH","1","Toronto Maple Leafs","TOR","2",
"2013-11-23","Chicago Blackhawks","CHI","2","Vancouver Canucks","VAN","1",
"2013-11-23","Minnesota Wild","MIN","3","Winnipeg Jets","WPG","2",
"2013-11-24","Detroit Red Wings","DET","3","Buffalo Sabres","BUF","1",
"2013-11-24","Ottawa Senators","OTT","1","Carolina Hurricanes","CAR","4",
"2013-11-25","Pittsburgh Penguins","PIT","3","Boston Bruins","BOS","4",
"2013-11-25","Chicago Blackhawks","CHI","5","Edmonton Oilers","EDM","1",
"2013-11-25","Philadelphia Flyers","PHI","1","Florida Panthers","FLA","3",
"2013-11-25","Winnipeg Jets","WPG","3","New Jersey Devils","NJD","1",
"2013-11-25","Phoenix Coyotes","PHX","2","Nashville Predators","NSH","4",
"2013-11-25","Minnesota Wild","MIN","0","St. Louis Blues","STL","3",
"2013-11-25","New York Rangers","NYR","0","Tampa Bay Lightning","TBL","5",
"2013-11-25","Columbus Blue Jackets","CBJ","6","Toronto Maple Leafs","TOR","0",
"2013-11-25","Los Angeles Kings","LAK","3","Vancouver Canucks","VAN","2",
"2013-11-26","Anaheim Ducks","ANA","3","Dallas Stars","DAL","6",
"2013-11-27","Montreal Canadiens","MTL","3","Buffalo Sabres","BUF","1",
"2013-11-27","Nashville Predators","NSH","4","Columbus Blue Jackets","CBJ","0",
"2013-11-27","Chicago Blackhawks","CHI","3","Calgary Flames","CGY","2",
"2013-11-27","St. Louis Blues","STL","4","Colorado Avalanche","COL","1",
"2013-11-27","Boston Bruins","BOS","1","Detroit Red Wings","DET","6",
"2013-11-27","New York Rangers","NYR","5","Florida Panthers","FLA","2",
"2013-11-27","Phoenix Coyotes","PHX","3","Minnesota Wild","MIN","1",
"2013-11-27","Carolina Hurricanes","CAR","4","New Jersey Devils","NJD","3",
"2013-11-27","Winnipeg Jets","WPG","3","New York Islanders","NYI","2",
"2013-11-27","Toronto Maple Leafs","TOR","5","Pittsburgh Penguins","PIT","6",
"2013-11-27","Los Angeles Kings","LAK","2","San Jose Sharks","SJS","3",
"2013-11-27","Philadelphia Flyers","PHI","2","Tampa Bay Lightning","TBL","4",
"2013-11-27","Ottawa Senators","OTT","6","Washington Capitals","WSH","4",
"2013-11-28","Edmonton Oilers","EDM","3","Nashville Predators","NSH","0",
"2013-11-28","Vancouver Canucks","VAN","5","Ottawa Senators","OTT","2",
"2013-11-29","Calgary Flames","CGY","2","Anaheim Ducks","ANA","5",
"2013-11-29","New York Rangers","NYR","2","Boston Bruins","BOS","3",
"2013-11-29","Toronto Maple Leafs","TOR","2","Buffalo Sabres","BUF","3",
"2013-11-29","New Jersey Devils","NJD","5","Carolina Hurricanes","CAR","2",
"2013-11-29","Edmonton Oilers","EDM","2","Columbus Blue Jackets","CBJ","4",
"2013-11-29","Chicago Blackhawks","CHI","2","Dallas Stars","DAL","1",
"2013-11-29","Colorado Avalanche","COL","3","Minnesota Wild","MIN","1",
"2013-11-29","Detroit Red Wings","DET","5","New York Islanders","NYI","0",
"2013-11-29","Winnipeg Jets","WPG","1","Philadelphia Flyers","PHI","2",
"2013-11-29","St. Louis Blues","STL","3","San Jose Sharks","SJS","6",
"2013-11-29","Pittsburgh Penguins","PIT","3","Tampa Bay Lightning","TBL","0",
"2013-11-29","Montreal Canadiens","MTL","2","Washington Capitals","WSH","3",
"2013-11-30","Columbus Blue Jackets","CBJ","1","Boston Bruins","BOS","3",
"2013-11-30","Minnesota Wild","MIN","2","Colorado Avalanche","COL","3",
"2013-11-30","Pittsburgh Penguins","PIT","5","Florida Panthers","FLA","1",
"2013-11-30","Calgary Flames","CGY","2","Los Angeles Kings","LAK","1",
"2013-11-30","Toronto Maple Leafs","TOR","2","Montreal Canadiens","MTL","4",
"2013-11-30","Buffalo Sabres","BUF","0","New Jersey Devils","NJD","1",
"2013-11-30","Philadelphia Flyers","PHI","3","Nashville Predators","NSH","2",
"2013-11-30","Washington Capitals","WSH","3","New York Islanders","NYI","2",
"2013-11-30","Vancouver Canucks","VAN","2","New York Rangers","NYR","5",
"2013-11-30","Chicago Blackhawks","CHI","5","Phoenix Coyotes","PHX","2",
"2013-11-30","Anaheim Ducks","ANA","3","San Jose Sharks","SJS","4",
"2013-12-01","Vancouver Canucks","VAN","3","Carolina Hurricanes","CAR","2",
"2013-12-01","Edmonton Oilers","EDM","3","Dallas Stars","DAL","2",
"2013-12-01","Detroit Red Wings","DET","4","Ottawa Senators","OTT","2",
"2013-12-02","St. Louis Blues","STL","2","Los Angeles Kings","LAK","3",
"2013-12-02","Philadelphia Flyers","PHI","0","Minnesota Wild","MIN","2",
"2013-12-02","New Jersey Devils","NJD","2","Montreal Canadiens","MTL","3",
"2013-12-02","Winnipeg Jets","WPG","5","New York Rangers","NYR","2",
"2013-12-03","Los Angeles Kings","LAK","3","Anaheim Ducks","ANA","2",
"2013-12-03","Tampa Bay Lightning","TBL","0","Columbus Blue Jackets","CBJ","1",
"2013-12-03","Dallas Stars","DAL","4","Chicago Blackhawks","CHI","3",
"2013-12-03","Phoenix Coyotes","PHX","6","Edmonton Oilers","EDM","2",
"2013-12-03","Ottawa Senators","OTT","4","Florida Panthers","FLA","2",
"2013-12-03","Vancouver Canucks","VAN","3","Nashville Predators","NSH","1",
"2013-12-03","Pittsburgh Penguins","PIT","3","New York Islanders","NYI","2",
"2013-12-03","San Jose Sharks","SJS","4","Toronto Maple Leafs","TOR","2",
"2013-12-03","Carolina Hurricanes","CAR","4","Washington Capitals","WSH","1",
"2013-12-04","Phoenix Coyotes","PHX","1","Calgary Flames","CGY","4",
"2013-12-04","Philadelphia Flyers","PHI","6","Detroit Red Wings","DET","3",
"2013-12-04","Montreal Canadiens","MTL","4","New Jersey Devils","NJD","3",
"2013-12-05","New York Rangers","NYR","3","Buffalo Sabres","BUF","1",
"2013-12-05","Colorado Avalanche","COL","2","Edmonton Oilers","EDM","8",
"2013-12-05","Winnipeg Jets","WPG","2","Florida Panthers","FLA","5",
"2013-12-05","Chicago Blackhawks","CHI","3","Minnesota Wild","MIN","4",
"2013-12-05","Boston Bruins","BOS","1","Montreal Canadiens","MTL","2",
"2013-12-05","Carolina Hurricanes","CAR","5","Nashville Predators","NSH","2",
"2013-12-05","San Jose Sharks","SJS","1","Pittsburgh Penguins","PIT","5",
"2013-12-05","New York Islanders","NYI","1","St. Louis Blues","STL","5",
"2013-12-05","Ottawa Senators","OTT","1","Tampa Bay Lightning","TBL","3",
"2013-12-05","Dallas Stars","DAL","2","Toronto Maple Leafs","TOR","3",
"2013-12-06","San Jose Sharks","SJS","3","Carolina Hurricanes","CAR","5",
"2013-12-06","Minnesota Wild","MIN","0","Columbus Blue Jackets","CBJ","4",
"2013-12-06","Colorado Avalanche","COL","3","Calgary Flames","CGY","2",
"2013-12-06","Anaheim Ducks","ANA","3","Chicago Blackhawks","CHI","2",
"2013-12-06","Detroit Red Wings","DET","3","New Jersey Devils","NJD","1",
"2013-12-06","Phoenix Coyotes","PHX","2","Vancouver Canucks","VAN","3",
"2013-12-07","Pittsburgh Penguins","PIT","2","Boston Bruins","BOS","3",
"2013-12-07","Philadelphia Flyers","PHI","1","Dallas Stars","DAL","5",
"2013-12-07","Florida Panthers","FLA","2","Detroit Red Wings","DET","1",
"2013-12-07","Calgary Flames","CGY","2","Edmonton Oilers","EDM","1",
"2013-12-07","New York Islanders","NYI","0","Los Angeles Kings","LAK","3",
"2013-12-07","Buffalo Sabres","BUF","2","Montreal Canadiens","MTL","3",
"2013-12-07","New Jersey Devils","NJD","4","New York Rangers","NYR","3",
"2013-12-07","Toronto Maple Leafs","TOR","4","Ottawa Senators","OTT","3",
"2013-12-07","Anaheim Ducks","ANA","5","St. Louis Blues","STL","2",
"2013-12-07","Winnipeg Jets","WPG","2","Tampa Bay Lightning","TBL","1",
"2013-12-07","Nashville Predators","NSH","2","Washington Capitals","WSH","5",
"2013-12-08","Florida Panthers","FLA","2","Chicago Blackhawks","CHI","6",
"2013-12-08","San Jose Sharks","SJS","1","Minnesota Wild","MIN","3",
"2013-12-08","Washington Capitals","WSH","4","New York Rangers","NYR","1",
"2013-12-08","Boston Bruins","BOS","5","Toronto Maple Leafs","TOR","2",
"2013-12-08","Colorado Avalanche","COL","1","Vancouver Canucks","VAN","3",
"2013-12-09","New York Islanders","NYI","2","Anaheim Ducks","ANA","5",
"2013-12-09","Philadelphia Flyers","PHI","4","Ottawa Senators","OTT","5",
"2013-12-09","Columbus Blue Jackets","CBJ","1","Pittsburgh Penguins","PIT","2",
"2013-12-09","Carolina Hurricanes","CAR","0","Vancouver Canucks","VAN","2",
"2013-12-10","Ottawa Senators","OTT","1","Buffalo Sabres","BUF","2",
"2013-12-10","New Jersey Devils","NJD","4","Columbus Blue Jackets","CBJ","5",
"2013-12-10","Boston Bruins","BOS","2","Calgary Flames","CGY","1",
"2013-12-10","Phoenix Coyotes","PHX","3","Colorado Avalanche","COL","1",
"2013-12-10","Chicago Blackhawks","CHI","6","Dallas Stars","DAL","2",
"2013-12-10","Carolina Hurricanes","CAR","4","Edmonton Oilers","EDM","5",
"2013-12-10","Detroit Red Wings","DET","2","Florida Panthers","FLA","3",
"2013-12-10","Los Angeles Kings","LAK","6","Montreal Canadiens","MTL","0",
"2013-12-10","Nashville Predators","NSH","4","New York Rangers","NYR","1",
"2013-12-10","New York Islanders","NYI","3","San Jose Sharks","SJS","2",
"2013-12-10","St. Louis Blues","STL","2","Winnipeg Jets","WPG","1",
"2013-12-10","Tampa Bay Lightning","TBL","5","Washington Capitals","WSH","6",
"2013-12-11","Minnesota Wild","MIN","1","Anaheim Ducks","ANA","2",
"2013-12-11","Philadelphia Flyers","PHI","2","Chicago Blackhawks","CHI","7",
"2013-12-11","Los Angeles Kings","LAK","3","Toronto Maple Leafs","TOR","1",
"2013-12-12","Carolina Hurricanes","CAR","1","Calgary Flames","CGY","2",
"2013-12-12","Boston Bruins","BOS","4","Edmonton Oilers","EDM","2",
"2013-12-12","Dallas Stars","DAL","1","Nashville Predators","NSH","3",
"2013-12-12","Columbus Blue Jackets","CBJ","4","New York Rangers","NYR","2",
"2013-12-12","Buffalo Sabres","BUF","1","Ottawa Senators","OTT","2",
"2013-12-12","Montreal Canadiens","MTL","1","Philadelphia Flyers","PHI","2",
"2013-12-12","New York Islanders","NYI","3","Phoenix Coyotes","PHX","6",
"2013-12-12","Minnesota Wild","MIN","1","San Jose Sharks","SJS","3",
"2013-12-12","Toronto Maple Leafs","TOR","3","St. Louis Blues","STL","6",
"2013-12-12","Detroit Red Wings","DET","1","Tampa Bay Lightning","TBL","2",
"2013-12-12","Colorado Avalanche","COL","4","Winnipeg Jets","WPG","3",
"2013-12-13","Washington Capitals","WSH","2","Florida Panthers","FLA","3",
"2013-12-13","New Jersey Devils","NJD","2","Pittsburgh Penguins","PIT","3",
"2013-12-13","Edmonton Oilers","EDM","0","Vancouver Canucks","VAN","4",
"2013-12-14","Calgary Flames","CGY","2","Buffalo Sabres","BUF","1",
"2013-12-14","St. Louis Blues","STL","4","Columbus Blue Jackets","CBJ","3",
"2013-12-14","Minnesota Wild","MIN","2","Colorado Avalanche","COL","1",
"2013-12-14","Pittsburgh Penguins","PIT","4","Detroit Red Wings","DET","1",
"2013-12-14","Tampa Bay Lightning","TBL","0","New Jersey Devils","NJD","3",
"2013-12-14","San Jose Sharks","SJS","2","Nashville Predators","NSH","3",
"2013-12-14","Montreal Canadiens","MTL","1","New York Islanders","NYI","0",
"2013-12-14","Los Angeles Kings","LAK","5","Ottawa Senators","OTT","2",
"2013-12-14","Carolina Hurricanes","CAR","3","Phoenix Coyotes","PHX","1",
"2013-12-14","Chicago Blackhawks","CHI","3","Toronto Maple Leafs","TOR","7",
"2013-12-14","Boston Bruins","BOS","2","Vancouver Canucks","VAN","6",
"2013-12-14","Dallas Stars","DAL","6","Winnipeg Jets","WPG","4",
"2013-12-15","Edmonton Oilers","EDM","2","Anaheim Ducks","ANA","3",
"2013-12-15","Los Angeles Kings","LAK","1","Chicago Blackhawks","CHI","3",
"2013-12-15","Tampa Bay Lightning","TBL","3","Detroit Red Wings","DET","0",
"2013-12-15","Florida Panthers","FLA","2","Montreal Canadiens","MTL","1",
"2013-12-15","Calgary Flames","CGY","3","New York Rangers","NYR","4",
"2013-12-15","Philadelphia Flyers","PHI","4","Washington Capitals","WSH","5",
"2013-12-16","Winnipeg Jets","WPG","3","Columbus Blue Jackets","CBJ","2",
"2013-12-16","Dallas Stars","DAL","2","Colorado Avalanche","COL","6",
"2013-12-16","St. Louis Blues","STL","2","Ottawa Senators","OTT","3",
"2013-12-16","Toronto Maple Leafs","TOR","1","Pittsburgh Penguins","PIT","3",
"2013-12-17","Calgary Flames","CGY","0","Boston Bruins","BOS","2",
"2013-12-17","Winnipeg Jets","WPG","2","Buffalo Sabres","BUF","4",
"2013-12-17","Colorado Avalanche","COL","2","Dallas Stars","DAL","3",
"2013-12-17","Anaheim Ducks","ANA","5","Detroit Red Wings","DET","2",
"2013-12-17","Edmonton Oilers","EDM","0","Los Angeles Kings","LAK","3",
"2013-12-17","Vancouver Canucks","VAN","2","Minnesota Wild","MIN","3",
"2013-12-17","Phoenix Coyotes","PHX","1","Montreal Canadiens","MTL","3",
"2013-12-17","Chicago Blackhawks","CHI","3","Nashville Predators","NSH","1",
"2013-12-17","Tampa Bay Lightning","TBL","3","New York Islanders","NYI","2",
"2013-12-17","Washington Capitals","WSH","2","Philadelphia Flyers","PHI","5",
"2013-12-17","San Jose Sharks","SJS","4","St. Louis Blues","STL","2",
"2013-12-17","Florida Panthers","FLA","3","Toronto Maple Leafs","TOR","1",
"2013-12-18","Ottawa Senators","OTT","2","New Jersey Devils","NJD","5",
"2013-12-18","Pittsburgh Penguins","PIT","4","New York Rangers","NYR","3",
"2013-12-19","Boston Bruins","BOS","2","Buffalo Sabres","BUF","4",
"2013-12-19","Edmonton Oilers","EDM","2","Colorado Avalanche","COL","4",
"2013-12-19","Vancouver Canucks","VAN","1","Dallas Stars","DAL","4",
"2013-12-19","Calgary Flames","CGY","2","Detroit Red Wings","DET","3",
"2013-12-19","San Jose Sharks","SJS","1","Los Angeles Kings","LAK","4",
"2013-12-19","Florida Panthers","FLA","4","Ottawa Senators","OTT","2",
"2013-12-19","Columbus Blue Jackets","CBJ","4","Philadelphia Flyers","PHI","5",
"2013-12-19","Minnesota Wild","MIN","2","Pittsburgh Penguins","PIT","5",
"2013-12-19","Montreal Canadiens","MTL","1","St. Louis Blues","STL","5",
"2013-12-19","Nashville Predators","NSH","2","Tampa Bay Lightning","TBL","4",
"2013-12-19","Phoenix Coyotes","PHX","1","Toronto Maple Leafs","TOR","2",
"2013-12-20","Washington Capitals","WSH","4","Carolina Hurricanes","CAR","2",
"2013-12-20","Vancouver Canucks","VAN","3","Chicago Blackhawks","CHI","2",
"2013-12-20","Anaheim Ducks","ANA","3","New Jersey Devils","NJD","2",
"2013-12-20","New York Islanders","NYI","5","New York Rangers","NYR","3",
"2013-12-20","Florida Panthers","FLA","2","Winnipeg Jets","WPG","5",
"2013-12-21","Buffalo Sabres","BUF","1","Boston Bruins","BOS","4",
"2013-12-21","Philadelphia Flyers","PHI","3","Columbus Blue Jackets","CBJ","6",
"2013-12-21","St. Louis Blues","STL","6","Edmonton Oilers","EDM","0",
"2013-12-21","Colorado Avalanche","COL","2","Los Angeles Kings","LAK","3",
"2013-12-21","Montreal Canadiens","MTL","4","Nashville Predators","NSH","3",
"2013-12-21","Anaheim Ducks","ANA","5","New York Islanders","NYI","3",
"2013-12-21","Phoenix Coyotes","PHX","4","Ottawa Senators","OTT","3",
"2013-12-21","Calgary Flames","CGY","3","Pittsburgh Penguins","PIT","4",
"2013-12-21","Dallas Stars","DAL","2","San Jose Sharks","SJS","3",
"2013-12-21","Carolina Hurricanes","CAR","2","Tampa Bay Lightning","TBL","3",
"2013-12-21","Detroit Red Wings","DET","5","Toronto Maple Leafs","TOR","4",
"2013-12-21","New Jersey Devils","NJD","5","Washington Capitals","WSH","4",
"2013-12-22","Minnesota Wild","MIN","1","New York Rangers","NYR","4",
"2013-12-22","Winnipeg Jets","WPG","1","Vancouver Canucks","VAN","2",
"2013-12-23","Phoenix Coyotes","PHX","1","Buffalo Sabres","BUF","2",
"2013-12-23","Columbus Blue Jackets","CBJ","4","Carolina Hurricanes","CAR","3",
"2013-12-23","St. Louis Blues","STL","3","Calgary Flames","CGY","4",
"2013-12-23","New Jersey Devils","NJD","2","Chicago Blackhawks","CHI","5",
"2013-12-23","New York Islanders","NYI","3","Detroit Red Wings","DET","0",
"2013-12-23","Winnipeg Jets","WPG","2","Edmonton Oilers","EDM","6",
"2013-12-23","Tampa Bay Lightning","TBL","6","Florida Panthers","FLA","1",
"2013-12-23","Dallas Stars","DAL","5","Los Angeles Kings","LAK","2",
"2013-12-23","Boston Bruins","BOS","6","Nashville Predators","NSH","2",
"2013-12-23","Toronto Maple Leafs","TOR","1","New York Rangers","NYR","2",
"2013-12-23","Pittsburgh Penguins","PIT","0","Ottawa Senators","OTT","5",
"2013-12-23","Minnesota Wild","MIN","1","Philadelphia Flyers","PHI","4",
"2013-12-23","Colorado Avalanche","COL","4","San Jose Sharks","SJS","5",
"2013-12-23","Anaheim Ducks","ANA","3","Washington Capitals","WSH","2",
"2013-12-27","Ottawa Senators","OTT","0","Boston Bruins","BOS","5",
"2013-12-27","Pittsburgh Penguins","PIT","4","Carolina Hurricanes","CAR","3",
"2013-12-27","Edmonton Oilers","EDM","2","Calgary Flames","CGY","0",
"2013-12-27","Colorado Avalanche","COL","2","Chicago Blackhawks","CHI","7",
"2013-12-27","Nashville Predators","NSH","1","Dallas Stars","DAL","4",
"2013-12-27","Columbus Blue Jackets","CBJ","2","New Jersey Devils","NJD","1",
"2013-12-27","San Jose Sharks","SJS","4","Phoenix Coyotes","PHX","3",
"2013-12-27","Buffalo Sabres","BUF","3","Toronto Maple Leafs","TOR","4",
"2013-12-27","Minnesota Wild","MIN","4","Winnipeg Jets","WPG","6",
"2013-12-27","New York Rangers","NYR","2","Washington Capitals","WSH","3",
"2013-12-28","Phoenix Coyotes","PHX","2","Anaheim Ducks","ANA","3",
"2013-12-28","Philadelphia Flyers","PHI","4","Edmonton Oilers","EDM","3",
"2013-12-28","Detroit Red Wings","DET","4","Florida Panthers","FLA","3",
"2013-12-28","Los Angeles Kings","LAK","2","Nashville Predators","NSH","3",
"2013-12-28","New Jersey Devils","NJD","2","New York Islanders","NYI","1",
"2013-12-28","Boston Bruins","BOS","3","Ottawa Senators","OTT","4",
"2013-12-28","Chicago Blackhawks","CHI","5","St. Louis Blues","STL","6",
"2013-12-28","Montreal Canadiens","MTL","2","Tampa Bay Lightning","TBL","1",
"2013-12-29","Washington Capitals","WSH","1","Buffalo Sabres","BUF","2",
"2013-12-29","Pittsburgh Penguins","PIT","5","Columbus Blue Jackets","CBJ","3",
"2013-12-29","Vancouver Canucks","VAN","2","Calgary Flames","CGY","0",
"2013-12-29","Winnipeg Jets","WPG","2","Colorado Avalanche","COL","1",
"2013-12-29","St. Louis Blues","STL","3","Dallas Stars","DAL","2",
"2013-12-29","Montreal Canadiens","MTL","1","Florida Panthers","FLA","4",
"2013-12-29","New York Islanders","NYI","5","Minnesota Wild","MIN","4",
"2013-12-29","Anaheim Ducks","ANA","1","San Jose Sharks","SJS","3",
"2013-12-29","New York Rangers","NYR","4","Tampa Bay Lightning","TBL","3",
"2013-12-29","Carolina Hurricanes","CAR","2","Toronto Maple Leafs","TOR","5",
"2013-12-30","Los Angeles Kings","LAK","0","Chicago Blackhawks","CHI","1",
"2013-12-30","Detroit Red Wings","DET","4","Nashville Predators","NSH","6",
"2013-12-30","Washington Capitals","WSH","1","Ottawa Senators","OTT","3",
"2013-12-30","Philadelphia Flyers","PHI","4","Vancouver Canucks","VAN","3",
"2013-12-31","San Jose Sharks","SJS","3","Anaheim Ducks","ANA","6",
"2013-12-31","New York Islanders","NYI","5","Boston Bruins","BOS","3",
"2013-12-31","Montreal Canadiens","MTL","4","Carolina Hurricanes","CAR","5",
"2013-12-31","Philadelphia Flyers","PHI","4","Calgary Flames","CGY","1",
"2013-12-31","Columbus Blue Jackets","CBJ","3","Colorado Avalanche","COL","5",
"2013-12-31","Los Angeles Kings","LAK","2","Dallas Stars","DAL","3",
"2013-12-31","New York Rangers","NYR","2","Florida Panthers","FLA","1",
"2013-12-31","St. Louis Blues","STL","2","Minnesota Wild","MIN","1",
"2013-12-31","Pittsburgh Penguins","PIT","1","New Jersey Devils","NJD","2",
"2013-12-31","Edmonton Oilers","EDM","3","Phoenix Coyotes","PHX","4",
"2013-12-31","Buffalo Sabres","BUF","0","Winnipeg Jets","WPG","3",
"2014-01-01","Toronto Maple Leafs","TOR","3","Detroit Red Wings","DET","2","NHL Winter Classic"
"2014-01-01","Tampa Bay Lightning","TBL","4","Vancouver Canucks","VAN","2",
"2014-01-02","Nashville Predators","NSH","2","Boston Bruins","BOS","3",
"2014-01-02","Philadelphia Flyers","PHI","1","Colorado Avalanche","COL","2",
"2014-01-02","Montreal Canadiens","MTL","6","Dallas Stars","DAL","4",
"2014-01-02","Buffalo Sabres","BUF","1","Minnesota Wild","MIN","4",
"2014-01-02","Chicago Blackhawks","CHI","2","New York Islanders","NYI","3",
"2014-01-02","Winnipeg Jets","WPG","3","Ottawa Senators","OTT","4",
"2014-01-02","Columbus Blue Jackets","CBJ","2","Phoenix Coyotes","PHX","0",
"2014-01-02","Edmonton Oilers","EDM","1","San Jose Sharks","SJS","5",
"2014-01-02","Los Angeles Kings","LAK","0","St. Louis Blues","STL","5",
"2014-01-02","Carolina Hurricanes","CAR","4","Washington Capitals","WSH","3",
"2014-01-03","Edmonton Oilers","EDM","2","Anaheim Ducks","ANA","5",
"2014-01-03","Tampa Bay Lightning","TBL","2","Calgary Flames","CGY","0",
"2014-01-03","Chicago Blackhawks","CHI","5","New Jersey Devils","NJD","3",
"2014-01-03","New York Rangers","NYR","2","Pittsburgh Penguins","PIT","5",
"2014-01-04","Winnipeg Jets","WPG","1","Boston Bruins","BOS","4",
"2014-01-04","New Jersey Devils","NJD","1","Buffalo Sabres","BUF","2",
"2014-01-04","San Jose Sharks","SJS","3","Colorado Avalanche","COL","4",
"2014-01-04","Detroit Red Wings","DET","5","Dallas Stars","DAL","1",
"2014-01-04","Nashville Predators","NSH","4","Florida Panthers","FLA","5",
"2014-01-04","Vancouver Canucks","VAN","1","Los Angeles Kings","LAK","3",
"2014-01-04","Washington Capitals","WSH","3","Minnesota Wild","MIN","5",
"2014-01-04","Ottawa Senators","OTT","4","Montreal Canadiens","MTL","3",
"2014-01-04","Carolina Hurricanes","CAR","3","New York Islanders","NYI","2",
"2014-01-04","Philadelphia Flyers","PHI","5","Phoenix Coyotes","PHX","3",
"2014-01-04","Columbus Blue Jackets","CBJ","2","St. Louis Blues","STL","6",
"2014-01-04","New York Rangers","NYR","7","Toronto Maple Leafs","TOR","1",
"2014-01-05","Vancouver Canucks","VAN","3","Anaheim Ducks","ANA","4",
"2014-01-05","Nashville Predators","NSH","1","Carolina Hurricanes","CAR","2",
"2014-01-05","San Jose Sharks","SJS","3","Chicago Blackhawks","CHI","2",
"2014-01-05","Tampa Bay Lightning","TBL","3","Edmonton Oilers","EDM","5",
"2014-01-05","Winnipeg Jets","WPG","5","Pittsburgh Penguins","PIT","6",
"2014-01-06","Calgary Flames","CGY","4","Colorado Avalanche","COL","3",
"2014-01-06","Florida Panthers","FLA","1","Montreal Canadiens","MTL","2",
"2014-01-06","Dallas Stars","DAL","3","New York Islanders","NYI","7",
"2014-01-06","Columbus Blue Jackets","CBJ","4","New York Rangers","NYR","3",
"2014-01-07","Boston Bruins","BOS","2","Anaheim Ducks","ANA","5",
"2014-01-07","Carolina Hurricanes","CAR","","Buffalo Sabres","BUF","","Postponed due to blizzard until 2014-02-25"
"2014-01-07","St. Louis Blues","STL","5","Edmonton Oilers","EDM","2",
"2014-01-07","Minnesota Wild","MIN","2","Los Angeles Kings","LAK","1",
"2014-01-07","Philadelphia Flyers","PHI","3","New Jersey Devils","NJD","2",
"2014-01-07","San Jose Sharks","SJS","2","Nashville Predators","NSH","3",
"2014-01-07","Calgary Flames","CGY","0","Phoenix Coyotes","PHX","6",
"2014-01-07","New York Islanders","NYI","5","Toronto Maple Leafs","TOR","3",
"2014-01-07","Pittsburgh Penguins","PIT","5","Vancouver Canucks","VAN","4",
"2014-01-07","Tampa Bay Lightning","TBL","4","Winnipeg Jets","WPG","2",
"2014-01-08","New York Rangers","NYR","3","Chicago Blackhawks","CHI","2",
"2014-01-08","Ottawa Senators","OTT","3","Colorado Avalanche","COL","4",
"2014-01-08","Montreal Canadiens","MTL","1","Philadelphia Flyers","PHI","3",
"2014-01-09","Florida Panthers","FLA","2","Buffalo Sabres","BUF","1",
"2014-01-09","Toronto Maple Leafs","TOR","1","Carolina Hurricanes","CAR","6",
"2014-01-09","St. Louis Blues","STL","5","Calgary Flames","CGY","0",
"2014-01-09","Boston Bruins","BOS","2","Los Angeles Kings","LAK","4",
"2014-01-09","Dallas Stars","DAL","0","New Jersey Devils","NJD","1",
"2014-01-09","Anaheim Ducks","ANA","4","Nashville Predators","NSH","3",
"2014-01-09","Minnesota Wild","MIN","4","Phoenix Coyotes","PHX","1",
"2014-01-09","Detroit Red Wings","DET","1","San Jose Sharks","SJS","4",
"2014-01-09","Washington Capitals","WSH","4","Tampa Bay Lightning","TBL","3",
"2014-01-10","Carolina Hurricanes","CAR","0","Columbus Blue Jackets","CBJ","3",
"2014-01-10","New York Islanders","NYI","2","Colorado Avalanche","COL","1",
"2014-01-10","Pittsburgh Penguins","PIT","3","Edmonton Oilers","EDM","4",
"2014-01-10","Dallas Stars","DAL","2","New York Rangers","NYR","3",
"2014-01-10","St. Louis Blues","STL","1","Vancouver Canucks","VAN","2",
"2014-01-10","Toronto Maple Leafs","TOR","2","Washington Capitals","WSH","3",
"2014-01-11","Pittsburgh Penguins","PIT","2","Calgary Flames","CGY","1",
"2014-01-11","Detroit Red Wings","DET","3","Los Angeles Kings","LAK","1",
"2014-01-11","Colorado Avalanche","COL","4","Minnesota Wild","MIN","2",
"2014-01-11","Chicago Blackhawks","CHI","1","Montreal Canadiens","MTL","2",
"2014-01-11","Florida Panthers","FLA","1","New Jersey Devils","NJD","2",
"2014-01-11","Ottawa Senators","OTT","2","Nashville Predators","NSH","1",
"2014-01-11","Tampa Bay Lightning","TBL","6","Philadelphia Flyers","PHI","3",
"2014-01-11","Anaheim Ducks","ANA","5","Phoenix Coyotes","PHX","3",
"2014-01-11","Boston Bruins","BOS","1","San Jose Sharks","SJS","0",
"2014-01-11","Columbus Blue Jackets","CBJ","6","Winnipeg Jets","WPG","3",
"2014-01-12","Detroit Red Wings","DET","0","Anaheim Ducks","ANA","1",
"2014-01-12","Edmonton Oilers","EDM","3","Chicago Blackhawks","CHI","5",
"2014-01-12","New York Islanders","NYI","4","Dallas Stars","DAL","2",
"2014-01-12","Minnesota Wild","MIN","4","Nashville Predators","NSH","0",
"2014-01-12","Philadelphia Flyers","PHI","1","New York Rangers","NYR","4",
"2014-01-12","New Jersey Devils","NJD","2","Toronto Maple Leafs","TOR","3",
"2014-01-12","Buffalo Sabres","BUF","2","Washington Capitals","WSH","1",
"2014-01-13","Calgary Flames","CGY","2","Carolina Hurricanes","CAR","0",
"2014-01-13","Tampa Bay Lightning","TBL","2","Columbus Blue Jackets","CBJ","3",
"2014-01-13","Vancouver Canucks","VAN","0","Los Angeles Kings","LAK","1",
"2014-01-13","Phoenix Coyotes","PHX","1","Winnipeg Jets","WPG","5",
"2014-01-14","Toronto Maple Leafs","TOR","4","Boston Bruins","BOS","3",
"2014-01-14","Philadelphia Flyers","PHI","4","Buffalo Sabres","BUF","3",
"2014-01-14","Colorado Avalanche","COL","3","Chicago Blackhawks","CHI","2",
"2014-01-14","Edmonton Oilers","EDM","2","Dallas Stars","DAL","5",
"2014-01-14","New York Islanders","NYI","2","Florida Panthers","FLA","4",
"2014-01-14","Ottawa Senators","OTT","3","Minnesota Wild","MIN","0",
"2014-01-14","New Jersey Devils","NJD","4","Montreal Canadiens","MTL","1",
"2014-01-14","Calgary Flames","CGY","2","Nashville Predators","NSH","4",
"2014-01-14","Tampa Bay Lightning","TBL","2","New York Rangers","NYR","1",
"2014-01-14","Phoenix Coyotes","PHX","1","St. Louis Blues","STL","2",
"2014-01-14","San Jose Sharks","SJS","2","Washington Capitals","WSH","1",
"2014-01-15","Vancouver Canucks","VAN","1","Anaheim Ducks","ANA","9",
"2014-01-15","Washington Capitals","WSH","3","Pittsburgh Penguins","PIT","4",
"2014-01-15","Buffalo Sabres","BUF","3","Toronto Maple Leafs","TOR","4",
"2014-01-16","Winnipeg Jets","WPG","5","Calgary Flames","CGY","2",
"2014-01-16","New Jersey Devils","NJD","1","Colorado Avalanche","COL","2",
"2014-01-16","Boston Bruins","BOS","4","Dallas Stars","DAL","2",
"2014-01-16","San Jose Sharks","SJS","3","Florida Panthers","FLA","0",
"2014-01-16","Edmonton Oilers","EDM","1","Minnesota Wild","MIN","4",
"2014-01-16","Detroit Red Wings","DET","0","New York Rangers","NYR","1",
"2014-01-16","Montreal Canadiens","MTL","5","Ottawa Senators","OTT","4",
"2014-01-16","Nashville Predators","NSH","4","Philadelphia Flyers","PHI","3",
"2014-01-16","Vancouver Canucks","VAN","0","Phoenix Coyotes","PHX","1",
"2014-01-16","Los Angeles Kings","LAK","4","St. Louis Blues","STL","1",
"2014-01-16","New York Islanders","NYI","2","Tampa Bay Lightning","TBL","1",
"2014-01-17","Washington Capitals","WSH","1","Columbus Blue Jackets","CBJ","5",
"2014-01-17","Anaheim Ducks","ANA","2","Chicago Blackhawks","CHI","4",
"2014-01-18","Columbus Blue Jackets","CBJ","4","Buffalo Sabres","BUF","3",
"2014-01-18","Florida Panthers","FLA","2","Carolina Hurricanes","CAR","3",
"2014-01-18","Los Angeles Kings","LAK","2","Detroit Red Wings","DET","3",
"2014-01-18","Dallas Stars","DAL","2","Minnesota Wild","MIN","3",
"2014-01-18","Colorado Avalanche","COL","5","Nashville Predators","NSH","4",
"2014-01-18","New York Rangers","NYR","4","Ottawa Senators","OTT","1",
"2014-01-18","New York Islanders","NYI","4","Philadelphia Flyers","PHI","6",
"2014-01-18","New Jersey Devils","NJD","2","Phoenix Coyotes","PHX","3",
"2014-01-18","Anaheim Ducks","ANA","3","St. Louis Blues","STL","2",
"2014-01-18","San Jose Sharks","SJS","5","Tampa Bay Lightning","TBL","4",
"2014-01-18","Montreal Canadiens","MTL","3","Toronto Maple Leafs","TOR","5",
"2014-01-18","Calgary Flames","CGY","2","Vancouver Canucks","VAN","3",
"2014-01-18","Edmonton Oilers","EDM","2","Winnipeg Jets","WPG","3",
"2014-01-19","Tampa Bay Lightning","TBL","5","Carolina Hurricanes","CAR","3",
"2014-01-19","Boston Bruins","BOS","2","Chicago Blackhawks","CHI","3",
"2014-01-19","Washington Capitals","WSH","1","New York Rangers","NYR","4",
"2014-01-20","Los Angeles Kings","LAK","2","Boston Bruins","BOS","3",
"2014-01-20","St. Louis Blues","STL","4","Detroit Red Wings","DET","1",
"2014-01-20","Dallas Stars","DAL","1","Nashville Predators","NSH","4",
"2014-01-20","Philadelphia Flyers","PHI","3","New York Islanders","NYI","4",
"2014-01-20","Toronto Maple Leafs","TOR","4","Phoenix Coyotes","PHX","2",
"2014-01-20","Florida Panthers","FLA","5","Pittsburgh Penguins","PIT","1",
"2014-01-20","Calgary Flames","CGY","2","San Jose Sharks","SJS","3",
"2014-01-21","Winnipeg Jets","WPG","3","Anaheim Ducks","ANA","2",
"2014-01-21","Florida Panthers","FLA","4","Buffalo Sabres","BUF","3",
"2014-01-21","Los Angeles Kings","LAK","3","Columbus Blue Jackets","CBJ","5",
"2014-01-21","Toronto Maple Leafs","TOR","5","Colorado Avalanche","COL","2",
"2014-01-21","Minnesota Wild","MIN","0","Dallas Stars","DAL","4",
"2014-01-21","Vancouver Canucks","VAN","2","Edmonton Oilers","EDM","1",
"2014-01-21","St. Louis Blues","STL","1","New Jersey Devils","NJD","7",
"2014-01-21","New York Islanders","NYI","5","New York Rangers","NYR","3",
"2014-01-21","Carolina Hurricanes","CAR","","Philadelphia Flyers","PHI","","Postponed due to snowstorm until 2014-01-22"
"2014-01-21","Ottawa Senators","OTT","2","Washington Capitals","WSH","0",
"2014-01-22","Phoenix Coyotes","PHX","2","Calgary Flames","CGY","3",
"2014-01-22","Chicago Blackhawks","CHI","4","Detroit Red Wings","DET","5",
"2014-01-22","Carolina Hurricanes","CAR","3","Philadelphia Flyers","PHI","2","Make-up game for snowstorm 2014-01-21"
"2014-01-22","Montreal Canadiens","MTL","1","Pittsburgh Penguins","PIT","5",
"2014-01-23","Los Angeles Kings","LAK","1","Anaheim Ducks","ANA","2",
"2014-01-23","Carolina Hurricanes","CAR","5","Buffalo Sabres","BUF","3",
"2014-01-23","Philadelphia Flyers","PHI","2","Columbus Blue Jackets","CBJ","5",
"2014-01-23","Toronto Maple Leafs","TOR","1","Dallas Stars","DAL","7",
"2014-01-23","Chicago Blackhawks","CHI","1","Minnesota Wild","MIN","2",
"2014-01-23","Pittsburgh Penguins","PIT","6","New York Islanders","NYI","4",
"2014-01-23","St. Louis Blues","STL","2","New York Rangers","NYR","1",
"2014-01-23","Winnipeg Jets","WPG","0","San Jose Sharks","SJS","1",
"2014-01-23","Ottawa Senators","OTT","3","Tampa Bay Lightning","TBL","4",
"2014-01-23","Nashville Predators","NSH","2","Vancouver Canucks","VAN","1",
"2014-01-24","Ottawa Senators","OTT","","Carolina Hurricanes","CAR","","Rescheduled to 2014-01-25 due to rescheduled 2014-01-22 game"
"2014-01-24","Nashville Predators","NSH","4","Calgary Flames","CGY","5",
"2014-01-24","Montreal Canadiens","MTL","1","Detroit Red Wings","DET","4",
"2014-01-24","Phoenix Coyotes","PHX","4","Edmonton Oilers","EDM","3",
"2014-01-24","Colorado Avalanche","COL","3","Florida Panthers","FLA","2",
"2014-01-24","Washington Capitals","WSH","1","New Jersey Devils","NJD","2",
"2014-01-25","Ottawa Senators","OTT","3","Carolina Hurricanes","CAR","6","Make-up game for postponed 2014-01-24 game"
"2014-01-25","Buffalo Sabres","BUF","5","Columbus Blue Jackets","CBJ","2",
"2014-01-25","Pittsburgh Penguins","PIT","0","Dallas Stars","DAL","3",
"2014-01-25","Anaheim Ducks","ANA","3","Los Angeles Kings","LAK","0","NHL Stadium Series"
"2014-01-25","Washington Capitals","WSH","5","Montreal Canadiens","MTL","0",
"2014-01-25","St. Louis Blues","STL","4","New York Islanders","NYI","3",
"2014-01-25","Boston Bruins","BOS","6","Philadelphia Flyers","PHI","1",
"2014-01-25","Minnesota Wild","MIN","2","San Jose Sharks","SJS","3",
"2014-01-25","Colorado Avalanche","COL","2","Tampa Bay Lightning","TBL","5",
"2014-01-25","Toronto Maple Leafs","TOR","4","Winnipeg Jets","WPG","5",
"2014-01-26","Winnipeg Jets","WPG","3","Chicago Blackhawks","CHI","1",
"2014-01-26","Florida Panthers","FLA","5","Detroit Red Wings","DET","4",
"2014-01-26","Nashville Predators","NSH","1","Edmonton Oilers","EDM","5",
"2014-01-26","New York Rangers","NYR","7","New Jersey Devils","NJD","3","NHL Stadium Series"
"2014-01-26","Phoenix Coyotes","PHX","4","Vancouver Canucks","VAN","5",
"2014-01-27","Columbus Blue Jackets","CBJ","2","Carolina Hurricanes","CAR","3",
"2014-01-27","Colorado Avalanche","COL","4","Dallas Stars","DAL","3",
"2014-01-27","Boston Bruins","BOS","6","New York Islanders","NYI","3",
"2014-01-27","Buffalo Sabres","BUF","0","Pittsburgh Penguins","PIT","3",
"2014-01-27","Los Angeles Kings","LAK","1","San Jose Sharks","SJS","0",
"2014-01-27","Edmonton Oilers","EDM","4","Vancouver Canucks","VAN","2",
"2014-01-28","Minnesota Wild","MIN","4","Anaheim Ducks","ANA","2",
"2014-01-28","Florida Panthers","FLA","2","Boston Bruins","BOS","6",
"2014-01-28","Washington Capitals","WSH","5","Buffalo Sabres","BUF","4",
"2014-01-28","Ottawa Senators","OTT","3","Columbus Blue Jackets","CBJ","2",
"2014-01-28","Chicago Blackhawks","CHI","4","Calgary Flames","CGY","5",
"2014-01-28","Carolina Hurricanes","CAR","0","Montreal Canadiens","MTL","3",
"2014-01-28","Detroit Red Wings","DET","0","Philadelphia Flyers","PHI","5",
"2014-01-28","Los Angeles Kings","LAK","0","Phoenix Coyotes","PHX","3",
"2014-01-28","New Jersey Devils","NJD","0","St. Louis Blues","STL","3",
"2014-01-28","Tampa Bay Lightning","TBL","2","Toronto Maple Leafs","TOR","3",
"2014-01-28","Nashville Predators","NSH","4","Winnipeg Jets","WPG","3",
"2014-01-29","San Jose Sharks","SJS","0","Edmonton Oilers","EDM","3",
"2014-01-29","New York Rangers","NYR","2","New York Islanders","NYI","1","NHL Stadium Series"
"2014-01-29","Chicago Blackhawks","CHI","5","Vancouver Canucks","VAN","2",
"2014-01-30","Philadelphia Flyers","PHI","3","Anaheim Ducks","ANA","5",
"2014-01-30","Montreal Canadiens","MTL","4","Boston Bruins","BOS","1",
"2014-01-30","Washington Capitals","WSH","2","Columbus Blue Jackets","CBJ","5",
"2014-01-30","San Jose Sharks","SJS","1","Calgary Flames","CGY","4",
"2014-01-30","Minnesota Wild","MIN","4","Colorado Avalanche","COL","5",
"2014-01-30","New Jersey Devils","NJD","3","Dallas Stars","DAL","2",
"2014-01-30","Pittsburgh Penguins","PIT","4","Los Angeles Kings","LAK","1",
"2014-01-30","Tampa Bay Lightning","TBL","3","Ottawa Senators","OTT","5",
"2014-01-30","Buffalo Sabres","BUF","3","Phoenix Coyotes","PHX","2",
"2014-01-30","Florida Panthers","FLA","3","Toronto Maple Leafs","TOR","6",
"2014-01-31","St. Louis Blues","STL","1","Carolina Hurricanes","CAR","3",
"2014-01-31","Washington Capitals","WSH","3","Detroit Red Wings","DET","4",
"2014-01-31","New Jersey Devils","NJD","2","Nashville Predators","NSH","3",
"2014-01-31","New York Islanders","NYI","1","New York Rangers","NYR","4",
"2014-01-31","Vancouver Canucks","VAN","3","Winnipeg Jets","WPG","4",
"2014-02-01","Dallas Stars","DAL","2","Anaheim Ducks","ANA","0",
"2014-02-01","Edmonton Oilers","EDM","0","Boston Bruins","BOS","4",
"2014-02-01","Florida Panthers","FLA","1","Columbus Blue Jackets","CBJ","4",
"2014-02-01","Minnesota Wild","MIN","3","Calgary Flames","CGY","4",
"2014-02-01","Buffalo Sabres","BUF","1","Colorado Avalanche","COL","7",
"2014-02-01","Philadelphia Flyers","PHI","2","Los Angeles Kings","LAK","0",
"2014-02-01","Tampa Bay Lightning","TBL","2","Montreal Canadiens","MTL","1",
"2014-02-01","Pittsburgh Penguins","PIT","1","Phoenix Coyotes","PHX","3",
"2014-02-01","Chicago Blackhawks","CHI","1","San Jose Sharks","SJS","2",
"2014-02-01","Nashville Predators","NSH","3","St. Louis Blues","STL","4",
"2014-02-01","Ottawa Senators","OTT","3","Toronto Maple Leafs","TOR","6",
"2014-02-02","Winnipeg Jets","WPG","2","Montreal Canadiens","MTL","1",
"2014-02-02","Detroit Red Wings","DET","5","Washington Capitals","WSH","6",
"2014-02-03","Columbus Blue Jackets","CBJ","4","Anaheim Ducks","ANA","2",
"2014-02-03","Edmonton Oilers","EDM","3","Buffalo Sabres","BUF","2",
"2014-02-03","Vancouver Canucks","VAN","0","Detroit Red Wings","DET","2",
"2014-02-03","Chicago Blackhawks","CHI","5","Los Angeles Kings","LAK","3",
"2014-02-03","Colorado Avalanche","COL","2","New Jersey Devils","NJD","1",
"2014-02-03","Ottawa Senators","OTT","1","Pittsburgh Penguins","PIT","2",
"2014-02-03","Philadelphia Flyers","PHI","5","San Jose Sharks","SJS","2",
"2014-02-04","Vancouver Canucks","VAN","1","Boston Bruins","BOS","3",
"2014-02-04","Winnipeg Jets","WPG","2","Carolina Hurricanes","CAR","1",
"2014-02-04","Toronto Maple Leafs","TOR","1","Florida Panthers","FLA","4",
"2014-02-04","Tampa Bay Lightning","TBL","1","Minnesota Wild","MIN","2",
"2014-02-04","Calgary Flames","CGY","0","Montreal Canadiens","MTL","2",
"2014-02-04","Colorado Avalanche","COL","1","New York Rangers","NYR","5",
"2014-02-04","Dallas Stars","DAL","3","Phoenix Coyotes","PHX","1",
"2014-02-04","Ottawa Senators","OTT","5","St. Louis Blues","STL","4",
"2014-02-04","New York Islanders","NYI","1","Washington Capitals","WSH","0",
"2014-02-05","Chicago Blackhawks","CHI","2","Anaheim Ducks","ANA","0",
"2014-02-05","Pittsburgh Penguins","PIT","5","Buffalo Sabres","BUF","1",
"2014-02-05","Dallas Stars","DAL","1","San Jose Sharks","SJS","2",
"2014-02-06","Detroit Red Wings","DET","3","Florida Panthers","FLA","1",
"2014-02-06","Columbus Blue Jackets","CBJ","1","Los Angeles Kings","LAK","2",
"2014-02-06","Nashville Predators","NSH","2","Minnesota Wild","MIN","3",
"2014-02-06","Vancouver Canucks","VAN","2","Montreal Canadiens","MTL","5",
"2014-02-06","Calgary Flames","CGY","4","New York Islanders","NYI","2",
"2014-02-06","Edmonton Oilers","EDM","2","New York Rangers","NYR","1",
"2014-02-06","Buffalo Sabres","BUF","2","Ottawa Senators","OTT","3",
"2014-02-06","Colorado Avalanche","COL","1","Philadelphia Flyers","PHI","3",
"2014-02-06","Boston Bruins","BOS","2","St. Louis Blues","STL","3",
"2014-02-06","Toronto Maple Leafs","TOR","4","Tampa Bay Lightning","TBL","1",
"2014-02-06","Winnipeg Jets","WPG","2","Washington Capitals","WSH","4",
"2014-02-07","Florida Panthers","FLA","1","Carolina Hurricanes","CAR","5",
"2014-02-07","Edmonton Oilers","EDM","1","New Jersey Devils","NJD","2",
"2014-02-07","Chicago Blackhawks","CHI","0","Phoenix Coyotes","PHX","2",
"2014-02-07","New York Rangers","NYR","4","Pittsburgh Penguins","PIT","3",
"2014-02-07","Columbus Blue Jackets","CBJ","2","San Jose Sharks","SJS","3",
"2014-02-08","Ottawa Senators","OTT","2","Boston Bruins","BOS","7",
"2014-02-08","Montreal Canadiens","MTL","4","Carolina Hurricanes","CAR","1",
"2014-02-08","Phoenix Coyotes","PHX","1","Dallas Stars","DAL","2",
"2014-02-08","Anaheim Ducks","ANA","5","Nashville Predators","NSH","2",
"2014-02-08","Colorado Avalanche","COL","5","New York Islanders","NYI","2",
"2014-02-08","Calgary Flames","CGY","1","Philadelphia Flyers","PHI","2",
"2014-02-08","Winnipeg Jets","WPG","3","St. Louis Blues","STL","4",
"2014-02-08","Detroit Red Wings","DET","2","Tampa Bay Lightning","TBL","4",
"2014-02-08","Vancouver Canucks","VAN","1","Toronto Maple Leafs","TOR","3",
"2014-02-08","New Jersey Devils","NJD","0","Washington Capitals","WSH","3",
"2014-02-25","Carolina Hurricanes","CAR","2","Buffalo Sabres","BUF","3","Make-up game for blizzard on 2014-01-07"
"2014-02-26","Boston Bruins","BOS","4","Buffalo Sabres","BUF","5",
"2014-02-26","Los Angeles Kings","LAK","6","Colorado Avalanche","COL","4",
"2014-02-26","Detroit Red Wings","DET","2","Montreal Canadiens","MTL","1",
"2014-02-26","St. Louis Blues","STL","0","Vancouver Canucks","VAN","1",
"2014-02-27","Los Angeles Kings","LAK","2","Calgary Flames","CGY","0",
"2014-02-27","Carolina Hurricanes","CAR","1","Dallas Stars","DAL","4",
"2014-02-27","Minnesota Wild","MIN","3","Edmonton Oilers","EDM","0",
"2014-02-27","Washington Capitals","WSH","5","Florida Panthers","FLA","4",
"2014-02-27","Columbus Blue Jackets","CBJ","2","New Jersey Devils","NJD","5",
"2014-02-27","Tampa Bay Lightning","TBL","2","Nashville Predators","NSH","3",
"2014-02-27","Toronto Maple Leafs","TOR","4","New York Islanders","NYI","5",
"2014-02-27","Chicago Blackhawks","CHI","1","New York Rangers","NYR","2",
"2014-02-27","Detroit Red Wings","DET","6","Ottawa Senators","OTT","1",
"2014-02-27","San Jose Sharks","SJS","7","Philadelphia Flyers","PHI","3",
"2014-02-27","Montreal Canadiens","MTL","6","Pittsburgh Penguins","PIT","5",
"2014-02-27","Phoenix Coyotes","PHX","2","Winnipeg Jets","WPG","3",
"2014-02-28","St. Louis Blues","STL","0","Anaheim Ducks","ANA","1",
"2014-02-28","San Jose Sharks","SJS","2","Buffalo Sabres","BUF","4",
"2014-02-28","Phoenix Coyotes","PHX","2","Colorado Avalanche","COL","4",
"2014-02-28","Minnesota Wild","MIN","2","Vancouver Canucks","VAN","1",
"2014-03-01","Washington Capitals","WSH","4","Boston Bruins","BOS","2",
"2014-03-01","Florida Panthers","FLA","3","Columbus Blue Jackets","CBJ","6",
"2014-03-01","Pittsburgh Penguins","PIT","1","Chicago Blackhawks","CHI","5","NHL Stadium Series"
"2014-03-01","Tampa Bay Lightning","TBL","4","Dallas Stars","DAL","2",
"2014-03-01","Calgary Flames","CGY","2","Edmonton Oilers","EDM","1",
"2014-03-01","Carolina Hurricanes","CAR","1","Los Angeles Kings","LAK","3",
"2014-03-01","Toronto Maple Leafs","TOR","3","Montreal Canadiens","MTL","4",
"2014-03-01","Winnipeg Jets","WPG","3","Nashville Predators","NSH","1",
"2014-03-01","New Jersey Devils","NJD","6","New York Islanders","NYI","1",
"2014-03-01","New York Rangers","NYR","2","Philadelphia Flyers","PHI","4",
"2014-03-02","Carolina Hurricanes","CAR","3","Anaheim Ducks","ANA","5",
"2014-03-02","Tampa Bay Lightning","TBL","3","Colorado Avalanche","COL","6",
"2014-03-02","San Jose Sharks","SJS","4","New Jersey Devils","NJD","2",
"2014-03-02","Florida Panthers","FLA","5","New York Islanders","NYI","3",
"2014-03-02","Boston Bruins","BOS","6","New York Rangers","NYR","3",
"2014-03-02","St. Louis Blues","STL","4","Phoenix Coyotes","PHX","2",
"2014-03-02","Ottawa Senators","OTT","4","Vancouver Canucks","VAN","2","NHL Heritage Classic"
"2014-03-02","Philadelphia Flyers","PHI","5","Washington Capitals","WSH","4",
"2014-03-03","Buffalo Sabres","BUF","2","Dallas Stars","DAL","3",
"2014-03-03","Montreal Canadiens","MTL","1","Los Angeles Kings","LAK","2",
"2014-03-03","Calgary Flames","CGY","2","Minnesota Wild","MIN","3",
"2014-03-03","Columbus Blue Jackets","CBJ","2","Toronto Maple Leafs","TOR","1",
"2014-03-04","Florida Panthers","FLA","1","Boston Bruins","BOS","4",
"2014-03-04","Dallas Stars","DAL","2","Columbus Blue Jackets","CBJ","4",
"2014-03-04","Colorado Avalanche","COL","4","Chicago Blackhawks","CHI","2",
"2014-03-04","Ottawa Senators","OTT","2","Edmonton Oilers","EDM","3",
"2014-03-04","Detroit Red Wings","DET","3","New Jersey Devils","NJD","4",
"2014-03-04","Pittsburgh Penguins","PIT","3","Nashville Predators","NSH","1",
"2014-03-04","Vancouver Canucks","VAN","0","Phoenix Coyotes","PHX","1",
"2014-03-04","Carolina Hurricanes","CAR","3","San Jose Sharks","SJS","2",
"2014-03-04","Tampa Bay Lightning","TBL","2","St. Louis Blues","STL","4",
"2014-03-04","New York Islanders","NYI","3","Winnipeg Jets","WPG","2",
"2014-03-05","Montreal Canadiens","MTL","4","Anaheim Ducks","ANA","3",
"2014-03-05","Ottawa Senators","OTT","1","Calgary Flames","CGY","4",
"2014-03-05","Toronto Maple Leafs","TOR","3","New York Rangers","NYR","2",
"2014-03-05","Washington Capitals","WSH","4","Philadelphia Flyers","PHI","6",
"2014-03-06","Washington Capitals","WSH","0","Boston Bruins","BOS","3",
"2014-03-06","Columbus Blue Jackets","CBJ","1","Chicago Blackhawks","CHI","6",
"2014-03-06","Vancouver Canucks","VAN","1","Dallas Stars","DAL","6",
"2014-03-06","Colorado Avalanche","COL","3","Detroit Red Wings","DET","2",
"2014-03-06","New York Islanders","NYI","2","Edmonton Oilers","EDM","3",
"2014-03-06","St. Louis Blues","STL","2","Nashville Predators","NSH","1",
"2014-03-06","Montreal Canadiens","MTL","2","Phoenix Coyotes","PHX","5",
"2014-03-06","Pittsburgh Penguins","PIT","3","San Jose Sharks","SJS","5",
"2014-03-06","Buffalo Sabres","BUF","3","Tampa Bay Lightning","TBL","1",
"2014-03-06","Los Angeles Kings","LAK","3","Winnipeg Jets","WPG","1",
"2014-03-07","Pittsburgh Penguins","PIT","3","Anaheim Ducks","ANA","2",
"2014-03-07","New York Rangers","NYR","4","Carolina Hurricanes","CAR","2",
"2014-03-07","New York Islanders","NYI","3","Calgary Flames","CGY","4",
"2014-03-07","New Jersey Devils","NJD","4","Detroit Red Wings","DET","7",
"2014-03-07","Buffalo Sabres","BUF","0","Florida Panthers","FLA","2",
"2014-03-08","St. Louis Blues","STL","2","Colorado Avalanche","COL","1",
"2014-03-08","Minnesota Wild","MIN","3","Dallas Stars","DAL","4",
"2014-03-08","Carolina Hurricanes","CAR","4","New Jersey Devils","NJD","5",
"2014-03-08","Columbus Blue Jackets","CBJ","1","Nashville Predators","NSH","0",
"2014-03-08","Montreal Canadiens","MTL","0","San Jose Sharks","SJS","4",
"2014-03-08","Boston Bruins","BOS","4","Tampa Bay Lightning","TBL","3",
"2014-03-08","Philadelphia Flyers","PHI","3","Toronto Maple Leafs","TOR","4",
"2014-03-08","Calgary Flames","CGY","1","Vancouver Canucks","VAN","2",
"2014-03-08","Ottawa Senators","OTT","5","Winnipeg Jets","WPG","3",
"2014-03-08","Phoenix Coyotes","PHX","2","Washington Capitals","WSH","3",
"2014-03-09","Chicago Blackhawks","CHI","2","Buffalo Sabres","BUF","1",
"2014-03-09","Los Angeles Kings","LAK","4","Edmonton Oilers","EDM","2",
"2014-03-09","Boston Bruins","BOS","5","Florida Panthers","FLA","2",
"2014-03-09","St. Louis Blues","STL","3","Minnesota Wild","MIN","2",
"2014-03-09","Detroit Red Wings","DET","0","New York Rangers","NYR","3",
"2014-03-10","Toronto Maple Leafs","TOR","3","Anaheim Ducks","ANA","1",
"2014-03-10","Los Angeles Kings","LAK","3","Calgary Flames","CGY","2",
"2014-03-10","Winnipeg Jets","WPG","2","Colorado Avalanche","COL","3",
"2014-03-10","Columbus Blue Jackets","CBJ","","Dallas Stars","DAL","","Game postponed until 2014-04-09 (Medical Emergency)"
"2014-03-10","Nashville Predators","NSH","4","Ottawa Senators","OTT","3",
"2014-03-10","Phoenix Coyotes","PHX","4","Tampa Bay Lightning","TBL","3",
"2014-03-10","New York Islanders","NYI","7","Vancouver Canucks","VAN","4",
"2014-03-10","Pittsburgh Penguins","PIT","3","Washington Capitals","WSH","2",
"2014-03-11","Nashville Predators","NSH","4","Buffalo Sabres","BUF","1",
"2014-03-11","New York Rangers","NYR","1","Carolina Hurricanes","CAR","3",
"2014-03-11","Detroit Red Wings","DET","1","Columbus Blue Jackets","CBJ","4",
"2014-03-11","Phoenix Coyotes","PHX","3","Florida Panthers","FLA","1",
"2014-03-11","Edmonton Oilers","EDM","4","Minnesota Wild","MIN","3",
"2014-03-11","New Jersey Devils","NJD","2","Philadelphia Flyers","PHI","1",
"2014-03-11","Washington Capitals","WSH","0","Pittsburgh Penguins","PIT","2",
"2014-03-11","Toronto Maple Leafs","TOR","2","San Jose Sharks","SJS","6",
"2014-03-11","Dallas Stars","DAL","3","St. Louis Blues","STL","2",
"2014-03-12","Anaheim Ducks","ANA","2","Calgary Flames","CGY","7",
"2014-03-12","Chicago Blackhawks","CHI","2","Colorado Avalanche","COL","3",
"2014-03-12","Boston Bruins","BOS","4","Montreal Canadiens","MTL","1",
"2014-03-12","Vancouver Canucks","VAN","3","Winnipeg Jets","WPG","2",
"2014-03-13","Phoenix Coyotes","PHX","1","Boston Bruins","BOS","2",
"2014-03-13","Buffalo Sabres","BUF","2","Carolina Hurricanes","CAR","4",
"2014-03-13","San Jose Sharks","SJS","4","Columbus Blue Jackets","CBJ","3",
"2014-03-13","Toronto Maple Leafs","TOR","3","Los Angeles Kings","LAK","2",
"2014-03-13","New York Rangers","NYR","1","Minnesota Wild","MIN","2",
"2014-03-13","Edmonton Oilers","EDM","2","St. Louis Blues","STL","6",
"2014-03-13","Florida Panthers","FLA","4","Tampa Bay Lightning","TBL","5",
"2014-03-14","Nashville Predators","NSH","3","Chicago Blackhawks","CHI","2",
"2014-03-14","Anaheim Ducks","ANA","6","Colorado Avalanche","COL","4",
"2014-03-14","Calgary Flames","CGY","4","Dallas Stars","DAL","3",
"2014-03-14","Edmonton Oilers","EDM","1","Detroit Red Wings","DET","2",
"2014-03-14","New Jersey Devils","NJD","3","Florida Panthers","FLA","5",
"2014-03-14","San Jose Sharks","SJS","4","New York Islanders","NYI","3",
"2014-03-14","New York Rangers","NYR","4","Winnipeg Jets","WPG","2",
"2014-03-14","Vancouver Canucks","VAN","3","Washington Capitals","WSH","4",
"2014-03-15","Carolina Hurricanes","CAR","1","Boston Bruins","BOS","5",
"2014-03-15","Anaheim Ducks","ANA","2","Los Angeles Kings","LAK","1",
"2014-03-15","Columbus Blue Jackets","CBJ","2","Minnesota Wild","MIN","1",
"2014-03-15","Ottawa Senators","OTT","4","Montreal Canadiens","MTL","5",
"2014-03-15","St. Louis Blues","STL","4","Nashville Predators","NSH","1",
"2014-03-15","Buffalo Sabres","BUF","1","New York Islanders","NYI","4",
"2014-03-15","Pittsburgh Penguins","PIT","0","Philadelphia Flyers","PHI","4",
"2014-03-15","Calgary Flames","CGY","2","Phoenix Coyotes","PHX","3",
"2014-03-15","New Jersey Devils","NJD","0","Tampa Bay Lightning","TBL","3",
"2014-03-16","Montreal Canadiens","MTL","2","Buffalo Sabres","BUF","0",
"2014-03-16","Edmonton Oilers","EDM","2","Carolina Hurricanes","CAR","1",
"2014-03-16","Detroit Red Wings","DET","1","Chicago Blackhawks","CHI","4",
"2014-03-16","Vancouver Canucks","VAN","4","Florida Panthers","FLA","3",
"2014-03-16","San Jose Sharks","SJS","1","New York Rangers","NYR","0",
"2014-03-16","Colorado Avalanche","COL","3","Ottawa Senators","OTT","1",
"2014-03-16","Philadelphia Flyers","PHI","4","Pittsburgh Penguins","PIT","3",
"2014-03-16","Dallas Stars","DAL","2","Winnipeg Jets","WPG","7",
"2014-03-16","Toronto Maple Leafs","TOR","2","Washington Capitals","WSH","4",
"2014-03-17","Minnesota Wild","MIN","1","Boston Bruins","BOS","4",
"2014-03-17","Phoenix Coyotes","PHX","4","Los Angeles Kings","LAK","3",
"2014-03-17","Winnipeg Jets","WPG","1","St. Louis Blues","STL","3",
"2014-03-17","Vancouver Canucks","VAN","3","Tampa Bay Lightning","TBL","4",
"2014-03-18","Washington Capitals","WSH","3","Anaheim Ducks","ANA","2",
"2014-03-18","Carolina Hurricanes","CAR","3","Columbus Blue Jackets","CBJ","1",
"2014-03-18","Buffalo Sabres","BUF","1","Calgary Flames","CGY","3",
"2014-03-18","Toronto Maple Leafs","TOR","2","Detroit Red Wings","DET","3",
"2014-03-18","Nashville Predators","NSH","1","Edmonton Oilers","EDM","5",
"2014-03-18","Colorado Avalanche","COL","3","Montreal Canadiens","MTL","6",
"2014-03-18","Boston Bruins","BOS","4","New Jersey Devils","NJD","2",
"2014-03-18","Minnesota Wild","MIN","6","New York Islanders","NYI","0",
"2014-03-18","New York Rangers","NYR","8","Ottawa Senators","OTT","4",
"2014-03-18","Chicago Blackhawks","CHI","2","Philadelphia Flyers","PHI","3",
"2014-03-18","Dallas Stars","DAL","1","Pittsburgh Penguins","PIT","5",
"2014-03-18","Florida Panthers","FLA","3","San Jose Sharks","SJS","2",
"2014-03-19","St. Louis Blues","STL","0","Chicago Blackhawks","CHI","4",
"2014-03-19","Tampa Bay Lightning","TBL","5","Toronto Maple Leafs","TOR","3",
"2014-03-19","Nashville Predators","NSH","0","Vancouver Canucks","VAN","2",
"2014-03-19","Colorado Avalanche","COL","4","Winnipeg Jets","WPG","5",
"2014-03-20","Pittsburgh Penguins","PIT","4","Detroit Red Wings","DET","5",
"2014-03-20","Buffalo Sabres","BUF","3","Edmonton Oilers","EDM","1",
"2014-03-20","Washington Capitals","WSH","1","Los Angeles Kings","LAK","2",
"2014-03-20","Columbus Blue Jackets","CBJ","3","Montreal Canadiens","MTL","2",
"2014-03-20","Minnesota Wild","MIN","3","New Jersey Devils","NJD","4",
"2014-03-20","Tampa Bay Lightning","TBL","5","Ottawa Senators","OTT","4",
"2014-03-20","Dallas Stars","DAL","2","Philadelphia Flyers","PHI","4",
"2014-03-20","Florida Panthers","FLA","1","Phoenix Coyotes","PHX","2",
"2014-03-20","Anaheim Ducks","ANA","2","San Jose Sharks","SJS","3",
"2014-03-21","New York Rangers","NYR","3","Columbus Blue Jackets","CBJ","1",
"2014-03-21","Nashville Predators","NSH","6","Calgary Flames","CGY","5",
"2014-03-21","Carolina Hurricanes","CAR","2","Chicago Blackhawks","CHI","3",
"2014-03-21","Boston Bruins","BOS","2","Colorado Avalanche","COL","0",
"2014-03-22","Ottawa Senators","OTT","1","Dallas Stars","DAL","3",
"2014-03-22","Calgary Flames","CGY","8","Edmonton Oilers","EDM","1",
"2014-03-22","Florida Panthers","FLA","0","Los Angeles Kings","LAK","4",
"2014-03-22","Detroit Red Wings","DET","3","Minnesota Wild","MIN","2",
"2014-03-22","New York Rangers","NYR","2","New Jersey Devils","NJD","0",
"2014-03-22","St. Louis Blues","STL","1","Philadelphia Flyers","PHI","4",
"2014-03-22","Boston Bruins","BOS","4","Phoenix Coyotes","PHX","2",
"2014-03-22","Tampa Bay Lightning","TBL","3","Pittsburgh Penguins","PIT","4",
"2014-03-22","Washington Capitals","WSH","3","San Jose Sharks","SJS","2",
"2014-03-22","Montreal Canadiens","MTL","4","Toronto Maple Leafs","TOR","3",
"2014-03-22","Carolina Hurricanes","CAR","3","Winnipeg Jets","WPG","2",
"2014-03-23","Florida Panthers","FLA","2","Anaheim Ducks","ANA","6",
"2014-03-23","Nashville Predators","NSH","2","Chicago Blackhawks","CHI","0",
"2014-03-23","Minnesota Wild","MIN","4","Detroit Red Wings","DET","3",
"2014-03-23","Toronto Maple Leafs","TOR","2","New Jersey Devils","NJD","3",
"2014-03-23","Columbus Blue Jackets","CBJ","0","New York Islanders","NYI","2",
"2014-03-23","St. Louis Blues","STL","1","Pittsburgh Penguins","PIT","0",
"2014-03-23","Buffalo Sabres","BUF","2","Vancouver Canucks","VAN","4",
"2014-03-24","Montreal Canadiens","MTL","2","Boston Bruins","BOS","1",
"2014-03-24","San Jose Sharks","SJS","1","Calgary Flames","CGY","2",
"2014-03-24","Winnipeg Jets","WPG","1","Dallas Stars","DAL","2",
"2014-03-24","Phoenix Coyotes","PHX","3","New York Rangers","NYR","4",
"2014-03-24","Los Angeles Kings","LAK","3","Philadelphia Flyers","PHI","2",
"2014-03-24","Ottawa Senators","OTT","4","Tampa Bay Lightning","TBL","3",
"2014-03-25","New York Islanders","NYI","5","Carolina Hurricanes","CAR","4",
"2014-03-25","Detroit Red Wings","DET","2","Columbus Blue Jackets","CBJ","4",
"2014-03-25","Dallas Stars","DAL","2","Chicago Blackhawks","CHI","4",
"2014-03-25","San Jose Sharks","SJS","5","Edmonton Oilers","EDM","2",
"2014-03-25","Ottawa Senators","OTT","2","Florida Panthers","FLA","3",
"2014-03-25","Buffalo Sabres","BUF","0","Montreal Canadiens","MTL","2",
"2014-03-25","Colorado Avalanche","COL","5","Nashville Predators","NSH","4",
"2014-03-25","Phoenix Coyotes","PHX","3","Pittsburgh Penguins","PIT","2",
"2014-03-25","St. Louis Blues","STL","5","Toronto Maple Leafs","TOR","3",
"2014-03-25","Los Angeles Kings","LAK","5","Washington Capitals","WSH","4",
"2014-03-26","Anaheim Ducks","ANA","3","Calgary Flames","CGY","2",
"2014-03-26","Vancouver Canucks","VAN","5","Minnesota Wild","MIN","2",
"2014-03-26","Philadelphia Flyers","PHI","1","New York Rangers","NYR","3",
"2014-03-27","Chicago Blackhawks","CHI","0","Boston Bruins","BOS","3",
"2014-03-27","Vancouver Canucks","VAN","2","Colorado Avalanche","COL","3",
"2014-03-27","Montreal Canadiens","MTL","5","Detroit Red Wings","DET","4",
"2014-03-27","Carolina Hurricanes","CAR","3","Florida Panthers","FLA","0",
"2014-03-27","Phoenix Coyotes","PHX","3","New Jersey Devils","NJD","2",
"2014-03-27","Buffalo Sabres","BUF","1","Nashville Predators","NSH","6",
"2014-03-27","Los Angeles Kings","LAK","3","Pittsburgh Penguins","PIT","2",
"2014-03-27","Winnipeg Jets","WPG","4","San Jose Sharks","SJS","3",
"2014-03-27","Minnesota Wild","MIN","1","St. Louis Blues","STL","5",
"2014-03-27","New York Islanders","NYI","2","Tampa Bay Lightning","TBL","3",
"2014-03-28","Pittsburgh Penguins","PIT","2","Columbus Blue Jackets","CBJ","1",
"2014-03-28","New York Rangers","NYR","3","Calgary Flames","CGY","4",
"2014-03-28","Nashville Predators","NSH","3","Dallas Stars","DAL","7",
"2014-03-28","Anaheim Ducks","ANA","3","Edmonton Oilers","EDM","4",
"2014-03-28","Chicago Blackhawks","CHI","3","Ottawa Senators","OTT","5",
"2014-03-28","Toronto Maple Leafs","TOR","2","Philadelphia Flyers","PHI","4",
"2014-03-29","Tampa Bay Lightning","TBL","4","Buffalo Sabres","BUF","3",
"2014-03-29","Columbus Blue Jackets","CBJ","3","Carolina Hurricanes","CAR","2",
"2014-03-29","San Jose Sharks","SJS","2","Colorado Avalanche","COL","3",
"2014-03-29","Montreal Canadiens","MTL","4","Florida Panthers","FLA","1",
"2014-03-29","Winnipeg Jets","WPG","2","Los Angeles Kings","LAK","4",
"2014-03-29","New Jersey Devils","NJD","1","New York Islanders","NYI","2",
"2014-03-29","Minnesota Wild","MIN","3","Phoenix Coyotes","PHX","1",
"2014-03-29","Dallas Stars","DAL","4","St. Louis Blues","STL","2",
"2014-03-29","Detroit Red Wings","DET","4","Toronto Maple Leafs","TOR","2",
"2014-03-29","Anaheim Ducks","ANA","5","Vancouver Canucks","VAN","1",
"2014-03-29","Boston Bruins","BOS","4","Washington Capitals","WSH","2",
"2014-03-30","Tampa Bay Lightning","TBL","2","Detroit Red Wings","DET","3",
"2014-03-30","New York Rangers","NYR","5","Edmonton Oilers","EDM","0",
"2014-03-30","Washington Capitals","WSH","3","Nashville Predators","NSH","4",
"2014-03-30","Calgary Flames","CGY","3","Ottawa Senators","OTT","6",
"2014-03-30","Boston Bruins","BOS","4","Philadelphia Flyers","PHI","3",
"2014-03-30","Chicago Blackhawks","CHI","1","Pittsburgh Penguins","PIT","4",
"2014-03-31","Winnipeg Jets","WPG","4","Anaheim Ducks","ANA","5",
"2014-03-31","Minnesota Wild","MIN","3","Los Angeles Kings","LAK","2",
"2014-03-31","Florida Panthers","FLA","3","New Jersey Devils","NJD","6",
"2014-03-31","Carolina Hurricanes","CAR","1","Ottawa Senators","OTT","2",
"2014-04-01","New Jersey Devils","NJD","2","Buffalo Sabres","BUF","3",
"2014-04-01","Colorado Avalanche","COL","3","Columbus Blue Jackets","CBJ","2",
"2014-04-01","Florida Panthers","FLA","2","New York Islanders","NYI","4",
"2014-04-01","Winnipeg Jets","WPG","2","Phoenix Coyotes","PHX","1",
"2014-04-01","Carolina Hurricanes","CAR","4","Pittsburgh Penguins","PIT","1",
"2014-04-01","Edmonton Oilers","EDM","4","San Jose Sharks","SJS","5",
"2014-04-01","Philadelphia Flyers","PHI","0","St. Louis Blues","STL","1",
"2014-04-01","Montreal Canadiens","MTL","1","Tampa Bay Lightning","TBL","3",
"2014-04-01","Calgary Flames","CGY","2","Toronto Maple Leafs","TOR","3",
"2014-04-01","New York Rangers","NYR","3","Vancouver Canucks","VAN","1",
"2014-04-01","Dallas Stars","DAL","5","Washington Capitals","WSH","0",
"2014-04-02","Edmonton Oilers","EDM","2","Anaheim Ducks","ANA","3",
"2014-04-02","Boston Bruins","BOS","2","Detroit Red Wings","DET","3",
"2014-04-02","Phoenix Coyotes","PHX","0","Los Angeles Kings","LAK","4",
"2014-04-02","New York Islanders","NYI","2","Ottawa Senators","OTT","1",
"2014-04-03","Dallas Stars","DAL","1","Carolina Hurricanes","CAR","4",
"2014-04-03","Minnesota Wild","MIN","2","Chicago Blackhawks","CHI","3",
"2014-04-03","New York Rangers","NYR","2","Colorado Avalanche","COL","3",
"2014-04-03","Columbus Blue Jackets","CBJ","2","Philadelphia Flyers","PHI","0",
"2014-04-03","Los Angeles Kings","LAK","1","San Jose Sharks","SJS","2",
"2014-04-03","Buffalo Sabres","BUF","1","St. Louis Blues","STL","2",
"2014-04-03","Calgary Flames","CGY","4","Tampa Bay Lightning","TBL","1",
"2014-04-03","Boston Bruins","BOS","3","Toronto Maple Leafs","TOR","4",
"2014-04-03","Pittsburgh Penguins","PIT","4","Winnipeg Jets","WPG","2",
"2014-04-04","Nashville Predators","NSH","5","Anaheim Ducks","ANA","2",
"2014-04-04","Chicago Blackhawks","CHI","4","Columbus Blue Jackets","CBJ","3",
"2014-04-04","Buffalo Sabres","BUF","2","Detroit Red Wings","DET","3",
"2014-04-04","Calgary Flames","CGY","2","Florida Panthers","FLA","1",
"2014-04-04","Washington Capitals","WSH","1","New Jersey Devils","NJD","2",
"2014-04-04","Montreal Canadiens","MTL","7","Ottawa Senators","OTT","4",
"2014-04-04","Edmonton Oilers","EDM","3","Phoenix Coyotes","PHX","2",
"2014-04-05","Philadelphia Flyers","PHI","2","Boston Bruins","BOS","5",
"2014-04-05","New Jersey Devils","NJD","3","Carolina Hurricanes","CAR","1",
"2014-04-05","Pittsburgh Penguins","PIT","0","Minnesota Wild","MIN","4",
"2014-04-05","Detroit Red Wings","DET","3","Montreal Canadiens","MTL","5",
"2014-04-05","Washington Capitals","WSH","4","New York Islanders","NYI","3",
"2014-04-05","Ottawa Senators","OTT","3","New York Rangers","NYR","2",
"2014-04-05","Nashville Predators","NSH","3","San Jose Sharks","SJS","0",
"2014-04-05","Colorado Avalanche","COL","4","St. Louis Blues","STL","0",
"2014-04-05","Dallas Stars","DAL","5","Tampa Bay Lightning","TBL","2",
"2014-04-05","Winnipeg Jets","WPG","4","Toronto Maple Leafs","TOR","2",
"2014-04-05","Los Angeles Kings","LAK","1","Vancouver Canucks","VAN","2",
"2014-04-06","New York Islanders","NYI","0","Columbus Blue Jackets","CBJ","4",
"2014-04-06","St. Louis Blues","STL","2","Chicago Blackhawks","CHI","4",
"2014-04-06","Pittsburgh Penguins","PIT","3","Colorado Avalanche","COL","2",
"2014-04-06","Anaheim Ducks","ANA","2","Edmonton Oilers","EDM","4",
"2014-04-06","Dallas Stars","DAL","2","Florida Panthers","FLA","3",
"2014-04-06","Buffalo Sabres","BUF","2","Philadelphia Flyers","PHI","5",
"2014-04-07","Calgary Flames","CGY","1","New Jersey Devils","NJD","0",
"2014-04-07","Anaheim Ducks","ANA","3","Vancouver Canucks","VAN","0",
"2014-04-07","Minnesota Wild","MIN","1","Winnipeg Jets","WPG","0",
"2014-04-08","Detroit Red Wings","DET","4","Buffalo Sabres","BUF","2",
"2014-04-08","Phoenix Coyotes","PHX","3","Columbus Blue Jackets","CBJ","4",
"2014-04-08","Nashville Predators","NSH","2","Dallas Stars","DAL","3",
"2014-04-08","Colorado Avalanche","COL","4","Edmonton Oilers","EDM","1",
"2014-04-08","Philadelphia Flyers","PHI","5","Florida Panthers","FLA","2",
"2014-04-08","Boston Bruins","BOS","3","Minnesota Wild","MIN","4",
"2014-04-08","Ottawa Senators","OTT","4","New York Islanders","NYI","1",
"2014-04-08","Carolina Hurricanes","CAR","1","New York Rangers","NYR","4",
"2014-04-08","Washington Capitals","WSH","4","St. Louis Blues","STL","1",
"2014-04-08","Toronto Maple Leafs","TOR","0","Tampa Bay Lightning","TBL","3",
"2014-04-09","San Jose Sharks","SJS","2","Anaheim Ducks","ANA","5",
"2014-04-09","Los Angeles Kings","LAK","3","Calgary Flames","CGY","4",
"2014-04-09","Montreal Canadiens","MTL","2","Chicago Blackhawks","CHI","3",
"2014-04-09","Columbus Blue Jackets","CBJ","3","Dallas Stars","DAL","1","Make-up game for postponed 2014-03-10 game"
"2014-04-09","Detroit Red Wings","DET","3","Pittsburgh Penguins","PIT","4",
"2014-04-10","Washington Capitals","WSH","5","Carolina Hurricanes","CAR","2",
"2014-04-10","Los Angeles Kings","LAK","3","Edmonton Oilers","EDM","0",
"2014-04-10","Toronto Maple Leafs","TOR","2","Florida Panthers","FLA","4",
"2014-04-10","St. Louis Blues","STL","2","Minnesota Wild","MIN","4",
"2014-04-10","New York Islanders","NYI","2","Montreal Canadiens","MTL","0",
"2014-04-10","Phoenix Coyotes","PHX","0","Nashville Predators","NSH","2",
"2014-04-10","Buffalo Sabres","BUF","1","New York Rangers","NYR","2",
"2014-04-10","New Jersey Devils","NJD","1","Ottawa Senators","OTT","2",
"2014-04-10","Philadelphia Flyers","PHI","2","Tampa Bay Lightning","TBL","4",
"2014-04-10","Colorado Avalanche","COL","4","Vancouver Canucks","VAN","2",
"2014-04-10","Boston Bruins","BOS","1","Winnipeg Jets","WPG","2",
"2014-04-11","Winnipeg Jets","WPG","5","Calgary Flames","CGY","3",
"2014-04-11","St. Louis Blues","STL","0","Dallas Stars","DAL","3",
"2014-04-11","Carolina Hurricanes","CAR","2","Detroit Red Wings","DET","1",
"2014-04-11","New York Islanders","NYI","3","New Jersey Devils","NJD","2",
"2014-04-11","Colorado Avalanche","COL","1","San Jose Sharks","SJS","5",
"2014-04-11","Columbus Blue Jackets","CBJ","2","Tampa Bay Lightning","TBL","3",
"2014-04-11","Chicago Blackhawks","CHI","0","Washington Capitals","WSH","4",
"2014-04-12","Buffalo Sabres","BUF","1","Boston Bruins","BOS","4",
"2014-04-12","Vancouver Canucks","VAN","2","Edmonton Oilers","EDM","5",
"2014-04-12","Columbus Blue Jackets","CBJ","3","Florida Panthers","FLA","2",
"2014-04-12","Anaheim Ducks","ANA","4","Los Angeles Kings","LAK","3",
"2014-04-12","New York Rangers","NYR","0","Montreal Canadiens","MTL","1",
"2014-04-12","Chicago Blackhawks","CHI","5","Nashville Predators","NSH","7",
"2014-04-12","Toronto Maple Leafs","TOR","0","Ottawa Senators","OTT","1",
"2014-04-12","San Jose Sharks","SJS","3","Phoenix Coyotes","PHX","2",
"2014-04-12","Philadelphia Flyers","PHI","4","Pittsburgh Penguins","PIT","3",
"2014-04-13","Colorado Avalanche","COL","2","Anaheim Ducks","ANA","3",
"2014-04-13","New York Islanders","NYI","4","Buffalo Sabres","BUF","3",
"2014-04-13","Nashville Predators","NSH","7","Minnesota Wild","MIN","3",
"2014-04-13","Boston Bruins","BOS","2","New Jersey Devils","NJD","3",
"2014-04-13","Carolina Hurricanes","CAR","6","Philadelphia Flyers","PHI","5",
"2014-04-13","Dallas Stars","DAL","1","Phoenix Coyotes","PHX","2",
"2014-04-13","Ottawa Senators","OTT","3","Pittsburgh Penguins","PIT","2",
"2014-04-13","Detroit Red Wings","DET","3","St. Louis Blues","STL","0",
"2014-04-13","Calgary Flames","CGY","1","Vancouver Canucks","VAN","5",
"2014-04-13","Tampa Bay Lightning","TBL","1","Washington Capitals","WSH","0",
