date,vistor,vistorAbrv,vistorGoals,home,homeAbrv,homeGoals,notes
"2009-10-01","Washington Capitals","WSH","4","Boston Bruins","BOS","1",
"2009-10-01","Vancouver Canucks","VAN","3","Calgary Flames","CGY","5",
"2009-10-01","San Jose Sharks","SJS","2","Colorado Avalanche","COL","5",
"2009-10-01","Montreal Canadiens","MTL","4","Toronto Maple Leafs","TOR","3",
"2009-10-02","Philadelphia Flyers","PHI","2","Carolina Hurricanes","CAR","0",
"2009-10-02","Florida Panthers","FLA","4","Chicago Blackhawks","CHI","3","at Helsinki, FI"
"2009-10-02","St. Louis Blues","STL","4","Detroit Red Wings","DET","3","at Stockholm, SE"
"2009-10-02","New York Rangers","NYR","2","Pittsburgh Penguins","PIT","3",
"2009-10-03","San Jose Sharks","SJS","4","Anaheim Ducks","ANA","1",
"2009-10-03","Tampa Bay Lightning","TBL","3","Atlanta Thrashers","ATL","6",
"2009-10-03","Carolina Hurricanes","CAR","2","Boston Bruins","BOS","7",
"2009-10-03","Montreal Canadiens","MTL","2","Buffalo Sabres","BUF","1",
"2009-10-03","Minnesota Wild","MIN","1","Columbus Blue Jackets","CBJ","2",
"2009-10-03","Vancouver Canucks","VAN","0","Colorado Avalanche","COL","3",
"2009-10-03","Nashville Predators","NSH","3","Dallas Stars","DAL","2",
"2009-10-03","Calgary Flames","CGY","4","Edmonton Oilers","EDM","3",
"2009-10-03","Chicago Blackhawks","CHI","4","Florida Panthers","FLA","0","at Helsinki, FI"
"2009-10-03","Phoenix Coyotes","PHX","6","Los Angeles Kings","LAK","3",
"2009-10-03","Philadelphia Flyers","PHI","5","New Jersey Devils","NJD","2",
"2009-10-03","Pittsburgh Penguins","PIT","4","New York Islanders","NYI","3",
"2009-10-03","Ottawa Senators","OTT","2","New York Rangers","NYR","5",
"2009-10-03","Detroit Red Wings","DET","3","St. Louis Blues","STL","5","at Stockholm, SE"
"2009-10-03","Toronto Maple Leafs","TOR","4","Washington Capitals","WSH","6",
"2009-10-05","New York Rangers","NYR","3","New Jersey Devils","NJD","2",
"2009-10-05","Columbus Blue Jackets","CBJ","5","Vancouver Canucks","VAN","3",
"2009-10-06","Tampa Bay Lightning","TBL","1","Carolina Hurricanes","CAR","2",
"2009-10-06","Montreal Canadiens","MTL","3","Calgary Flames","CGY","4",
"2009-10-06","Dallas Stars","DAL","4","Edmonton Oilers","EDM","5",
"2009-10-06","San Jose Sharks","SJS","4","Los Angeles Kings","LAK","6",
"2009-10-06","Anaheim Ducks","ANA","3","Minnesota Wild","MIN","4",
"2009-10-06","Washington Capitals","WSH","5","Philadelphia Flyers","PHI","6",
"2009-10-06","Ottawa Senators","OTT","2","Toronto Maple Leafs","TOR","1",
"2009-10-07","Phoenix Coyotes","PHX","3","Pittsburgh Penguins","PIT","0",
"2009-10-07","Montreal Canadiens","MTL","1","Vancouver Canucks","VAN","7",
"2009-10-08","Anaheim Ducks","ANA","6","Boston Bruins","BOS","1",
"2009-10-08","Phoenix Coyotes","PHX","1","Buffalo Sabres","BUF","2",
"2009-10-08","Chicago Blackhawks","CHI","2","Detroit Red Wings","DET","3",
"2009-10-08","Calgary Flames","CGY","4","Edmonton Oilers","EDM","3",
"2009-10-08","Minnesota Wild","MIN","3","Los Angeles Kings","LAK","6",
"2009-10-08","Colorado Avalanche","COL","2","Nashville Predators","NSH","3",
"2009-10-08","New York Islanders","NYI","2","Ottawa Senators","OTT","3",
"2009-10-08","Pittsburgh Penguins","PIT","5","Philadelphia Flyers","PHI","4",
"2009-10-08","Columbus Blue Jackets","CBJ","3","San Jose Sharks","SJS","6",
"2009-10-08","Atlanta Thrashers","ATL","4","St. Louis Blues","STL","2",
"2009-10-08","New Jersey Devils","NJD","4","Tampa Bay Lightning","TBL","3",
"2009-10-08","New York Rangers","NYR","4","Washington Capitals","WSH","3",
"2009-10-09","Florida Panthers","FLA","2","Carolina Hurricanes","CAR","7",
"2009-10-09","Dallas Stars","DAL","5","Calgary Flames","CGY","2",
"2009-10-10","New York Islanders","NYI","3","Boston Bruins","BOS","4",
"2009-10-10","Colorado Avalanche","COL","3","Chicago Blackhawks","CHI","4",
"2009-10-10","Washington Capitals","WSH","2","Detroit Red Wings","DET","3",
"2009-10-10","Montreal Canadiens","MTL","2","Edmonton Oilers","EDM","3",
"2009-10-10","New Jersey Devils","NJD","3","Florida Panthers","FLA","2",
"2009-10-10","Buffalo Sabres","BUF","1","Nashville Predators","NSH","0",
"2009-10-10","Atlanta Thrashers","ATL","2","Ottawa Senators","OTT","4",
"2009-10-10","Anaheim Ducks","ANA","3","Philadelphia Flyers","PHI","2",
"2009-10-10","Columbus Blue Jackets","CBJ","2","Phoenix Coyotes","PHX","0",
"2009-10-10","Minnesota Wild","MIN","2","San Jose Sharks","SJS","4",
"2009-10-10","Los Angeles Kings","LAK","2","St. Louis Blues","STL","1",
"2009-10-10","Carolina Hurricanes","CAR","2","Tampa Bay Lightning","TBL","5",
"2009-10-10","Pittsburgh Penguins","PIT","5","Toronto Maple Leafs","TOR","2",
"2009-10-11","Anaheim Ducks","ANA","0","New York Rangers","NYR","3",
"2009-10-11","Dallas Stars","DAL","3","Vancouver Canucks","VAN","4",
"2009-10-12","Colorado Avalanche","COL","4","Boston Bruins","BOS","3",
"2009-10-12","Calgary Flames","CGY","5","Chicago Blackhawks","CHI","6",
"2009-10-12","Edmonton Oilers","EDM","6","Nashville Predators","NSH","1",
"2009-10-12","Los Angeles Kings","LAK","2","New York Islanders","NYI","1",
"2009-10-12","Toronto Maple Leafs","TOR","2","New York Rangers","NYR","7",
"2009-10-12","Pittsburgh Penguins","PIT","4","Ottawa Senators","OTT","1",
"2009-10-12","Phoenix Coyotes","PHX","1","San Jose Sharks","SJS","0",
"2009-10-12","Florida Panthers","FLA","2","Tampa Bay Lightning","TBL","3",
"2009-10-12","New Jersey Devils","NJD","3","Washington Capitals","WSH","2",
"2009-10-13","Detroit Red Wings","DET","2","Buffalo Sabres","BUF","6",
"2009-10-13","Calgary Flames","CGY","1","Columbus Blue Jackets","CBJ","2",
"2009-10-13","Colorado Avalanche","COL","4","Toronto Maple Leafs","TOR","1",
"2009-10-14","Minnesota Wild","MIN","2","Anaheim Ducks","ANA","3",
"2009-10-14","Pittsburgh Penguins","PIT","3","Carolina Hurricanes","CAR","2",
"2009-10-14","Edmonton Oilers","EDM","3","Chicago Blackhawks","CHI","4",
"2009-10-14","Nashville Predators","NSH","0","Dallas Stars","DAL","6",
"2009-10-14","Los Angeles Kings","LAK","2","New York Rangers","NYR","4",
"2009-10-15","Los Angeles Kings","LAK","2","Detroit Red Wings","DET","5",
"2009-10-15","Colorado Avalanche","COL","3","Montreal Canadiens","MTL","2",
"2009-10-15","Chicago Blackhawks","CHI","3","Nashville Predators","NSH","1",
"2009-10-15","Tampa Bay Lightning","TBL","1","Ottawa Senators","OTT","7",
"2009-10-15","St. Louis Blues","STL","2","Phoenix Coyotes","PHX","3",
"2009-10-15","San Jose Sharks","SJS","1","Washington Capitals","WSH","4",
"2009-10-16","New York Islanders","NYI","3","Buffalo Sabres","BUF","6",
"2009-10-16","Vancouver Canucks","VAN","3","Calgary Flames","CGY","5",
"2009-10-16","Boston Bruins","BOS","3","Dallas Stars","DAL","0",
"2009-10-16","Minnesota Wild","MIN","2","Edmonton Oilers","EDM","5",
"2009-10-16","Philadelphia Flyers","PHI","2","Florida Panthers","FLA","4",
"2009-10-16","Atlanta Thrashers","ATL","4","New Jersey Devils","NJD","2",
"2009-10-17","St. Louis Blues","STL","5","Anaheim Ducks","ANA","0",
"2009-10-17","Atlanta Thrashers","ATL","4","Buffalo Sabres","BUF","2",
"2009-10-17","Los Angeles Kings","LAK","1","Columbus Blue Jackets","CBJ","4",
"2009-10-17","Dallas Stars","DAL","4","Chicago Blackhawks","CHI","3",
"2009-10-17","Colorado Avalanche","COL","4","Detroit Red Wings","DET","3",
"2009-10-17","Ottawa Senators","OTT","3","Montreal Canadiens","MTL","1",
"2009-10-17","Carolina Hurricanes","CAR","0","New Jersey Devils","NJD","2",
"2009-10-17","San Jose Sharks","SJS","4","New York Islanders","NYI","1",
"2009-10-17","Boston Bruins","BOS","1","Phoenix Coyotes","PHX","4",
"2009-10-17","Tampa Bay Lightning","TBL","1","Pittsburgh Penguins","PIT","4",
"2009-10-17","New York Rangers","NYR","4","Toronto Maple Leafs","TOR","1",
"2009-10-17","Minnesota Wild","MIN","1","Vancouver Canucks","VAN","2",
"2009-10-17","Nashville Predators","NSH","2","Washington Capitals","WSH","3",
"2009-10-19","Los Angeles Kings","LAK","4","Dallas Stars","DAL","1",
"2009-10-19","Vancouver Canucks","VAN","1","Edmonton Oilers","EDM","2",
"2009-10-19","San Jose Sharks","SJS","7","New York Rangers","NYR","3",
"2009-10-20","Columbus Blue Jackets","CBJ","3","Calgary Flames","CGY","6",
"2009-10-20","Atlanta Thrashers","ATL","1","Montreal Canadiens","MTL","2",
"2009-10-20","St. Louis Blues","STL","1","Pittsburgh Penguins","PIT","5",
"2009-10-21","Dallas Stars","DAL","4","Anaheim Ducks","ANA","2",
"2009-10-21","Nashville Predators","NSH","2","Boston Bruins","BOS","3",
"2009-10-21","Vancouver Canucks","VAN","3","Chicago Blackhawks","CHI","2",
"2009-10-21","Buffalo Sabres","BUF","5","Florida Panthers","FLA","2",
"2009-10-21","Colorado Avalanche","COL","2","Minnesota Wild","MIN","3",
"2009-10-21","Carolina Hurricanes","CAR","3","New York Islanders","NYI","4",
"2009-10-22","Washington Capitals","WSH","5","Atlanta Thrashers","ATL","4",
"2009-10-22","Columbus Blue Jackets","CBJ","4","Edmonton Oilers","EDM","6",
"2009-10-22","Dallas Stars","DAL","4","Los Angeles Kings","LAK","5",
"2009-10-22","New York Islanders","NYI","1","Montreal Canadiens","MTL","5",
"2009-10-22","New Jersey Devils","NJD","4","New York Rangers","NYR","2",
"2009-10-22","Nashville Predators","NSH","6","Ottawa Senators","OTT","5",
"2009-10-22","Boston Bruins","BOS","3","Philadelphia Flyers","PHI","4",
"2009-10-22","Detroit Red Wings","DET","2","Phoenix Coyotes","PHX","3",
"2009-10-22","San Jose Sharks","SJS","2","Tampa Bay Lightning","TBL","5",
"2009-10-23","Carolina Hurricanes","CAR","4","Colorado Avalanche","COL","5",
"2009-10-23","Florida Panthers","FLA","2","Pittsburgh Penguins","PIT","3",
"2009-10-23","Minnesota Wild","MIN","1","St. Louis Blues","STL","3",
"2009-10-24","Columbus Blue Jackets","CBJ","6","Anaheim Ducks","ANA","4",
"2009-10-24","San Jose Sharks","SJS","4","Atlanta Thrashers","ATL","3",
"2009-10-24","Edmonton Oilers","EDM","2","Calgary Flames","CGY","5",
"2009-10-24","Nashville Predators","NSH","0","Chicago Blackhawks","CHI","2",
"2009-10-24","Detroit Red Wings","DET","1","Colorado Avalanche","COL","3",
"2009-10-24","Carolina Hurricanes","CAR","2","Minnesota Wild","MIN","3",
"2009-10-24","New York Rangers","NYR","4","Montreal Canadiens","MTL","5",
"2009-10-24","Washington Capitals","WSH","3","New York Islanders","NYI","2",
"2009-10-24","Boston Bruins","BOS","4","Ottawa Senators","OTT","3",
"2009-10-24","Florida Panthers","FLA","1","Philadelphia Flyers","PHI","5",
"2009-10-24","Los Angeles Kings","LAK","5","Phoenix Coyotes","PHX","3",
"2009-10-24","New Jersey Devils","NJD","4","Pittsburgh Penguins","PIT","1",
"2009-10-24","Dallas Stars","DAL","4","St. Louis Blues","STL","1",
"2009-10-24","Buffalo Sabres","BUF","3","Tampa Bay Lightning","TBL","2",
"2009-10-24","Toronto Maple Leafs","TOR","1","Vancouver Canucks","VAN","3",
"2009-10-25","Columbus Blue Jackets","CBJ","2","Los Angeles Kings","LAK","6",
"2009-10-25","San Jose Sharks","SJS","4","Philadelphia Flyers","PHI","1",
"2009-10-25","Edmonton Oilers","EDM","0","Vancouver Canucks","VAN","2",
"2009-10-26","Toronto Maple Leafs","TOR","6","Anaheim Ducks","ANA","3",
"2009-10-26","Minnesota Wild","MIN","1","Chicago Blackhawks","CHI","3",
"2009-10-26","New York Islanders","NYI","2","Montreal Canadiens","MTL","3",
"2009-10-26","Phoenix Coyotes","PHX","2","New York Rangers","NYR","5",
"2009-10-27","Colorado Avalanche","COL","3","Edmonton Oilers","EDM","0",
"2009-10-27","Detroit Red Wings","DET","5","Vancouver Canucks","VAN","4",
"2009-10-27","Philadelphia Flyers","PHI","2","Washington Capitals","WSH","4",
"2009-10-28","St. Louis Blues","STL","5","Carolina Hurricanes","CAR","2",
"2009-10-28","Phoenix Coyotes","PHX","4","Columbus Blue Jackets","CBJ","1",
"2009-10-28","Colorado Avalanche","COL","3","Calgary Flames","CGY","2",
"2009-10-28","Toronto Maple Leafs","TOR","3","Dallas Stars","DAL","4",
"2009-10-28","Ottawa Senators","OTT","4","Florida Panthers","FLA","3",
"2009-10-28","Nashville Predators","NSH","4","Minnesota Wild","MIN","3",
"2009-10-28","Buffalo Sabres","BUF","4","New Jersey Devils","NJD","1",
"2009-10-28","New York Rangers","NYR","1","New York Islanders","NYI","3",
"2009-10-28","Montreal Canadiens","MTL","1","Pittsburgh Penguins","PIT","6",
"2009-10-28","Los Angeles Kings","LAK","1","San Jose Sharks","SJS","2",
"2009-10-29","Washington Capitals","WSH","4","Atlanta Thrashers","ATL","3",
"2009-10-29","New Jersey Devils","NJD","2","Boston Bruins","BOS","1",
"2009-10-29","Detroit Red Wings","DET","5","Edmonton Oilers","EDM","6",
"2009-10-29","Vancouver Canucks","VAN","2","Los Angeles Kings","LAK","1",
"2009-10-29","Chicago Blackhawks","CHI","0","Nashville Predators","NSH","2",
"2009-10-29","Phoenix Coyotes","PHX","2","St. Louis Blues","STL","0",
"2009-10-29","Ottawa Senators","OTT","2","Tampa Bay Lightning","TBL","5",
"2009-10-30","Vancouver Canucks","VAN","2","Anaheim Ducks","ANA","7",
"2009-10-30","Toronto Maple Leafs","TOR","2","Buffalo Sabres","BUF","3",
"2009-10-30","Pittsburgh Penguins","PIT","4","Columbus Blue Jackets","CBJ","3",
"2009-10-30","Montreal Canadiens","MTL","2","Chicago Blackhawks","CHI","3",
"2009-10-30","Florida Panthers","FLA","6","Dallas Stars","DAL","5",
"2009-10-30","New York Rangers","NYR","2","Minnesota Wild","MIN","3",
"2009-10-30","Colorado Avalanche","COL","1","San Jose Sharks","SJS","3",
"2009-10-30","New York Islanders","NYI","4","Washington Capitals","WSH","3",
"2009-10-31","Edmonton Oilers","EDM","0","Boston Bruins","BOS","2",
"2009-10-31","Detroit Red Wings","DET","3","Calgary Flames","CGY","1",
"2009-10-31","Toronto Maple Leafs","TOR","4","Montreal Canadiens","MTL","5",
"2009-10-31","Dallas Stars","DAL","2","Nashville Predators","NSH","4",
"2009-10-31","Buffalo Sabres","BUF","0","New York Islanders","NYI","5",
"2009-10-31","Atlanta Thrashers","ATL","3","Ottawa Senators","OTT","1",
"2009-10-31","Carolina Hurricanes","CAR","1","Philadelphia Flyers","PHI","6",
"2009-10-31","Anaheim Ducks","ANA","2","Phoenix Coyotes","PHX","3",
"2009-10-31","Minnesota Wild","MIN","2","Pittsburgh Penguins","PIT","1",
"2009-10-31","Florida Panthers","FLA","4","St. Louis Blues","STL","0",
"2009-10-31","New Jersey Devils","NJD","2","Tampa Bay Lightning","TBL","1",
"2009-11-01","San Jose Sharks","SJS","5","Carolina Hurricanes","CAR","1",
"2009-11-01","Boston Bruins","BOS","0","New York Rangers","NYR","1",
"2009-11-01","Colorado Avalanche","COL","0","Vancouver Canucks","VAN","3",
"2009-11-01","Columbus Blue Jackets","CBJ","5","Washington Capitals","WSH","4",
"2009-11-02","Edmonton Oilers","EDM","1","New York Islanders","NYI","3",
"2009-11-02","Tampa Bay Lightning","TBL","2","Philadelphia Flyers","PHI","6",
"2009-11-02","Los Angeles Kings","LAK","5","Phoenix Coyotes","PHX","3",
"2009-11-03","Pittsburgh Penguins","PIT","4","Anaheim Ducks","ANA","3",
"2009-11-03","Boston Bruins","BOS","0","Detroit Red Wings","DET","2",
"2009-11-03","Atlanta Thrashers","ATL","5","Montreal Canadiens","MTL","4",
"2009-11-03","Tampa Bay Lightning","TBL","2","Toronto Maple Leafs","TOR","1",
"2009-11-03","New York Rangers","NYR","1","Vancouver Canucks","VAN","4",
"2009-11-04","New York Islanders","NYI","0","Buffalo Sabres","BUF","3",
"2009-11-04","San Jose Sharks","SJS","3","Columbus Blue Jackets","CBJ","2",
"2009-11-04","Phoenix Coyotes","PHX","1","Colorado Avalanche","COL","4",
"2009-11-04","Calgary Flames","CGY","3","Dallas Stars","DAL","2",
"2009-11-04","Carolina Hurricanes","CAR","0","Florida Panthers","FLA","3",
"2009-11-04","Washington Capitals","WSH","2","New Jersey Devils","NJD","3",
"2009-11-05","Nashville Predators","NSH","0","Anaheim Ducks","ANA","4",
"2009-11-05","Columbus Blue Jackets","CBJ","4","Atlanta Thrashers","ATL","3",
"2009-11-05","Montreal Canadiens","MTL","2","Boston Bruins","BOS","1",
"2009-11-05","San Jose Sharks","SJS","1","Detroit Red Wings","DET","2",
"2009-11-05","New York Rangers","NYR","4","Edmonton Oilers","EDM","2",
"2009-11-05","Pittsburgh Penguins","PIT","2","Los Angeles Kings","LAK","5",
"2009-11-05","Vancouver Canucks","VAN","5","Minnesota Wild","MIN","2",
"2009-11-05","Tampa Bay Lightning","TBL","2","Ottawa Senators","OTT","3",
"2009-11-05","Chicago Blackhawks","CHI","1","Phoenix Coyotes","PHX","3",
"2009-11-05","Calgary Flames","CGY","2","St. Louis Blues","STL","1",
"2009-11-06","Philadelphia Flyers","PHI","5","Buffalo Sabres","BUF","2",
"2009-11-06","Toronto Maple Leafs","TOR","3","Carolina Hurricanes","CAR","2",
"2009-11-06","Chicago Blackhawks","CHI","3","Colorado Avalanche","COL","4",
"2009-11-06","Vancouver Canucks","VAN","1","Dallas Stars","DAL","2",
"2009-11-06","Washington Capitals","WSH","4","Florida Panthers","FLA","1",
"2009-11-06","New York Islanders","NYI","1","New Jersey Devils","NJD","2",
"2009-11-07","Phoenix Coyotes","PHX","3","Anaheim Ducks","ANA","4",
"2009-11-07","Buffalo Sabres","BUF","2","Boston Bruins","BOS","4",
"2009-11-07","Carolina Hurricanes","CAR","2","Columbus Blue Jackets","CBJ","3",
"2009-11-07","New York Rangers","NYR","1","Calgary Flames","CGY","3",
"2009-11-07","Nashville Predators","NSH","3","Los Angeles Kings","LAK","1",
"2009-11-07","Dallas Stars","DAL","2","Minnesota Wild","MIN","3",
"2009-11-07","Tampa Bay Lightning","TBL","3","Montreal Canadiens","MTL","1",
"2009-11-07","Atlanta Thrashers","ATL","3","New York Islanders","NYI","6",
"2009-11-07","New Jersey Devils","NJD","3","Ottawa Senators","OTT","2",
"2009-11-07","St. Louis Blues","STL","1","Philadelphia Flyers","PHI","2",
"2009-11-07","Pittsburgh Penguins","PIT","0","San Jose Sharks","SJS","5",
"2009-11-07","Detroit Red Wings","DET","1","Toronto Maple Leafs","TOR","5",
"2009-11-07","Florida Panthers","FLA","4","Washington Capitals","WSH","7",
"2009-11-08","St. Louis Blues","STL","2","Atlanta Thrashers","ATL","3",
"2009-11-08","Edmonton Oilers","EDM","5","Colorado Avalanche","COL","3",
"2009-11-09","Los Angeles Kings","LAK","1","Chicago Blackhawks","CHI","4",
"2009-11-10","Pittsburgh Penguins","PIT","0","Boston Bruins","BOS","3",
"2009-11-10","Calgary Flames","CGY","1","Montreal Canadiens","MTL","0",
"2009-11-10","Edmonton Oilers","EDM","3","Ottawa Senators","OTT","4",
"2009-11-10","Nashville Predators","NSH","3","San Jose Sharks","SJS","4",
"2009-11-10","Vancouver Canucks","VAN","1","St. Louis Blues","STL","6",
"2009-11-10","Minnesota Wild","MIN","5","Toronto Maple Leafs","TOR","2",
"2009-11-11","Edmonton Oilers","EDM","1","Buffalo Sabres","BUF","3",
"2009-11-11","Los Angeles Kings","LAK","5","Carolina Hurricanes","CAR","2",
"2009-11-11","Detroit Red Wings","DET","9","Columbus Blue Jackets","CBJ","1",
"2009-11-11","Colorado Avalanche","COL","2","Chicago Blackhawks","CHI","3",
"2009-11-11","Anaheim Ducks","ANA","1","New Jersey Devils","NJD","3",
"2009-11-11","New York Islanders","NYI","4","Washington Capitals","WSH","5",
"2009-11-12","Florida Panthers","FLA","1","Boston Bruins","BOS","0",
"2009-11-12","Vancouver Canucks","VAN","1","Detroit Red Wings","DET","3",
"2009-11-12","Atlanta Thrashers","ATL","5","New York Rangers","NYR","3",
"2009-11-12","Ottawa Senators","OTT","1","Philadelphia Flyers","PHI","5",
"2009-11-12","Montreal Canadiens","MTL","4","Phoenix Coyotes","PHX","2",
"2009-11-12","New Jersey Devils","NJD","4","Pittsburgh Penguins","PIT","1",
"2009-11-12","Dallas Stars","DAL","3","San Jose Sharks","SJS","2",
"2009-11-12","Nashville Predators","NSH","3","St. Louis Blues","STL","1",
"2009-11-12","Minnesota Wild","MIN","3","Tampa Bay Lightning","TBL","4",
"2009-11-13","Los Angeles Kings","LAK","0","Atlanta Thrashers","ATL","7",
"2009-11-13","Calgary Flames","CGY","1","Buffalo Sabres","BUF","2",
"2009-11-13","New York Islanders","NYI","4","Carolina Hurricanes","CAR","3",
"2009-11-13","Anaheim Ducks","ANA","2","Columbus Blue Jackets","CBJ","3",
"2009-11-13","Toronto Maple Leafs","TOR","2","Chicago Blackhawks","CHI","3",
"2009-11-13","Minnesota Wild","MIN","1","Washington Capitals","WSH","3",
"2009-11-14","Vancouver Canucks","VAN","8","Colorado Avalanche","COL","2",
"2009-11-14","Anaheim Ducks","ANA","4","Detroit Red Wings","DET","7",
"2009-11-14","New York Islanders","NYI","4","Florida Panthers","FLA","5",
"2009-11-14","Washington Capitals","WSH","2","New Jersey Devils","NJD","5",
"2009-11-14","Montreal Canadiens","MTL","0","Nashville Predators","NSH","2",
"2009-11-14","New York Rangers","NYR","2","Ottawa Senators","OTT","1",
"2009-11-14","Buffalo Sabres","BUF","3","Philadelphia Flyers","PHI","2",
"2009-11-14","Dallas Stars","DAL","2","Phoenix Coyotes","PHX","3",
"2009-11-14","Boston Bruins","BOS","5","Pittsburgh Penguins","PIT","6",
"2009-11-14","San Jose Sharks","SJS","3","St. Louis Blues","STL","1",
"2009-11-14","Los Angeles Kings","LAK","2","Tampa Bay Lightning","TBL","1",
"2009-11-14","Calgary Flames","CGY","5","Toronto Maple Leafs","TOR","2",
"2009-11-15","Edmonton Oilers","EDM","2","Atlanta Thrashers","ATL","3",
"2009-11-15","Minnesota Wild","MIN","4","Carolina Hurricanes","CAR","5",
"2009-11-15","San Jose Sharks","SJS","3","Chicago Blackhawks","CHI","4",
"2009-11-16","New York Islanders","NYI","4","Boston Bruins","BOS","1",
"2009-11-16","Edmonton Oilers","EDM","2","Columbus Blue Jackets","CBJ","3",
"2009-11-16","Los Angeles Kings","LAK","4","Florida Panthers","FLA","3",
"2009-11-16","New Jersey Devils","NJD","2","Philadelphia Flyers","PHI","3",
"2009-11-16","Tampa Bay Lightning","TBL","4","Phoenix Coyotes","PHX","1",
"2009-11-16","Anaheim Ducks","ANA","2","Pittsburgh Penguins","PIT","5",
"2009-11-17","Colorado Avalanche","COL","3","Calgary Flames","CGY","2",
"2009-11-17","Carolina Hurricanes","CAR","2","Montreal Canadiens","MTL","3",
"2009-11-17","San Jose Sharks","SJS","3","Nashville Predators","NSH","4",
"2009-11-17","Washington Capitals","WSH","4","New York Rangers","NYR","2",
"2009-11-17","Toronto Maple Leafs","TOR","2","Ottawa Senators","OTT","3",
"2009-11-18","Florida Panthers","FLA","6","Buffalo Sabres","BUF","2",
"2009-11-18","Dallas Stars","DAL","3","Detroit Red Wings","DET","1",
"2009-11-18","Colorado Avalanche","COL","4","Edmonton Oilers","EDM","6",
"2009-11-18","Philadelphia Flyers","PHI","3","Los Angeles Kings","LAK","2",
"2009-11-18","Phoenix Coyotes","PHX","3","Minnesota Wild","MIN","2",
"2009-11-19","Tampa Bay Lightning","TBL","3","Anaheim Ducks","ANA","4",
"2009-11-19","Boston Bruins","BOS","4","Atlanta Thrashers","ATL","3",
"2009-11-19","Toronto Maple Leafs","TOR","5","Carolina Hurricanes","CAR","6",
"2009-11-19","Chicago Blackhawks","CHI","7","Calgary Flames","CGY","1",
"2009-11-19","Columbus Blue Jackets","CBJ","4","Dallas Stars","DAL","1",
"2009-11-19","New Jersey Devils","NJD","2","Nashville Predators","NSH","3",
"2009-11-19","Pittsburgh Penguins","PIT","2","Ottawa Senators","OTT","6",
"2009-11-19","Phoenix Coyotes","PHX","2","St. Louis Blues","STL","3",
"2009-11-20","Boston Bruins","BOS","2","Buffalo Sabres","BUF","1",
"2009-11-20","Florida Panthers","FLA","2","Detroit Red Wings","DET","1",
"2009-11-20","New York Islanders","NYI","2","Minnesota Wild","MIN","3",
"2009-11-20","Philadelphia Flyers","PHI","3","San Jose Sharks","SJS","6",
"2009-11-20","Colorado Avalanche","COL","2","Vancouver Canucks","VAN","5",
"2009-11-20","Montreal Canadiens","MTL","3","Washington Capitals","WSH","2",
"2009-11-21","San Jose Sharks","SJS","3","Anaheim Ducks","ANA","2",
"2009-11-21","Pittsburgh Penguins","PIT","3","Atlanta Thrashers","ATL","2",
"2009-11-21","Tampa Bay Lightning","TBL","1","Carolina Hurricanes","CAR","3",
"2009-11-21","New Jersey Devils","NJD","3","Dallas Stars","DAL","5",
"2009-11-21","Chicago Blackhawks","CHI","5","Edmonton Oilers","EDM","2",
"2009-11-21","Calgary Flames","CGY","5","Los Angeles Kings","LAK","2",
"2009-11-21","Detroit Red Wings","DET","3","Montreal Canadiens","MTL","2",
"2009-11-21","Columbus Blue Jackets","CBJ","3","Nashville Predators","NSH","4",
"2009-11-21","Florida Panthers","FLA","3","New York Rangers","NYR","2",
"2009-11-21","Buffalo Sabres","BUF","3","Ottawa Senators","OTT","5",
"2009-11-21","Philadelphia Flyers","PHI","1","Phoenix Coyotes","PHX","3",
"2009-11-21","New York Islanders","NYI","1","St. Louis Blues","STL","4",
"2009-11-21","Washington Capitals","WSH","1","Toronto Maple Leafs","TOR","2",
"2009-11-22","Tampa Bay Lightning","TBL","4","Atlanta Thrashers","ATL","3",
"2009-11-22","Chicago Blackhawks","CHI","1","Vancouver Canucks","VAN","0",
"2009-11-23","Calgary Flames","CGY","2","Anaheim Ducks","ANA","3",
"2009-11-23","Philadelphia Flyers","PHI","4","Colorado Avalanche","COL","5",
"2009-11-23","Carolina Hurricanes","CAR","0","Dallas Stars","DAL","2",
"2009-11-23","Phoenix Coyotes","PHX","0","Edmonton Oilers","EDM","4",
"2009-11-23","Pittsburgh Penguins","PIT","3","Florida Panthers","FLA","2",
"2009-11-23","Detroit Red Wings","DET","1","Nashville Predators","NSH","3",
"2009-11-23","Columbus Blue Jackets","CBJ","4","New York Rangers","NYR","7",
"2009-11-23","Washington Capitals","WSH","3","Ottawa Senators","OTT","4",
"2009-11-23","Boston Bruins","BOS","4","St. Louis Blues","STL","2",
"2009-11-23","New York Islanders","NYI","4","Toronto Maple Leafs","TOR","3",
"2009-11-24","Columbus Blue Jackets","CBJ","3","Montreal Canadiens","MTL","5",
"2009-11-25","Carolina Hurricanes","CAR","2","Anaheim Ducks","ANA","3",
"2009-11-25","Phoenix Coyotes","PHX","1","Calgary Flames","CGY","2",
"2009-11-25","Nashville Predators","NSH","4","Colorado Avalanche","COL","3",
"2009-11-25","St. Louis Blues","STL","4","Dallas Stars","DAL","3",
"2009-11-25","Atlanta Thrashers","ATL","2","Detroit Red Wings","DET","0",
"2009-11-25","Los Angeles Kings","LAK","3","Edmonton Oilers","EDM","1",
"2009-11-25","New York Rangers","NYR","2","Florida Panthers","FLA","1",
"2009-11-25","Boston Bruins","BOS","2","Minnesota Wild","MIN","1",
"2009-11-25","Ottawa Senators","OTT","1","New Jersey Devils","NJD","3",
"2009-11-25","Philadelphia Flyers","PHI","2","New York Islanders","NYI","1",
"2009-11-25","Montreal Canadiens","MTL","1","Pittsburgh Penguins","PIT","3",
"2009-11-25","Chicago Blackhawks","CHI","7","San Jose Sharks","SJS","2",
"2009-11-25","Toronto Maple Leafs","TOR","4","Tampa Bay Lightning","TBL","3",
"2009-11-25","Buffalo Sabres","BUF","0","Washington Capitals","WSH","2",
"2009-11-26","Columbus Blue Jackets","CBJ","1","Ottawa Senators","OTT","2",
"2009-11-26","Los Angeles Kings","LAK","1","Vancouver Canucks","VAN","4",
"2009-11-27","Chicago Blackhawks","CHI","0","Anaheim Ducks","ANA","3",
"2009-11-27","New Jersey Devils","NJD","2","Boston Bruins","BOS","1",
"2009-11-27","Atlanta Thrashers","ATL","6","Carolina Hurricanes","CAR","4",
"2009-11-27","Calgary Flames","CGY","3","Detroit Red Wings","DET","0",
"2009-11-27","San Jose Sharks","SJS","5","Edmonton Oilers","EDM","4",
"2009-11-27","Toronto Maple Leafs","TOR","6","Florida Panthers","FLA","4",
"2009-11-27","Colorado Avalanche","COL","3","Minnesota Wild","MIN","5",
"2009-11-27","St. Louis Blues","STL","3","Nashville Predators","NSH","1",
"2009-11-27","Pittsburgh Penguins","PIT","2","New York Islanders","NYI","3",
"2009-11-27","Buffalo Sabres","BUF","4","Philadelphia Flyers","PHI","2",
"2009-11-27","Dallas Stars","DAL","2","Phoenix Coyotes","PHX","5",
"2009-11-27","New York Rangers","NYR","1","Tampa Bay Lightning","TBL","5",
"2009-11-28","Philadelphia Flyers","PHI","0","Atlanta Thrashers","ATL","1",
"2009-11-28","Ottawa Senators","OTT","3","Boston Bruins","BOS","4",
"2009-11-28","Carolina Hurricanes","CAR","1","Buffalo Sabres","BUF","5",
"2009-11-28","Calgary Flames","CGY","4","Columbus Blue Jackets","CBJ","3",
"2009-11-28","Minnesota Wild","MIN","3","Colorado Avalanche","COL","2",
"2009-11-28","Tampa Bay Lightning","TBL","3","Dallas Stars","DAL","4",
"2009-11-28","Chicago Blackhawks","CHI","1","Los Angeles Kings","LAK","2",
"2009-11-28","Washington Capitals","WSH","4","Montreal Canadiens","MTL","3",
"2009-11-28","New York Islanders","NYI","1","New Jersey Devils","NJD","6",
"2009-11-28","Florida Panthers","FLA","1","Nashville Predators","NSH","4",
"2009-11-28","New York Rangers","NYR","3","Pittsburgh Penguins","PIT","8",
"2009-11-28","Detroit Red Wings","DET","4","St. Louis Blues","STL","3",
"2009-11-28","Edmonton Oilers","EDM","3","Vancouver Canucks","VAN","7",
"2009-11-29","Phoenix Coyotes","PHX","3","Anaheim Ducks","ANA","2",
"2009-11-29","San Jose Sharks","SJS","4","Vancouver Canucks","VAN","2",
"2009-11-30","Florida Panthers","FLA","3","Atlanta Thrashers","ATL","4",
"2009-11-30","Washington Capitals","WSH","3","Carolina Hurricanes","CAR","2",
"2009-11-30","St. Louis Blues","STL","2","Columbus Blue Jackets","CBJ","5",
"2009-11-30","Dallas Stars","DAL","1","Detroit Red Wings","DET","4",
"2009-11-30","Calgary Flames","CGY","5","Nashville Predators","NSH","0",
"2009-11-30","Pittsburgh Penguins","PIT","5","New York Rangers","NYR","2",
"2009-11-30","Colorado Avalanche","COL","3","Tampa Bay Lightning","TBL","0",
"2009-11-30","Buffalo Sabres","BUF","3","Toronto Maple Leafs","TOR","0",
"2009-12-01","Los Angeles Kings","LAK","4","Anaheim Ducks","ANA","3",
"2009-12-01","Columbus Blue Jackets","CBJ","3","Chicago Blackhawks","CHI","4",
"2009-12-01","Toronto Maple Leafs","TOR","3","Montreal Canadiens","MTL","0",
"2009-12-01","Ottawa Senators","OTT","2","San Jose Sharks","SJS","5",
"2009-12-02","Tampa Bay Lightning","TBL","1","Boston Bruins","BOS","4",
"2009-12-02","Colorado Avalanche","COL","5","Florida Panthers","FLA","6",
"2009-12-02","Nashville Predators","NSH","4","Minnesota Wild","MIN","5",
"2009-12-02","Vancouver Canucks","VAN","5","New Jersey Devils","NJD","2",
"2009-12-03","New York Islanders","NYI","4","Atlanta Thrashers","ATL","1",
"2009-12-03","Montreal Canadiens","MTL","2","Buffalo Sabres","BUF","6",
"2009-12-03","Toronto Maple Leafs","TOR","6","Columbus Blue Jackets","CBJ","3",
"2009-12-03","Anaheim Ducks","ANA","1","Dallas Stars","DAL","3",
"2009-12-03","Edmonton Oilers","EDM","4","Detroit Red Wings","DET","1",
"2009-12-03","Ottawa Senators","OTT","3","Los Angeles Kings","LAK","6",
"2009-12-03","Vancouver Canucks","VAN","3","Philadelphia Flyers","PHI","0",
"2009-12-03","Calgary Flames","CGY","1","Phoenix Coyotes","PHX","2",
"2009-12-03","Colorado Avalanche","COL","1","Pittsburgh Penguins","PIT","4",
"2009-12-03","St. Louis Blues","STL","3","San Jose Sharks","SJS","2",
"2009-12-03","Florida Panthers","FLA","2","Washington Capitals","WSH","6",
"2009-12-04","Nashville Predators","NSH","4","Chicago Blackhawks","CHI","1",
"2009-12-04","Anaheim Ducks","ANA","4","Minnesota Wild","MIN","5",
"2009-12-04","Boston Bruins","BOS","1","Montreal Canadiens","MTL","5",
"2009-12-04","Tampa Bay Lightning","TBL","2","New Jersey Devils","NJD","3",
"2009-12-05","Toronto Maple Leafs","TOR","2","Boston Bruins","BOS","7",
"2009-12-05","New York Rangers","NYR","2","Buffalo Sabres","BUF","1",
"2009-12-05","Vancouver Canucks","VAN","3","Carolina Hurricanes","CAR","5",
"2009-12-05","Colorado Avalanche","COL","3","Columbus Blue Jackets","CBJ","2",
"2009-12-05","Edmonton Oilers","EDM","3","Dallas Stars","DAL","2",
"2009-12-05","Atlanta Thrashers","ATL","2","Florida Panthers","FLA","1",
"2009-12-05","St. Louis Blues","STL","5","Los Angeles Kings","LAK","4",
"2009-12-05","Detroit Red Wings","DET","3","New Jersey Devils","NJD","4",
"2009-12-05","Minnesota Wild","MIN","5","Nashville Predators","NSH","3",
"2009-12-05","Washington Capitals","WSH","8","Philadelphia Flyers","PHI","2",
"2009-12-05","Ottawa Senators","OTT","2","Phoenix Coyotes","PHX","3",
"2009-12-05","Chicago Blackhawks","CHI","2","Pittsburgh Penguins","PIT","1",
"2009-12-05","Calgary Flames","CGY","2","San Jose Sharks","SJS","1",
"2009-12-05","New York Islanders","NYI","0","Tampa Bay Lightning","TBL","4",
"2009-12-06","Ottawa Senators","OTT","4","Anaheim Ducks","ANA","3",
"2009-12-06","Detroit Red Wings","DET","3","New York Rangers","NYR","1",
"2009-12-07","New Jersey Devils","NJD","3","Buffalo Sabres","BUF","0",
"2009-12-07","Edmonton Oilers","EDM","3","Florida Panthers","FLA","2",
"2009-12-07","Calgary Flames","CGY","1","Los Angeles Kings","LAK","2",
"2009-12-07","Philadelphia Flyers","PHI","1","Montreal Canadiens","MTL","3",
"2009-12-07","Minnesota Wild","MIN","0","Phoenix Coyotes","PHX","2",
"2009-12-07","Carolina Hurricanes","CAR","3","Pittsburgh Penguins","PIT","2",
"2009-12-07","Colorado Avalanche","COL","4","St. Louis Blues","STL","0",
"2009-12-07","Washington Capitals","WSH","3","Tampa Bay Lightning","TBL","0",
"2009-12-07","Atlanta Thrashers","ATL","2","Toronto Maple Leafs","TOR","5",
"2009-12-08","Dallas Stars","DAL","3","Anaheim Ducks","ANA","4",
"2009-12-08","Vancouver Canucks","VAN","2","Nashville Predators","NSH","4",
"2009-12-08","Montreal Canadiens","MTL","4","Ottawa Senators","OTT","1",
"2009-12-08","New York Islanders","NYI","2","Philadelphia Flyers","PHI","6",
"2009-12-09","Washington Capitals","WSH","0","Buffalo Sabres","BUF","3",
"2009-12-09","Florida Panthers","FLA","0","Columbus Blue Jackets","CBJ","3",
"2009-12-09","Atlanta Thrashers","ATL","1","Calgary Flames","CGY","3",
"2009-12-09","New York Rangers","NYR","1","Chicago Blackhawks","CHI","2",
"2009-12-09","Minnesota Wild","MIN","1","Colorado Avalanche","COL","0",
"2009-12-09","St. Louis Blues","STL","1","Detroit Red Wings","DET","0",
"2009-12-09","Carolina Hurricanes","CAR","2","New Jersey Devils","NJD","4",
"2009-12-09","Los Angeles Kings","LAK","5","San Jose Sharks","SJS","4",
"2009-12-09","Edmonton Oilers","EDM","3","Tampa Bay Lightning","TBL","2",
"2009-12-09","New York Islanders","NYI","2","Toronto Maple Leafs","TOR","3",
"2009-12-10","Toronto Maple Leafs","TOR","2","Boston Bruins","BOS","5",
"2009-12-10","Phoenix Coyotes","PHX","2","Los Angeles Kings","LAK","3",
"2009-12-10","Pittsburgh Penguins","PIT","3","Montreal Canadiens","MTL","2",
"2009-12-10","Columbus Blue Jackets","CBJ","3","Nashville Predators","NSH","4",
"2009-12-10","Ottawa Senators","OTT","2","Philadelphia Flyers","PHI","0",
"2009-12-10","Atlanta Thrashers","ATL","2","Vancouver Canucks","VAN","4",
"2009-12-11","Chicago Blackhawks","CHI","1","Buffalo Sabres","BUF","2",
"2009-12-11","Minnesota Wild","MIN","2","Calgary Flames","CGY","1",
"2009-12-11","Tampa Bay Lightning","TBL","1","Colorado Avalanche","COL","2",
"2009-12-11","Anaheim Ducks","ANA","2","Detroit Red Wings","DET","3",
"2009-12-11","Florida Panthers","FLA","4","New Jersey Devils","NJD","2",
"2009-12-11","Dallas Stars","DAL","3","San Jose Sharks","SJS","2",
"2009-12-11","Edmonton Oilers","EDM","5","St. Louis Blues","STL","3",
"2009-12-11","Carolina Hurricanes","CAR","3","Washington Capitals","WSH","4",
"2009-12-12","Montreal Canadiens","MTL","3","Atlanta Thrashers","ATL","4",
"2009-12-12","Anaheim Ducks","ANA","3","Columbus Blue Jackets","CBJ","1",
"2009-12-12","Dallas Stars","DAL","2","Los Angeles Kings","LAK","3",
"2009-12-12","Philadelphia Flyers","PHI","1","New Jersey Devils","NJD","4",
"2009-12-12","Detroit Red Wings","DET","3","Nashville Predators","NSH","2",
"2009-12-12","Boston Bruins","BOS","2","New York Islanders","NYI","3",
"2009-12-12","Buffalo Sabres","BUF","3","New York Rangers","NYR","2",
"2009-12-12","Carolina Hurricanes","CAR","2","Ottawa Senators","OTT","4",
"2009-12-12","San Jose Sharks","SJS","1","Phoenix Coyotes","PHX","2",
"2009-12-12","Florida Panthers","FLA","2","Pittsburgh Penguins","PIT","3",
"2009-12-12","Washington Capitals","WSH","3","Toronto Maple Leafs","TOR","6",
"2009-12-12","Minnesota Wild","MIN","3","Vancouver Canucks","VAN","4",
"2009-12-13","Tampa Bay Lightning","TBL","0","Chicago Blackhawks","CHI","4",
"2009-12-13","Calgary Flames","CGY","2","Colorado Avalanche","COL","3",
"2009-12-14","Philadelphia Flyers","PHI","3","Boston Bruins","BOS","1",
"2009-12-14","Nashville Predators","NSH","5","Columbus Blue Jackets","CBJ","3",
"2009-12-14","Phoenix Coyotes","PHX","2","Detroit Red Wings","DET","3",
"2009-12-14","Buffalo Sabres","BUF","4","Montreal Canadiens","MTL","3",
"2009-12-14","Florida Panthers","FLA","7","New York Islanders","NYI","1",
"2009-12-14","Atlanta Thrashers","ATL","3","New York Rangers","NYR","2",
"2009-12-14","Ottawa Senators","OTT","2","Toronto Maple Leafs","TOR","3",
"2009-12-14","Los Angeles Kings","LAK","1","Vancouver Canucks","VAN","3",
"2009-12-15","Washington Capitals","WSH","6","Colorado Avalanche","COL","1",
"2009-12-15","Los Angeles Kings","LAK","3","Edmonton Oilers","EDM","2",
"2009-12-15","Columbus Blue Jackets","CBJ","1","Minnesota Wild","MIN","2",
"2009-12-15","Tampa Bay Lightning","TBL","4","Nashville Predators","NSH","7",
"2009-12-15","Philadelphia Flyers","PHI","1","Pittsburgh Penguins","PIT","6",
"2009-12-15","Calgary Flames","CGY","3","St. Louis Blues","STL","4",
"2009-12-16","Dallas Stars","DAL","3","Carolina Hurricanes","CAR","5",
"2009-12-16","St. Louis Blues","STL","0","Chicago Blackhawks","CHI","3",
"2009-12-16","Atlanta Thrashers","ATL","3","Florida Panthers","FLA","4",
"2009-12-16","Montreal Canadiens","MTL","1","New Jersey Devils","NJD","2",
"2009-12-16","New York Islanders","NYI","2","New York Rangers","NYR","1",
"2009-12-16","Buffalo Sabres","BUF","0","Ottawa Senators","OTT","2",
"2009-12-16","Phoenix Coyotes","PHX","6","Toronto Maple Leafs","TOR","3",
"2009-12-16","Anaheim Ducks","ANA","3","Vancouver Canucks","VAN","2",
"2009-12-17","Dallas Stars","DAL","5","Atlanta Thrashers","ATL","6",
"2009-12-17","Phoenix Coyotes","PHX","2","Columbus Blue Jackets","CBJ","1",
"2009-12-17","Los Angeles Kings","LAK","1","Calgary Flames","CGY","2",
"2009-12-17","Tampa Bay Lightning","TBL","0","Detroit Red Wings","DET","3",
"2009-12-17","Nashville Predators","NSH","6","Edmonton Oilers","EDM","3",
"2009-12-17","Minnesota Wild","MIN","3","Montreal Canadiens","MTL","1",
"2009-12-17","New York Rangers","NYR","5","New York Islanders","NYI","2",
"2009-12-17","Pittsburgh Penguins","PIT","3","Philadelphia Flyers","PHI","2",
"2009-12-17","Anaheim Ducks","ANA","1","San Jose Sharks","SJS","4",
"2009-12-18","Toronto Maple Leafs","TOR","2","Buffalo Sabres","BUF","5",
"2009-12-18","Boston Bruins","BOS","4","Chicago Blackhawks","CHI","5",
"2009-12-18","Carolina Hurricanes","CAR","3","Florida Panthers","FLA","6",
"2009-12-18","Ottawa Senators","OTT","2","New Jersey Devils","NJD","4",
"2009-12-18","Tampa Bay Lightning","TBL","6","St. Louis Blues","STL","3",
"2009-12-18","Washington Capitals","WSH","2","Vancouver Canucks","VAN","3",
"2009-12-19","Phoenix Coyotes","PHX","2","Anaheim Ducks","ANA","4",
"2009-12-19","New Jersey Devils","NJD","5","Atlanta Thrashers","ATL","4",
"2009-12-19","Pittsburgh Penguins","PIT","2","Buffalo Sabres","BUF","1",
"2009-12-19","Florida Panthers","FLA","2","Carolina Hurricanes","CAR","3",
"2009-12-19","Nashville Predators","NSH","5","Calgary Flames","CGY","3",
"2009-12-19","Columbus Blue Jackets","CBJ","2","Colorado Avalanche","COL","5",
"2009-12-19","Detroit Red Wings","DET","3","Dallas Stars","DAL","4",
"2009-12-19","Washington Capitals","WSH","4","Edmonton Oilers","EDM","2",
"2009-12-19","Montreal Canadiens","MTL","3","New York Islanders","NYI","0",
"2009-12-19","Minnesota Wild","MIN","1","Ottawa Senators","OTT","4",
"2009-12-19","New York Rangers","NYR","2","Philadelphia Flyers","PHI","1",
"2009-12-19","Boston Bruins","BOS","0","Toronto Maple Leafs","TOR","2",
"2009-12-20","Detroit Red Wings","DET","0","Chicago Blackhawks","CHI","3",
"2009-12-20","St. Louis Blues","STL","3","Vancouver Canucks","VAN","1",
"2009-12-21","Montreal Canadiens","MTL","4","Atlanta Thrashers","ATL","3",
"2009-12-21","New York Rangers","NYR","3","Carolina Hurricanes","CAR","1",
"2009-12-21","San Jose Sharks","SJS","4","Dallas Stars","DAL","2",
"2009-12-21","St. Louis Blues","STL","7","Edmonton Oilers","EDM","2",
"2009-12-21","Colorado Avalanche","COL","4","Minnesota Wild","MIN","3",
"2009-12-21","Tampa Bay Lightning","TBL","4","New York Islanders","NYI","2",
"2009-12-21","Boston Bruins","BOS","2","Ottawa Senators","OTT","0",
"2009-12-21","Florida Panthers","FLA","4","Philadelphia Flyers","PHI","1",
"2009-12-21","Columbus Blue Jackets","CBJ","2","Phoenix Coyotes","PHX","5",
"2009-12-21","New Jersey Devils","NJD","4","Pittsburgh Penguins","PIT","0",
"2009-12-21","Buffalo Sabres","BUF","3","Toronto Maple Leafs","TOR","2",
"2009-12-22","San Jose Sharks","SJS","3","Chicago Blackhawks","CHI","2",
"2009-12-22","Anaheim Ducks","ANA","4","Colorado Avalanche","COL","2",
"2009-12-22","Nashville Predators","NSH","1","Vancouver Canucks","VAN","4",
"2009-12-23","Atlanta Thrashers","ATL","4","Boston Bruins","BOS","6",
"2009-12-23","Montreal Canadiens","MTL","5","Carolina Hurricanes","CAR","1",
"2009-12-23","St. Louis Blues","STL","2","Calgary Flames","CGY","1",
"2009-12-23","Columbus Blue Jackets","CBJ","1","Dallas Stars","DAL","3",
"2009-12-23","Chicago Blackhawks","CHI","3","Detroit Red Wings","DET","0",
"2009-12-23","Edmonton Oilers","EDM","1","Minnesota Wild","MIN","3",
"2009-12-23","Toronto Maple Leafs","TOR","1","New York Islanders","NYI","3",
"2009-12-23","Florida Panthers","FLA","1","New York Rangers","NYR","4",
"2009-12-23","Anaheim Ducks","ANA","0","Phoenix Coyotes","PHX","4",
"2009-12-23","Ottawa Senators","OTT","2","Pittsburgh Penguins","PIT","8",
"2009-12-23","Philadelphia Flyers","PHI","5","Tampa Bay Lightning","TBL","2",
"2009-12-23","Buffalo Sabres","BUF","2","Washington Capitals","WSH","5",
"2009-12-26","Ottawa Senators","OTT","3","Buffalo Sabres","BUF","2",
"2009-12-26","Philadelphia Flyers","PHI","4","Carolina Hurricanes","CAR","3",
"2009-12-26","Dallas Stars","DAL","1","Colorado Avalanche","COL","4",
"2009-12-26","Columbus Blue Jackets","CBJ","1","Detroit Red Wings","DET","2",
"2009-12-26","St. Louis Blues","STL","3","Minnesota Wild","MIN","4",
"2009-12-26","Chicago Blackhawks","CHI","4","Nashville Predators","NSH","1",
"2009-12-26","New York Islanders","NYI","3","New York Rangers","NYR","2",
"2009-12-26","Los Angeles Kings","LAK","2","Phoenix Coyotes","PHX","3",
"2009-12-26","Anaheim Ducks","ANA","2","San Jose Sharks","SJS","5",
"2009-12-26","Atlanta Thrashers","ATL","3","Tampa Bay Lightning","TBL","4",
"2009-12-26","Montreal Canadiens","MTL","3","Toronto Maple Leafs","TOR","2",
"2009-12-26","Edmonton Oilers","EDM","1","Vancouver Canucks","VAN","4",
"2009-12-26","New Jersey Devils","NJD","1","Washington Capitals","WSH","4",
"2009-12-27","Vancouver Canucks","VAN","5","Calgary Flames","CGY","1",
"2009-12-27","Nashville Predators","NSH","4","Chicago Blackhawks","CHI","5",
"2009-12-27","Boston Bruins","BOS","2","Florida Panthers","FLA","1",
"2009-12-27","Philadelphia Flyers","PHI","2","New York Islanders","NYI","1",
"2009-12-27","Toronto Maple Leafs","TOR","4","Pittsburgh Penguins","PIT","3",
"2009-12-27","Buffalo Sabres","BUF","5","St. Louis Blues","STL","3",
"2009-12-28","Detroit Red Wings","DET","0","Columbus Blue Jackets","CBJ","1",
"2009-12-28","Calgary Flames","CGY","4","Edmonton Oilers","EDM","1",
"2009-12-28","Minnesota Wild","MIN","4","Los Angeles Kings","LAK","3",
"2009-12-28","Atlanta Thrashers","ATL","2","New Jersey Devils","NJD","3",
"2009-12-28","Montreal Canadiens","MTL","2","Ottawa Senators","OTT","4",
"2009-12-28","Phoenix Coyotes","PHX","2","San Jose Sharks","SJS","3",
"2009-12-28","Boston Bruins","BOS","1","Tampa Bay Lightning","TBL","2",
"2009-12-28","Carolina Hurricanes","CAR","6","Washington Capitals","WSH","3",
"2009-12-29","Minnesota Wild","MIN","2","Anaheim Ducks","ANA","4",
"2009-12-29","Pittsburgh Penguins","PIT","3","Buffalo Sabres","BUF","4",
"2009-12-29","Chicago Blackhawks","CHI","4","Dallas Stars","DAL","5",
"2009-12-29","Columbus Blue Jackets","CBJ","1","New York Islanders","NYI","2",
"2009-12-29","Vancouver Canucks","VAN","2","Phoenix Coyotes","PHX","3",
"2009-12-29","Nashville Predators","NSH","4","St. Louis Blues","STL","3",
"2009-12-30","Atlanta Thrashers","ATL","0","Boston Bruins","BOS","4",
"2009-12-30","Los Angeles Kings","LAK","1","Calgary Flames","CGY","2",
"2009-12-30","Toronto Maple Leafs","TOR","1","Edmonton Oilers","EDM","3",
"2009-12-30","Pittsburgh Penguins","PIT","0","New Jersey Devils","NJD","2",
"2009-12-30","Philadelphia Flyers","PHI","6","New York Rangers","NYR","0",
"2009-12-30","Colorado Avalanche","COL","4","Ottawa Senators","OTT","3",
"2009-12-30","Washington Capitals","WSH","2","San Jose Sharks","SJS","5",
"2009-12-30","Montreal Canadiens","MTL","2","Tampa Bay Lightning","TBL","1",
"2009-12-31","New York Rangers","NYR","2","Carolina Hurricanes","CAR","1",
"2009-12-31","Nashville Predators","NSH","2","Columbus Blue Jackets","CBJ","1",
"2009-12-31","Edmonton Oilers","EDM","1","Calgary Flames","CGY","2",
"2009-12-31","New Jersey Devils","NJD","1","Chicago Blackhawks","CHI","5",
"2009-12-31","Anaheim Ducks","ANA","3","Dallas Stars","DAL","5",
"2009-12-31","Colorado Avalanche","COL","2","Detroit Red Wings","DET","4",
"2009-12-31","Montreal Canadiens","MTL","5","Florida Panthers","FLA","4",
"2009-12-31","Los Angeles Kings","LAK","5","Minnesota Wild","MIN","2",
"2009-12-31","New York Islanders","NYI","2","Ottawa Senators","OTT","3",
"2009-12-31","San Jose Sharks","SJS","3","Phoenix Coyotes","PHX","2",
"2009-12-31","Vancouver Canucks","VAN","4","St. Louis Blues","STL","3",
"2010-01-01","Philadelphia Flyers","PHI","1","Boston Bruins","BOS","2","NHL Winter Classic"
"2010-01-01","Atlanta Thrashers","ATL","3","Buffalo Sabres","BUF","4",
"2010-01-02","Colorado Avalanche","COL","3","Columbus Blue Jackets","CBJ","2",
"2010-01-02","Toronto Maple Leafs","TOR","1","Calgary Flames","CGY","3",
"2010-01-02","Vancouver Canucks","VAN","3","Dallas Stars","DAL","1",
"2010-01-02","Washington Capitals","WSH","1","Los Angeles Kings","LAK","2",
"2010-01-02","New Jersey Devils","NJD","5","Minnesota Wild","MIN","3",
"2010-01-02","Anaheim Ducks","ANA","1","Nashville Predators","NSH","3",
"2010-01-02","Atlanta Thrashers","ATL","5","New York Islanders","NYI","6",
"2010-01-02","Carolina Hurricanes","CAR","2","New York Rangers","NYR","1",
"2010-01-02","Detroit Red Wings","DET","4","Phoenix Coyotes","PHX","1",
"2010-01-02","Edmonton Oilers","EDM","1","San Jose Sharks","SJS","4",
"2010-01-02","Chicago Blackhawks","CHI","6","St. Louis Blues","STL","3",
"2010-01-02","Pittsburgh Penguins","PIT","1","Tampa Bay Lightning","TBL","3",
"2010-01-03","Anaheim Ducks","ANA","2","Chicago Blackhawks","CHI","5",
"2010-01-03","Pittsburgh Penguins","PIT","2","Florida Panthers","FLA","6",
"2010-01-03","Buffalo Sabres","BUF","1","Montreal Canadiens","MTL","0",
"2010-01-03","Philadelphia Flyers","PHI","4","Ottawa Senators","OTT","7",
"2010-01-04","Boston Bruins","BOS","2","New York Rangers","NYR","3",
"2010-01-04","Los Angeles Kings","LAK","6","San Jose Sharks","SJS","2",
"2010-01-05","Detroit Red Wings","DET","1","Anaheim Ducks","ANA","4",
"2010-01-05","Minnesota Wild","MIN","1","Chicago Blackhawks","CHI","4",
"2010-01-05","Phoenix Coyotes","PHX","5","Edmonton Oilers","EDM","4",
"2010-01-05","Dallas Stars","DAL","0","New Jersey Devils","NJD","4",
"2010-01-05","Calgary Flames","CGY","3","Nashville Predators","NSH","1",
"2010-01-05","Boston Bruins","BOS","4","Ottawa Senators","OTT","1",
"2010-01-05","Atlanta Thrashers","ATL","2","Pittsburgh Penguins","PIT","5",
"2010-01-05","Florida Panthers","FLA","2","Toronto Maple Leafs","TOR","3",
"2010-01-05","Columbus Blue Jackets","CBJ","3","Vancouver Canucks","VAN","7",
"2010-01-05","Montreal Canadiens","MTL","2","Washington Capitals","WSH","4",
"2010-01-06","Tampa Bay Lightning","TBL","3","Buffalo Sabres","BUF","5",
"2010-01-06","New York Islanders","NYI","3","Colorado Avalanche","COL","2",
"2010-01-06","Calgary Flames","CGY","1","Minnesota Wild","MIN","4",
"2010-01-06","Dallas Stars","DAL","2","New York Rangers","NYR","5",
"2010-01-06","Toronto Maple Leafs","TOR","2","Philadelphia Flyers","PHI","6",
"2010-01-06","St. Louis Blues","STL","1","San Jose Sharks","SJS","2",
"2010-01-07","St. Louis Blues","STL","2","Anaheim Ducks","ANA","4",
"2010-01-07","New York Rangers","NYR","1","Atlanta Thrashers","ATL","2",
"2010-01-07","Chicago Blackhawks","CHI","5","Boston Bruins","BOS","2",
"2010-01-07","Columbus Blue Jackets","CBJ","4","Edmonton Oilers","EDM","2",
"2010-01-07","Detroit Red Wings","DET","2","Los Angeles Kings","LAK","1",
"2010-01-07","Florida Panthers","FLA","0","Montreal Canadiens","MTL","2",
"2010-01-07","Carolina Hurricanes","CAR","2","Nashville Predators","NSH","4",
"2010-01-07","Philadelphia Flyers","PHI","7","Pittsburgh Penguins","PIT","4",
"2010-01-07","Phoenix Coyotes","PHX","0","Vancouver Canucks","VAN","4",
"2010-01-07","Ottawa Senators","OTT","2","Washington Capitals","WSH","5",
"2010-01-08","Toronto Maple Leafs","TOR","2","Buffalo Sabres","BUF","3",
"2010-01-08","Colorado Avalanche","COL","1","Carolina Hurricanes","CAR","2",
"2010-01-08","Columbus Blue Jackets","CBJ","3","Calgary Flames","CGY","2",
"2010-01-08","New York Islanders","NYI","3","Dallas Stars","DAL","4",
"2010-01-08","Tampa Bay Lightning","TBL","4","New Jersey Devils","NJD","2","Game suspended and completed on 2010-01-10 due to lighting problem"
"2010-01-09","Washington Capitals","WSH","8","Atlanta Thrashers","ATL","1",
"2010-01-09","New York Rangers","NYR","3","Boston Bruins","BOS","1",
"2010-01-09","Colorado Avalanche","COL","4","Buffalo Sabres","BUF","3",
"2010-01-09","St. Louis Blues","STL","4","Los Angeles Kings","LAK","3",
"2010-01-09","Chicago Blackhawks","CHI","5","Minnesota Wild","MIN","6",
"2010-01-09","New Jersey Devils","NJD","2","Montreal Canadiens","MTL","1",
"2010-01-09","Anaheim Ducks","ANA","3","Nashville Predators","NSH","2",
"2010-01-09","Florida Panthers","FLA","3","Ottawa Senators","OTT","0",
"2010-01-09","Tampa Bay Lightning","TBL","1","Philadelphia Flyers","PHI","4",
"2010-01-09","New York Islanders","NYI","5","Phoenix Coyotes","PHX","4",
"2010-01-09","Detroit Red Wings","DET","4","San Jose Sharks","SJS","1",
"2010-01-09","Pittsburgh Penguins","PIT","4","Toronto Maple Leafs","TOR","1",
"2010-01-09","Calgary Flames","CGY","3","Vancouver Canucks","VAN","2",
"2010-01-10","Ottawa Senators","OTT","1","Carolina Hurricanes","CAR","4",
"2010-01-10","Dallas Stars","DAL","0","Columbus Blue Jackets","CBJ","2",
"2010-01-10","Anaheim Ducks","ANA","3","Chicago Blackhawks","CHI","1",
"2010-01-11","Colorado Avalanche","COL","3","Calgary Flames","CGY","2",
"2010-01-11","San Jose Sharks","SJS","2","Los Angeles Kings","LAK","1",
"2010-01-11","Pittsburgh Penguins","PIT","3","Minnesota Wild","MIN","4",
"2010-01-11","Nashville Predators","NSH","3","Vancouver Canucks","VAN","2",
"2010-01-12","Ottawa Senators","OTT","1","Atlanta Thrashers","ATL","6",
"2010-01-12","Nashville Predators","NSH","5","Edmonton Oilers","EDM","3",
"2010-01-12","Detroit Red Wings","DET","0","New York Islanders","NYI","6",
"2010-01-12","New Jersey Devils","NJD","1","New York Rangers","NYR","0",
"2010-01-12","Dallas Stars","DAL","3","Philadelphia Flyers","PHI","6",
"2010-01-12","San Jose Sharks","SJS","3","Phoenix Coyotes","PHX","1",
"2010-01-12","Columbus Blue Jackets","CBJ","1","St. Louis Blues","STL","4",
"2010-01-12","Washington Capitals","WSH","4","Tampa Bay Lightning","TBL","7",
"2010-01-12","Carolina Hurricanes","CAR","4","Toronto Maple Leafs","TOR","2",
"2010-01-13","Boston Bruins","BOS","3","Anaheim Ducks","ANA","4",
"2010-01-13","Pittsburgh Penguins","PIT","3","Calgary Flames","CGY","1",
"2010-01-13","Washington Capitals","WSH","5","Florida Panthers","FLA","4",
"2010-01-13","Vancouver Canucks","VAN","2","Minnesota Wild","MIN","5",
"2010-01-14","Buffalo Sabres","BUF","2","Atlanta Thrashers","ATL","1",
"2010-01-14","Columbus Blue Jackets","CBJ","0","Chicago Blackhawks","CHI","3",
"2010-01-14","Carolina Hurricanes","CAR","1","Detroit Red Wings","DET","3",
"2010-01-14","Pittsburgh Penguins","PIT","3","Edmonton Oilers","EDM","2",
"2010-01-14","Anaheim Ducks","ANA","0","Los Angeles Kings","LAK","4",
"2010-01-14","Dallas Stars","DAL","3","Montreal Canadiens","MTL","5",
"2010-01-14","Ottawa Senators","OTT","2","New York Rangers","NYR","0",
"2010-01-14","New Jersey Devils","NJD","3","Phoenix Coyotes","PHX","4",
"2010-01-14","Boston Bruins","BOS","2","San Jose Sharks","SJS","1",
"2010-01-14","Minnesota Wild","MIN","0","St. Louis Blues","STL","1",
"2010-01-14","Florida Panthers","FLA","3","Tampa Bay Lightning","TBL","2",
"2010-01-14","Philadelphia Flyers","PHI","0","Toronto Maple Leafs","TOR","4",
"2010-01-15","Nashville Predators","NSH","1","Calgary Flames","CGY","0",
"2010-01-15","Toronto Maple Leafs","TOR","1","Washington Capitals","WSH","6",
"2010-01-16","Atlanta Thrashers","ATL","5","Carolina Hurricanes","CAR","3",
"2010-01-16","Chicago Blackhawks","CHI","6","Columbus Blue Jackets","CBJ","5",
"2010-01-16","New Jersey Devils","NJD","1","Colorado Avalanche","COL","3",
"2010-01-16","Detroit Red Wings","DET","2","Dallas Stars","DAL","3",
"2010-01-16","Tampa Bay Lightning","TBL","2","Florida Panthers","FLA","5",
"2010-01-16","Boston Bruins","BOS","3","Los Angeles Kings","LAK","4",
"2010-01-16","Ottawa Senators","OTT","4","Montreal Canadiens","MTL","2",
"2010-01-16","Buffalo Sabres","BUF","2","New York Islanders","NYI","3",
"2010-01-16","Minnesota Wild","MIN","4","Phoenix Coyotes","PHX","6",
"2010-01-16","Edmonton Oilers","EDM","2","San Jose Sharks","SJS","4",
"2010-01-16","New York Rangers","NYR","1","St. Louis Blues","STL","4",
"2010-01-16","Pittsburgh Penguins","PIT","2","Vancouver Canucks","VAN","6",
"2010-01-17","Calgary Flames","CGY","4","Anaheim Ducks","ANA","5",
"2010-01-17","Chicago Blackhawks","CHI","4","Detroit Red Wings","DET","3",
"2010-01-17","Montreal Canadiens","MTL","2","New York Rangers","NYR","6",
"2010-01-17","Philadelphia Flyers","PHI","3","Washington Capitals","WSH","5",
"2010-01-18","Ottawa Senators","OTT","5","Boston Bruins","BOS","1",
"2010-01-18","Tampa Bay Lightning","TBL","3","Carolina Hurricanes","CAR","2",
"2010-01-18","St. Louis Blues","STL","2","Columbus Blue Jackets","CBJ","4",
"2010-01-18","Edmonton Oilers","EDM","0","Colorado Avalanche","COL","6",
"2010-01-18","Minnesota Wild","MIN","3","Dallas Stars","DAL","4",
"2010-01-18","Atlanta Thrashers","ATL","0","Florida Panthers","FLA","1",
"2010-01-18","Toronto Maple Leafs","TOR","4","Nashville Predators","NSH","3",
"2010-01-18","New Jersey Devils","NJD","0","New York Islanders","NYI","4",
"2010-01-18","Buffalo Sabres","BUF","7","Phoenix Coyotes","PHX","2",
"2010-01-18","Calgary Flames","CGY","1","San Jose Sharks","SJS","9",
"2010-01-19","Buffalo Sabres","BUF","4","Anaheim Ducks","ANA","5",
"2010-01-19","Toronto Maple Leafs","TOR","3","Atlanta Thrashers","ATL","4",
"2010-01-19","San Jose Sharks","SJS","5","Los Angeles Kings","LAK","1",
"2010-01-19","Tampa Bay Lightning","TBL","2","New York Rangers","NYR","8",
"2010-01-19","Chicago Blackhawks","CHI","1","Ottawa Senators","OTT","4",
"2010-01-19","Columbus Blue Jackets","CBJ","3","Philadelphia Flyers","PHI","5",
"2010-01-19","New York Islanders","NYI","4","Pittsburgh Penguins","PIT","6",
"2010-01-19","Detroit Red Wings","DET","2","Washington Capitals","WSH","3",
"2010-01-20","Vancouver Canucks","VAN","3","Edmonton Oilers","EDM","2",
"2010-01-20","St. Louis Blues","STL","4","Montreal Canadiens","MTL","3",
"2010-01-20","Florida Panthers","FLA","0","New Jersey Devils","NJD","2",
"2010-01-21","Carolina Hurricanes","CAR","5","Atlanta Thrashers","ATL","2",
"2010-01-21","Columbus Blue Jackets","CBJ","3","Boston Bruins","BOS","2",
"2010-01-21","Chicago Blackhawks","CHI","3","Calgary Flames","CGY","1",
"2010-01-21","Buffalo Sabres","BUF","3","Los Angeles Kings","LAK","4",
"2010-01-21","Detroit Red Wings","DET","4","Minnesota Wild","MIN","3",
"2010-01-21","Florida Panthers","FLA","1","New York Islanders","NYI","2",
"2010-01-21","St. Louis Blues","STL","2","Ottawa Senators","OTT","3",
"2010-01-21","New York Rangers","NYR","0","Philadelphia Flyers","PHI","2",
"2010-01-21","Nashville Predators","NSH","2","Phoenix Coyotes","PHX","4",
"2010-01-21","Washington Capitals","WSH","6","Pittsburgh Penguins","PIT","3",
"2010-01-21","Anaheim Ducks","ANA","1","San Jose Sharks","SJS","3",
"2010-01-21","Toronto Maple Leafs","TOR","2","Tampa Bay Lightning","TBL","3",
"2010-01-21","Dallas Stars","DAL","3","Vancouver Canucks","VAN","4",
"2010-01-22","Nashville Predators","NSH","1","Colorado Avalanche","COL","2",
"2010-01-22","Dallas Stars","DAL","4","Edmonton Oilers","EDM","3",
"2010-01-22","Montreal Canadiens","MTL","3","New Jersey Devils","NJD","1",
"2010-01-23","Ottawa Senators","OTT","2","Boston Bruins","BOS","1",
"2010-01-23","Los Angeles Kings","LAK","3","Detroit Red Wings","DET","2",
"2010-01-23","Toronto Maple Leafs","TOR","0","Florida Panthers","FLA","2",
"2010-01-23","Columbus Blue Jackets","CBJ","2","Minnesota Wild","MIN","4",
"2010-01-23","New York Rangers","NYR","0","Montreal Canadiens","MTL","6",
"2010-01-23","New Jersey Devils","NJD","4","New York Islanders","NYI","2",
"2010-01-23","Carolina Hurricanes","CAR","2","Philadelphia Flyers","PHI","4",
"2010-01-23","Buffalo Sabres","BUF","2","San Jose Sharks","SJS","5",
"2010-01-23","Anaheim Ducks","ANA","4","St. Louis Blues","STL","3",
"2010-01-23","Atlanta Thrashers","ATL","1","Tampa Bay Lightning","TBL","2",
"2010-01-23","Chicago Blackhawks","CHI","1","Vancouver Canucks","VAN","5",
"2010-01-23","Phoenix Coyotes","PHX","2","Washington Capitals","WSH","4",
"2010-01-24","Boston Bruins","BOS","1","Carolina Hurricanes","CAR","5",
"2010-01-24","Dallas Stars","DAL","0","Colorado Avalanche","COL","4",
"2010-01-24","Pittsburgh Penguins","PIT","2","Philadelphia Flyers","PHI","1",
"2010-01-25","St. Louis Blues","STL","2","Calgary Flames","CGY","0",
"2010-01-25","Pittsburgh Penguins","PIT","4","New York Rangers","NYR","2",
"2010-01-25","Buffalo Sabres","BUF","2","Vancouver Canucks","VAN","3",
"2010-01-26","Anaheim Ducks","ANA","1","Atlanta Thrashers","ATL","2",
"2010-01-26","Nashville Predators","NSH","2","Columbus Blue Jackets","CBJ","3",
"2010-01-26","Phoenix Coyotes","PHX","5","Detroit Red Wings","DET","4",
"2010-01-26","Chicago Blackhawks","CHI","4","Edmonton Oilers","EDM","2",
"2010-01-26","Montreal Canadiens","MTL","1","Florida Panthers","FLA","2",
"2010-01-26","Washington Capitals","WSH","7","New York Islanders","NYI","2",
"2010-01-26","New Jersey Devils","NJD","0","Ottawa Senators","OTT","3",
"2010-01-26","Los Angeles Kings","LAK","5","Toronto Maple Leafs","TOR","3",
"2010-01-27","New Jersey Devils","NJD","1","Buffalo Sabres","BUF","2",
"2010-01-27","Calgary Flames","CGY","3","Dallas Stars","DAL","4",
"2010-01-27","Detroit Red Wings","DET","2","Minnesota Wild","MIN","5",
"2010-01-27","Carolina Hurricanes","CAR","5","New York Rangers","NYR","1",
"2010-01-27","Montreal Canadiens","MTL","0","Tampa Bay Lightning","TBL","3",
"2010-01-27","St. Louis Blues","STL","2","Vancouver Canucks","VAN","3",
"2010-01-27","Anaheim Ducks","ANA","1","Washington Capitals","WSH","5",
"2010-01-28","New York Islanders","NYI","1","Carolina Hurricanes","CAR","4",
"2010-01-28","Los Angeles Kings","LAK","4","Columbus Blue Jackets","CBJ","1",
"2010-01-28","Minnesota Wild","MIN","1","Colorado Avalanche","COL","0",
"2010-01-28","St. Louis Blues","STL","2","Edmonton Oilers","EDM","1",
"2010-01-28","Atlanta Thrashers","ATL","4","Philadelphia Flyers","PHI","3",
"2010-01-28","Calgary Flames","CGY","2","Phoenix Coyotes","PHX","3",
"2010-01-28","Ottawa Senators","OTT","4","Pittsburgh Penguins","PIT","1",
"2010-01-28","Chicago Blackhawks","CHI","4","San Jose Sharks","SJS","3",
"2010-01-29","Boston Bruins","BOS","1","Buffalo Sabres","BUF","2",
"2010-01-29","Colorado Avalanche","COL","2","Dallas Stars","DAL","3",
"2010-01-29","Nashville Predators","NSH","2","Detroit Red Wings","DET","4",
"2010-01-29","Toronto Maple Leafs","TOR","4","New Jersey Devils","NJD","5",
"2010-01-29","Anaheim Ducks","ANA","2","Tampa Bay Lightning","TBL","1",
"2010-01-29","Florida Panthers","FLA","1","Washington Capitals","WSH","4",
"2010-01-30","Los Angeles Kings","LAK","3","Boston Bruins","BOS","2",
"2010-01-30","Chicago Blackhawks","CHI","2","Carolina Hurricanes","CAR","4",
"2010-01-30","Edmonton Oilers","EDM","1","Calgary Flames","CGY","6",
"2010-01-30","Atlanta Thrashers","ATL","3","Nashville Predators","NSH","4",
"2010-01-30","Montreal Canadiens","MTL","2","Ottawa Senators","OTT","3",
"2010-01-30","New York Islanders","NYI","1","Philadelphia Flyers","PHI","2",
"2010-01-30","New York Rangers","NYR","2","Phoenix Coyotes","PHX","3",
"2010-01-30","Minnesota Wild","MIN","2","San Jose Sharks","SJS","5",
"2010-01-30","Columbus Blue Jackets","CBJ","3","St. Louis Blues","STL","2",
"2010-01-30","Vancouver Canucks","VAN","5","Toronto Maple Leafs","TOR","3",
"2010-01-31","New York Rangers","NYR","3","Colorado Avalanche","COL","1",
"2010-01-31","Phoenix Coyotes","PHX","4","Dallas Stars","DAL","2",
"2010-01-31","New York Islanders","NYI","0","Florida Panthers","FLA","2",
"2010-01-31","Los Angeles Kings","LAK","3","New Jersey Devils","NJD","2",
"2010-01-31","Detroit Red Wings","DET","1","Pittsburgh Penguins","PIT","2",
"2010-01-31","Tampa Bay Lightning","TBL","2","Washington Capitals","WSH","3",
"2010-02-01","Philadelphia Flyers","PHI","3","Calgary Flames","CGY","0",
"2010-02-01","Carolina Hurricanes","CAR","2","Edmonton Oilers","EDM","4",
"2010-02-01","Anaheim Ducks","ANA","3","Florida Panthers","FLA","0",
"2010-02-01","Buffalo Sabres","BUF","4","Pittsburgh Penguins","PIT","5",
"2010-02-02","Tampa Bay Lightning","TBL","2","Atlanta Thrashers","ATL","1",
"2010-02-02","Washington Capitals","WSH","4","Boston Bruins","BOS","1",
"2010-02-02","Columbus Blue Jackets","CBJ","1","Colorado Avalanche","COL","5",
"2010-02-02","Minnesota Wild","MIN","2","Dallas Stars","DAL","4",
"2010-02-02","New York Rangers","NYR","1","Los Angeles Kings","LAK","2",
"2010-02-02","Vancouver Canucks","VAN","2","Montreal Canadiens","MTL","3",
"2010-02-02","Phoenix Coyotes","PHX","1","Nashville Predators","NSH","0",
"2010-02-02","Detroit Red Wings","DET","4","San Jose Sharks","SJS","2",
"2010-02-02","New Jersey Devils","NJD","0","Toronto Maple Leafs","TOR","3",
"2010-02-03","Detroit Red Wings","DET","1","Anaheim Ducks","ANA","3",
"2010-02-03","Ottawa Senators","OTT","4","Buffalo Sabres","BUF","2",
"2010-02-03","Carolina Hurricanes","CAR","1","Calgary Flames","CGY","4",
"2010-02-03","St. Louis Blues","STL","3","Chicago Blackhawks","CHI","2",
"2010-02-03","Philadelphia Flyers","PHI","0","Edmonton Oilers","EDM","1",
"2010-02-04","Montreal Canadiens","MTL","3","Boston Bruins","BOS","2",
"2010-02-04","Dallas Stars","DAL","1","Columbus Blue Jackets","CBJ","2",
"2010-02-04","Anaheim Ducks","ANA","4","Los Angeles Kings","LAK","6",
"2010-02-04","Edmonton Oilers","EDM","2","Minnesota Wild","MIN","4",
"2010-02-04","Colorado Avalanche","COL","3","Nashville Predators","NSH","5",
"2010-02-04","Washington Capitals","WSH","6","New York Rangers","NYR","5",
"2010-02-04","Vancouver Canucks","VAN","1","Ottawa Senators","OTT","3",
"2010-02-04","San Jose Sharks","SJS","4","St. Louis Blues","STL","2",
"2010-02-04","New York Islanders","NYI","2","Tampa Bay Lightning","TBL","5",
"2010-02-05","Carolina Hurricanes","CAR","4","Buffalo Sabres","BUF","3",
"2010-02-05","Phoenix Coyotes","PHX","2","Chicago Blackhawks","CHI","1",
"2010-02-05","Calgary Flames","CGY","2","Florida Panthers","FLA","1",
"2010-02-05","Toronto Maple Leafs","TOR","3","New Jersey Devils","NJD","4",
"2010-02-05","Atlanta Thrashers","ATL","2","Washington Capitals","WSH","5",
"2010-02-06","Florida Panthers","FLA","2","Atlanta Thrashers","ATL","4",
"2010-02-06","Vancouver Canucks","VAN","3","Boston Bruins","BOS","2",
"2010-02-06","Buffalo Sabres","BUF","0","Columbus Blue Jackets","CBJ","4",
"2010-02-06","Edmonton Oilers","EDM","0","Colorado Avalanche","COL","3",
"2010-02-06","Phoenix Coyotes","PHX","0","Dallas Stars","DAL","4",
"2010-02-06","Detroit Red Wings","DET","3","Los Angeles Kings","LAK","4",
"2010-02-06","Philadelphia Flyers","PHI","1","Minnesota Wild","MIN","2",
"2010-02-06","Pittsburgh Penguins","PIT","3","Montreal Canadiens","MTL","5",
"2010-02-06","San Jose Sharks","SJS","4","Nashville Predators","NSH","3",
"2010-02-06","Carolina Hurricanes","CAR","3","New York Islanders","NYI","1",
"2010-02-06","New Jersey Devils","NJD","1","New York Rangers","NYR","3",
"2010-02-06","Chicago Blackhawks","CHI","2","St. Louis Blues","STL","1",
"2010-02-06","Calgary Flames","CGY","1","Tampa Bay Lightning","TBL","2",
"2010-02-06","Ottawa Senators","OTT","0","Toronto Maple Leafs","TOR","5",
"2010-02-07","Boston Bruins","BOS","3","Montreal Canadiens","MTL","0",
"2010-02-07","Pittsburgh Penguins","PIT","4","Washington Capitals","WSH","5",
"2010-02-08","Los Angeles Kings","LAK","2","Anaheim Ducks","ANA","4",
"2010-02-08","St. Louis Blues","STL","2","Colorado Avalanche","COL","5",
"2010-02-08","New Jersey Devils","NJD","2","Philadelphia Flyers","PHI","3",
"2010-02-08","Edmonton Oilers","EDM","1","Phoenix Coyotes","PHX","6",
"2010-02-08","San Jose Sharks","SJS","3","Toronto Maple Leafs","TOR","2",
"2010-02-09","Boston Bruins","BOS","3","Buffalo Sabres","BUF","2",
"2010-02-09","Florida Panthers","FLA","1","Carolina Hurricanes","CAR","4",
"2010-02-09","Dallas Stars","DAL","3","Chicago Blackhawks","CHI","4",
"2010-02-09","Nashville Predators","NSH","3","New York Islanders","NYI","4",
"2010-02-09","Calgary Flames","CGY","2","Ottawa Senators","OTT","3",
"2010-02-09","Detroit Red Wings","DET","3","St. Louis Blues","STL","4",
"2010-02-09","Vancouver Canucks","VAN","1","Tampa Bay Lightning","TBL","3",
"2010-02-10","Edmonton Oilers","EDM","2","Anaheim Ducks","ANA","3",
"2010-02-10","San Jose Sharks","SJS","0","Columbus Blue Jackets","CBJ","3",
"2010-02-10","Atlanta Thrashers","ATL","3","Colorado Avalanche","COL","4",
"2010-02-10","Phoenix Coyotes","PHX","3","Minnesota Wild","MIN","2",
"2010-02-10","Washington Capitals","WSH","5","Montreal Canadiens","MTL","6",
"2010-02-10","Philadelphia Flyers","PHI","3","New Jersey Devils","NJD","2",
"2010-02-10","Nashville Predators","NSH","2","New York Rangers","NYR","1",
"2010-02-10","New York Islanders","NYI","1","Pittsburgh Penguins","PIT","3",
"2010-02-11","Buffalo Sabres","BUF","3","Carolina Hurricanes","CAR","4",
"2010-02-11","Dallas Stars","DAL","3","Calgary Flames","CGY","1",
"2010-02-11","San Jose Sharks","SJS","3","Detroit Red Wings","DET","2",
"2010-02-11","Vancouver Canucks","VAN","3","Florida Panthers","FLA","0",
"2010-02-11","Edmonton Oilers","EDM","3","Los Angeles Kings","LAK","2",
"2010-02-11","Washington Capitals","WSH","5","Ottawa Senators","OTT","6",
"2010-02-11","Boston Bruins","BOS","5","Tampa Bay Lightning","TBL","4",
"2010-02-12","Vancouver Canucks","VAN","4","Columbus Blue Jackets","CBJ","3",
"2010-02-12","Phoenix Coyotes","PHX","1","Colorado Avalanche","COL","2",
"2010-02-12","Atlanta Thrashers","ATL","3","Minnesota Wild","MIN","2",
"2010-02-12","Nashville Predators","NSH","2","New Jersey Devils","NJD","5",
"2010-02-12","Montreal Canadiens","MTL","2","Philadelphia Flyers","PHI","3",
"2010-02-12","New York Rangers","NYR","3","Pittsburgh Penguins","PIT","2",
"2010-02-12","Toronto Maple Leafs","TOR","0","St. Louis Blues","STL","4",
"2010-02-13","San Jose Sharks","SJS","1","Buffalo Sabres","BUF","3",
"2010-02-13","New Jersey Devils","NJD","2","Carolina Hurricanes","CAR","5",
"2010-02-13","Anaheim Ducks","ANA","1","Calgary Flames","CGY","3",
"2010-02-13","Atlanta Thrashers","ATL","4","Chicago Blackhawks","CHI","5",
"2010-02-13","Ottawa Senators","OTT","1","Detroit Red Wings","DET","4",
"2010-02-13","Boston Bruins","BOS","3","Florida Panthers","FLA","2",
"2010-02-13","Colorado Avalanche","COL","0","Los Angeles Kings","LAK","3",
"2010-02-13","Philadelphia Flyers","PHI","6","Montreal Canadiens","MTL","2",
"2010-02-13","Tampa Bay Lightning","TBL","4","New York Islanders","NYI","5",
"2010-02-13","Dallas Stars","DAL","3","Phoenix Coyotes","PHX","0",
"2010-02-13","Washington Capitals","WSH","3","St. Louis Blues","STL","4",
"2010-02-14","Chicago Blackhawks","CHI","5","Columbus Blue Jackets","CBJ","4",
"2010-02-14","Anaheim Ducks","ANA","7","Edmonton Oilers","EDM","3",
"2010-02-14","Vancouver Canucks","VAN","2","Minnesota Wild","MIN","6",
"2010-02-14","Ottawa Senators","OTT","4","New York Islanders","NYI","3",
"2010-02-14","Tampa Bay Lightning","TBL","2","New York Rangers","NYR","5",
"2010-02-14","Nashville Predators","NSH","4","Pittsburgh Penguins","PIT","3",
"2010-03-01","Detroit Red Wings","DET","3","Colorado Avalanche","COL","2",
"2010-03-02","Florida Panthers","FLA","2","Atlanta Thrashers","ATL","4",
"2010-03-02","Montreal Canadiens","MTL","4","Boston Bruins","BOS","1",
"2010-03-02","Vancouver Canucks","VAN","4","Columbus Blue Jackets","CBJ","3",
"2010-03-02","Los Angeles Kings","LAK","5","Dallas Stars","DAL","1",
"2010-03-02","Edmonton Oilers","EDM","3","Nashville Predators","NSH","4",
"2010-03-02","Chicago Blackhawks","CHI","3","New York Islanders","NYI","5",
"2010-03-02","New York Rangers","NYR","4","Ottawa Senators","OTT","1",
"2010-03-02","St. Louis Blues","STL","5","Phoenix Coyotes","PHX","2",
"2010-03-02","Buffalo Sabres","BUF","2","Pittsburgh Penguins","PIT","3",
"2010-03-02","New Jersey Devils","NJD","4","San Jose Sharks","SJS","3",
"2010-03-02","Philadelphia Flyers","PHI","7","Tampa Bay Lightning","TBL","2",
"2010-03-02","Carolina Hurricanes","CAR","5","Toronto Maple Leafs","TOR","1",
"2010-03-03","Colorado Avalanche","COL","4","Anaheim Ducks","ANA","3",
"2010-03-03","Washington Capitals","WSH","3","Buffalo Sabres","BUF","1",
"2010-03-03","Minnesota Wild","MIN","4","Calgary Flames","CGY","0",
"2010-03-03","Edmonton Oilers","EDM","2","Chicago Blackhawks","CHI","5",
"2010-03-03","Vancouver Canucks","VAN","6","Detroit Red Wings","DET","3",
"2010-03-03","Philadelphia Flyers","PHI","4","Florida Panthers","FLA","7",
"2010-03-04","New York Islanders","NYI","3","Atlanta Thrashers","ATL","6",
"2010-03-04","Toronto Maple Leafs","TOR","2","Boston Bruins","BOS","3",
"2010-03-04","Ottawa Senators","OTT","1","Carolina Hurricanes","CAR","4",
"2010-03-04","St. Louis Blues","STL","6","Dallas Stars","DAL","1",
"2010-03-04","Los Angeles Kings","LAK","2","Nashville Predators","NSH","4",
"2010-03-04","Pittsburgh Penguins","PIT","5","New York Rangers","NYR","4",
"2010-03-04","Colorado Avalanche","COL","1","Phoenix Coyotes","PHX","3",
"2010-03-04","Montreal Canadiens","MTL","2","San Jose Sharks","SJS","3",
"2010-03-04","Tampa Bay Lightning","TBL","4","Washington Capitals","WSH","5",
"2010-03-05","Philadelphia Flyers","PHI","2","Buffalo Sabres","BUF","3",
"2010-03-05","New Jersey Devils","NJD","3","Calgary Flames","CGY","5",
"2010-03-05","Vancouver Canucks","VAN","3","Chicago Blackhawks","CHI","6",
"2010-03-05","Nashville Predators","NSH","2","Detroit Red Wings","DET","5",
"2010-03-05","Minnesota Wild","MIN","1","Edmonton Oilers","EDM","2",
"2010-03-06","St. Louis Blues","STL","3","Colorado Avalanche","COL","7",
"2010-03-06","Carolina Hurricanes","CAR","1","Florida Panthers","FLA","4",
"2010-03-06","Montreal Canadiens","MTL","4","Los Angeles Kings","LAK","2",
"2010-03-06","Boston Bruins","BOS","3","New York Islanders","NYI","2",
"2010-03-06","Toronto Maple Leafs","TOR","2","Ottawa Senators","OTT","1",
"2010-03-06","Anaheim Ducks","ANA","0","Phoenix Coyotes","PHX","4",
"2010-03-06","Dallas Stars","DAL","3","Pittsburgh Penguins","PIT","6",
"2010-03-06","Columbus Blue Jackets","CBJ","1","San Jose Sharks","SJS","2",
"2010-03-06","Atlanta Thrashers","ATL","2","Tampa Bay Lightning","TBL","6",
"2010-03-06","New York Rangers","NYR","0","Washington Capitals","WSH","2",
"2010-03-07","Montreal Canadiens","MTL","4","Anaheim Ducks","ANA","3",
"2010-03-07","Carolina Hurricanes","CAR","4","Atlanta Thrashers","ATL","0",
"2010-03-07","Detroit Red Wings","DET","5","Chicago Blackhawks","CHI","4",
"2010-03-07","New Jersey Devils","NJD","0","Edmonton Oilers","EDM","2",
"2010-03-07","Calgary Flames","CGY","5","Minnesota Wild","MIN","2",
"2010-03-07","Vancouver Canucks","VAN","4","Nashville Predators","NSH","2",
"2010-03-07","Buffalo Sabres","BUF","2","New York Rangers","NYR","1",
"2010-03-07","Toronto Maple Leafs","TOR","1","Philadelphia Flyers","PHI","3",
"2010-03-07","Boston Bruins","BOS","1","Pittsburgh Penguins","PIT","2",
"2010-03-08","Columbus Blue Jackets","CBJ","0","Los Angeles Kings","LAK","6",
"2010-03-08","Dallas Stars","DAL","4","Washington Capitals","WSH","3",
"2010-03-09","Columbus Blue Jackets","CBJ","5","Anaheim Ducks","ANA","2",
"2010-03-09","Nashville Predators","NSH","2","Atlanta Thrashers","ATL","1",
"2010-03-09","Vancouver Canucks","VAN","6","Colorado Avalanche","COL","4",
"2010-03-09","Calgary Flames","CGY","4","Detroit Red Wings","DET","2",
"2010-03-09","Ottawa Senators","OTT","4","Edmonton Oilers","EDM","1",
"2010-03-09","Florida Panthers","FLA","3","Minnesota Wild","MIN","2",
"2010-03-09","Tampa Bay Lightning","TBL","3","Montreal Canadiens","MTL","5",
"2010-03-09","New York Islanders","NYI","2","Philadelphia Flyers","PHI","3",
"2010-03-09","Boston Bruins","BOS","3","Toronto Maple Leafs","TOR","4",
"2010-03-10","Dallas Stars","DAL","3","Buffalo Sabres","BUF","5",
"2010-03-10","Los Angeles Kings","LAK","2","Chicago Blackhawks","CHI","3",
"2010-03-10","New York Rangers","NYR","3","New Jersey Devils","NJD","6",
"2010-03-10","Vancouver Canucks","VAN","3","Phoenix Coyotes","PHX","4",
"2010-03-10","Carolina Hurricanes","CAR","3","Washington Capitals","WSH","4",
"2010-03-11","Pittsburgh Penguins","PIT","3","Carolina Hurricanes","CAR","4",
"2010-03-11","Atlanta Thrashers","ATL","1","Columbus Blue Jackets","CBJ","2",
"2010-03-11","Ottawa Senators","OTT","0","Calgary Flames","CGY","2",
"2010-03-11","Florida Panthers","FLA","0","Colorado Avalanche","COL","3",
"2010-03-11","Minnesota Wild","MIN","1","Detroit Red Wings","DET","5",
"2010-03-11","Edmonton Oilers","EDM","4","Montreal Canadiens","MTL","5",
"2010-03-11","St. Louis Blues","STL","2","New York Islanders","NYI","1",
"2010-03-11","Boston Bruins","BOS","5","Philadelphia Flyers","PHI","1",
"2010-03-11","Nashville Predators","NSH","5","San Jose Sharks","SJS","8",
"2010-03-11","Tampa Bay Lightning","TBL","3","Toronto Maple Leafs","TOR","4",
"2010-03-12","Nashville Predators","NSH","1","Anaheim Ducks","ANA","0",
"2010-03-12","New York Rangers","NYR","5","Atlanta Thrashers","ATL","2",
"2010-03-12","Minnesota Wild","MIN","3","Buffalo Sabres","BUF","2",
"2010-03-12","Los Angeles Kings","LAK","2","Dallas Stars","DAL","1",
"2010-03-12","Pittsburgh Penguins","PIT","1","New Jersey Devils","NJD","3",
"2010-03-12","Tampa Bay Lightning","TBL","3","Washington Capitals","WSH","2",
"2010-03-13","Phoenix Coyotes","PHX","4","Carolina Hurricanes","CAR","0",
"2010-03-13","St. Louis Blues","STL","5","Columbus Blue Jackets","CBJ","1",
"2010-03-13","Buffalo Sabres","BUF","2","Detroit Red Wings","DET","3",
"2010-03-13","Boston Bruins","BOS","2","Montreal Canadiens","MTL","3",
"2010-03-13","New Jersey Devils","NJD","2","New York Islanders","NYI","4",
"2010-03-13","Chicago Blackhawks","CHI","2","Philadelphia Flyers","PHI","3",
"2010-03-13","Florida Panthers","FLA","3","San Jose Sharks","SJS","2",
"2010-03-13","Edmonton Oilers","EDM","4","Toronto Maple Leafs","TOR","6",
"2010-03-13","Ottawa Senators","OTT","1","Vancouver Canucks","VAN","5",
"2010-03-14","San Jose Sharks","SJS","2","Anaheim Ducks","ANA","4",
"2010-03-14","Phoenix Coyotes","PHX","3","Atlanta Thrashers","ATL","2",
"2010-03-14","Washington Capitals","WSH","4","Chicago Blackhawks","CHI","3",
"2010-03-14","Colorado Avalanche","COL","5","Dallas Stars","DAL","3",
"2010-03-14","Nashville Predators","NSH","3","Los Angeles Kings","LAK","2",
"2010-03-14","St. Louis Blues","STL","2","Minnesota Wild","MIN","4",
"2010-03-14","Toronto Maple Leafs","TOR","1","New York Islanders","NYI","4",
"2010-03-14","Philadelphia Flyers","PHI","1","New York Rangers","NYR","3",
"2010-03-14","Pittsburgh Penguins","PIT","2","Tampa Bay Lightning","TBL","1",
"2010-03-14","Calgary Flames","CGY","1","Vancouver Canucks","VAN","3",
"2010-03-15","Edmonton Oilers","EDM","3","Columbus Blue Jackets","CBJ","5",
"2010-03-15","Detroit Red Wings","DET","2","Calgary Flames","CGY","1",
"2010-03-15","Boston Bruins","BOS","2","New Jersey Devils","NJD","3",
"2010-03-16","Buffalo Sabres","BUF","3","Atlanta Thrashers","ATL","4",
"2010-03-16","Boston Bruins","BOS","5","Carolina Hurricanes","CAR","2",
"2010-03-16","San Jose Sharks","SJS","2","Dallas Stars","DAL","8",
"2010-03-16","Washington Capitals","WSH","7","Florida Panthers","FLA","3",
"2010-03-16","Edmonton Oilers","EDM","2","Minnesota Wild","MIN","4",
"2010-03-16","Philadelphia Flyers","PHI","3","Nashville Predators","NSH","4",
"2010-03-16","Montreal Canadiens","MTL","3","New York Rangers","NYR","1",
"2010-03-16","Toronto Maple Leafs","TOR","4","Ottawa Senators","OTT","1",
"2010-03-16","Colorado Avalanche","COL","5","St. Louis Blues","STL","3",
"2010-03-16","Phoenix Coyotes","PHX","2","Tampa Bay Lightning","TBL","1",
"2010-03-16","New York Islanders","NYI","5","Vancouver Canucks","VAN","2",
"2010-03-17","Chicago Blackhawks","CHI","2","Anaheim Ducks","ANA","4",
"2010-03-17","Calgary Flames","CGY","3","Colorado Avalanche","COL","2",
"2010-03-17","Pittsburgh Penguins","PIT","2","New Jersey Devils","NJD","5",
"2010-03-18","Ottawa Senators","OTT","3","Atlanta Thrashers","ATL","6",
"2010-03-18","Pittsburgh Penguins","PIT","3","Boston Bruins","BOS","0",
"2010-03-18","Washington Capitals","WSH","3","Carolina Hurricanes","CAR","4",
"2010-03-18","Philadelphia Flyers","PHI","3","Dallas Stars","DAL","2",
"2010-03-18","Phoenix Coyotes","PHX","4","Florida Panthers","FLA","3",
"2010-03-18","Chicago Blackhawks","CHI","3","Los Angeles Kings","LAK","0",
"2010-03-18","Minnesota Wild","MIN","0","Nashville Predators","NSH","5",
"2010-03-18","St. Louis Blues","STL","4","New York Rangers","NYR","3",
"2010-03-18","Buffalo Sabres","BUF","6","Tampa Bay Lightning","TBL","2",
"2010-03-18","New Jersey Devils","NJD","1","Toronto Maple Leafs","TOR","2",
"2010-03-18","San Jose Sharks","SJS","2","Vancouver Canucks","VAN","3",
"2010-03-19","New York Islanders","NYI","4","Anaheim Ducks","ANA","5",
"2010-03-19","Minnesota Wild","MIN","2","Columbus Blue Jackets","CBJ","4",
"2010-03-19","San Jose Sharks","SJS","3","Calgary Flames","CGY","4",
"2010-03-19","Detroit Red Wings","DET","2","Edmonton Oilers","EDM","3",
"2010-03-20","Philadelphia Flyers","PHI","2","Atlanta Thrashers","ATL","5",
"2010-03-20","Ottawa Senators","OTT","4","Dallas Stars","DAL","5",
"2010-03-20","Buffalo Sabres","BUF","3","Florida Panthers","FLA","1",
"2010-03-20","New York Islanders","NYI","0","Los Angeles Kings","LAK","1",
"2010-03-20","St. Louis Blues","STL","1","New Jersey Devils","NJD","0",
"2010-03-20","Columbus Blue Jackets","CBJ","0","Nashville Predators","NSH","1",
"2010-03-20","Chicago Blackhawks","CHI","4","Phoenix Coyotes","PHX","5",
"2010-03-20","Carolina Hurricanes","CAR","3","Pittsburgh Penguins","PIT","2",
"2010-03-20","Washington Capitals","WSH","3","Tampa Bay Lightning","TBL","1",
"2010-03-20","Montreal Canadiens","MTL","2","Toronto Maple Leafs","TOR","3",
"2010-03-20","Detroit Red Wings","DET","4","Vancouver Canucks","VAN","3",
"2010-03-21","Colorado Avalanche","COL","2","Anaheim Ducks","ANA","5",
"2010-03-21","New York Rangers","NYR","1","Boston Bruins","BOS","2",
"2010-03-21","Buffalo Sabres","BUF","5","Carolina Hurricanes","CAR","3",
"2010-03-21","Phoenix Coyotes","PHX","3","Dallas Stars","DAL","2",
"2010-03-21","San Jose Sharks","SJS","1","Edmonton Oilers","EDM","5",
"2010-03-21","Tampa Bay Lightning","TBL","2","Florida Panthers","FLA","5",
"2010-03-21","Calgary Flames","CGY","3","Minnesota Wild","MIN","4",
"2010-03-21","Atlanta Thrashers","ATL","3","Philadelphia Flyers","PHI","1",
"2010-03-21","Nashville Predators","NSH","3","St. Louis Blues","STL","2",
"2010-03-22","Pittsburgh Penguins","PIT","1","Detroit Red Wings","DET","3",
"2010-03-22","Colorado Avalanche","COL","3","Los Angeles Kings","LAK","4",
"2010-03-22","Ottawa Senators","OTT","2","Montreal Canadiens","MTL","0",
"2010-03-23","Boston Bruins","BOS","4","Atlanta Thrashers","ATL","0",
"2010-03-23","Anaheim Ducks","ANA","1","Calgary Flames","CGY","3",
"2010-03-23","Phoenix Coyotes","PHX","0","Chicago Blackhawks","CHI","2",
"2010-03-23","Vancouver Canucks","VAN","2","Edmonton Oilers","EDM","3",
"2010-03-23","San Jose Sharks","SJS","4","Minnesota Wild","MIN","1",
"2010-03-23","Columbus Blue Jackets","CBJ","3","New Jersey Devils","NJD","6",
"2010-03-23","Dallas Stars","DAL","3","Nashville Predators","NSH","1",
"2010-03-23","Philadelphia Flyers","PHI","0","Ottawa Senators","OTT","2",
"2010-03-23","Carolina Hurricanes","CAR","2","Tampa Bay Lightning","TBL","3",
"2010-03-23","Florida Panthers","FLA","4","Toronto Maple Leafs","TOR","1",
"2010-03-24","Montreal Canadiens","MTL","2","Buffalo Sabres","BUF","3",
"2010-03-24","Los Angeles Kings","LAK","3","Colorado Avalanche","COL","4",
"2010-03-24","St. Louis Blues","STL","2","Detroit Red Wings","DET","4",
"2010-03-24","New York Islanders","NYI","0","New York Rangers","NYR","5",
"2010-03-24","Anaheim Ducks","ANA","1","Vancouver Canucks","VAN","4",
"2010-03-24","Pittsburgh Penguins","PIT","3","Washington Capitals","WSH","4",
"2010-03-25","Toronto Maple Leafs","TOR","2","Atlanta Thrashers","ATL","1",
"2010-03-25","Tampa Bay Lightning","TBL","5","Boston Bruins","BOS","3",
"2010-03-25","Washington Capitals","WSH","2","Carolina Hurricanes","CAR","3",
"2010-03-25","Chicago Blackhawks","CHI","3","Columbus Blue Jackets","CBJ","8",
"2010-03-25","Florida Panthers","FLA","1","Montreal Canadiens","MTL","4",
"2010-03-25","New York Rangers","NYR","4","New Jersey Devils","NJD","3",
"2010-03-25","Phoenix Coyotes","PHX","3","Nashville Predators","NSH","4",
"2010-03-25","Calgary Flames","CGY","2","New York Islanders","NYI","3",
"2010-03-25","Minnesota Wild","MIN","4","Philadelphia Flyers","PHI","3",
"2010-03-25","Dallas Stars","DAL","0","San Jose Sharks","SJS","3",
"2010-03-25","Los Angeles Kings","LAK","1","St. Louis Blues","STL","3",
"2010-03-26","Ottawa Senators","OTT","4","Buffalo Sabres","BUF","2",
"2010-03-26","Minnesota Wild","MIN","2","Detroit Red Wings","DET","6",
"2010-03-26","Anaheim Ducks","ANA","3","Edmonton Oilers","EDM","2",
"2010-03-27","Calgary Flames","CGY","0","Boston Bruins","BOS","5",
"2010-03-27","Tampa Bay Lightning","TBL","1","Buffalo Sabres","BUF","7",
"2010-03-27","Atlanta Thrashers","ATL","4","Carolina Hurricanes","CAR","0",
"2010-03-27","New York Islanders","NYI","4","Columbus Blue Jackets","CBJ","3",
"2010-03-27","Dallas Stars","DAL","4","Los Angeles Kings","LAK","1",
"2010-03-27","New Jersey Devils","NJD","4","Montreal Canadiens","MTL","2",
"2010-03-27","Detroit Red Wings","DET","1","Nashville Predators","NSH","0",
"2010-03-27","Florida Panthers","FLA","2","Ottawa Senators","OTT","3",
"2010-03-27","Colorado Avalanche","COL","2","Phoenix Coyotes","PHX","6",
"2010-03-27","Philadelphia Flyers","PHI","1","Pittsburgh Penguins","PIT","4",
"2010-03-27","Vancouver Canucks","VAN","2","San Jose Sharks","SJS","4",
"2010-03-27","New York Rangers","NYR","2","Toronto Maple Leafs","TOR","3",
"2010-03-28","Columbus Blue Jackets","CBJ","4","Chicago Blackhawks","CHI","2",
"2010-03-28","New Jersey Devils","NJD","1","Philadelphia Flyers","PHI","5",
"2010-03-28","Toronto Maple Leafs","TOR","4","Pittsburgh Penguins","PIT","5",
"2010-03-28","Colorado Avalanche","COL","3","San Jose Sharks","SJS","4",
"2010-03-28","Edmonton Oilers","EDM","1","St. Louis Blues","STL","2",
"2010-03-28","Calgary Flames","CGY","5","Washington Capitals","WSH","3",
"2010-03-29","Dallas Stars","DAL","1","Anaheim Ducks","ANA","3",
"2010-03-29","Carolina Hurricanes","CAR","4","Atlanta Thrashers","ATL","1",
"2010-03-29","Buffalo Sabres","BUF","3","Boston Bruins","BOS","2",
"2010-03-29","Nashville Predators","NSH","3","Florida Panthers","FLA","2",
"2010-03-29","Los Angeles Kings","LAK","2","Minnesota Wild","MIN","3",
"2010-03-30","Tampa Bay Lightning","TBL","2","Columbus Blue Jackets","CBJ","3",
"2010-03-30","Edmonton Oilers","EDM","4","Detroit Red Wings","DET","5",
"2010-03-30","Boston Bruins","BOS","1","New Jersey Devils","NJD","0",
"2010-03-30","Los Angeles Kings","LAK","2","Nashville Predators","NSH","0",
"2010-03-30","New York Rangers","NYR","4","New York Islanders","NYI","3",
"2010-03-30","Chicago Blackhawks","CHI","2","St. Louis Blues","STL","4",
"2010-03-30","Atlanta Thrashers","ATL","3","Toronto Maple Leafs","TOR","2",
"2010-03-30","Phoenix Coyotes","PHX","1","Vancouver Canucks","VAN","4",
"2010-03-30","Ottawa Senators","OTT","5","Washington Capitals","WSH","4",
"2010-03-31","Florida Panthers","FLA","2","Buffalo Sabres","BUF","6",
"2010-03-31","Phoenix Coyotes","PHX","1","Calgary Flames","CGY","2",
"2010-03-31","Anaheim Ducks","ANA","5","Colorado Avalanche","COL","2",
"2010-03-31","San Jose Sharks","SJS","1","Dallas Stars","DAL","5",
"2010-03-31","Chicago Blackhawks","CHI","4","Minnesota Wild","MIN","0",
"2010-03-31","Carolina Hurricanes","CAR","2","Montreal Canadiens","MTL","1",
"2010-03-31","Tampa Bay Lightning","TBL","2","Pittsburgh Penguins","PIT","0",
"2010-04-01","Florida Panthers","FLA","1","Boston Bruins","BOS","0",
"2010-04-01","Columbus Blue Jackets","CBJ","2","Detroit Red Wings","DET","3",
"2010-04-01","Vancouver Canucks","VAN","3","Los Angeles Kings","LAK","8",
"2010-04-01","St. Louis Blues","STL","2","Nashville Predators","NSH","3",
"2010-04-01","Philadelphia Flyers","PHI","4","New York Islanders","NYI","6",
"2010-04-01","Carolina Hurricanes","CAR","3","Ottawa Senators","OTT","4",
"2010-04-01","Buffalo Sabres","BUF","2","Toronto Maple Leafs","TOR","4",
"2010-04-01","Atlanta Thrashers","ATL","1","Washington Capitals","WSH","2",
"2010-04-02","Vancouver Canucks","VAN","5","Anaheim Ducks","ANA","4",
"2010-04-02","Calgary Flames","CGY","2","Colorado Avalanche","COL","1",
"2010-04-02","Edmonton Oilers","EDM","3","Dallas Stars","DAL","6",
"2010-04-02","San Jose Sharks","SJS","3","Minnesota Wild","MIN","2",
"2010-04-02","Chicago Blackhawks","CHI","2","New Jersey Devils","NJD","1",
"2010-04-02","Montreal Canadiens","MTL","1","Philadelphia Flyers","PHI","0",
"2010-04-02","New York Rangers","NYR","5","Tampa Bay Lightning","TBL","0",
"2010-04-03","New Jersey Devils","NJD","4","Carolina Hurricanes","CAR","0",
"2010-04-03","Washington Capitals","WSH","3","Columbus Blue Jackets","CBJ","2",
"2010-04-03","Nashville Predators","NSH","4","Detroit Red Wings","DET","3",
"2010-04-03","New York Rangers","NYR","4","Florida Panthers","FLA","1",
"2010-04-03","Anaheim Ducks","ANA","2","Los Angeles Kings","LAK","1",
"2010-04-03","Buffalo Sabres","BUF","0","Montreal Canadiens","MTL","3",
"2010-04-03","Ottawa Senators","OTT","1","New York Islanders","NYI","4",
"2010-04-03","Edmonton Oilers","EDM","2","Phoenix Coyotes","PHX","3",
"2010-04-03","Atlanta Thrashers","ATL","3","Pittsburgh Penguins","PIT","4",
"2010-04-03","Dallas Stars","DAL","1","St. Louis Blues","STL","2",
"2010-04-03","Boston Bruins","BOS","2","Toronto Maple Leafs","TOR","1",
"2010-04-04","Calgary Flames","CGY","1","Chicago Blackhawks","CHI","4",
"2010-04-04","San Jose Sharks","SJS","4","Colorado Avalanche","COL","5",
"2010-04-04","Detroit Red Wings","DET","3","Philadelphia Flyers","PHI","4",
"2010-04-04","Minnesota Wild","MIN","3","Vancouver Canucks","VAN","4",
"2010-04-05","Minnesota Wild","MIN","1","Edmonton Oilers","EDM","4",
"2010-04-05","Columbus Blue Jackets","CBJ","1","St. Louis Blues","STL","2",
"2010-04-05","Boston Bruins","BOS","2","Washington Capitals","WSH","3",
"2010-04-06","Los Angeles Kings","LAK","5","Anaheim Ducks","ANA","4",
"2010-04-06","New Jersey Devils","NJD","3","Atlanta Thrashers","ATL","0",
"2010-04-06","New York Rangers","NYR","2","Buffalo Sabres","BUF","5",
"2010-04-06","San Jose Sharks","SJS","2","Calgary Flames","CGY","1",
"2010-04-06","Chicago Blackhawks","CHI","5","Dallas Stars","DAL","2",
"2010-04-06","Ottawa Senators","OTT","5","Florida Panthers","FLA","2",
"2010-04-06","Montreal Canadiens","MTL","3","New York Islanders","NYI","4",
"2010-04-06","Washington Capitals","WSH","6","Pittsburgh Penguins","PIT","3",
"2010-04-06","Carolina Hurricanes","CAR","8","Tampa Bay Lightning","TBL","5",
"2010-04-06","Philadelphia Flyers","PHI","2","Toronto Maple Leafs","TOR","0",
"2010-04-06","Colorado Avalanche","COL","4","Vancouver Canucks","VAN","3",
"2010-04-07","St. Louis Blues","STL","5","Chicago Blackhawks","CHI","6",
"2010-04-07","Columbus Blue Jackets","CBJ","3","Detroit Red Wings","DET","4",
"2010-04-07","Colorado Avalanche","COL","4","Edmonton Oilers","EDM","5",
"2010-04-07","Toronto Maple Leafs","TOR","1","New York Rangers","NYR","5",
"2010-04-07","Nashville Predators","NSH","2","Phoenix Coyotes","PHX","5",
"2010-04-08","Buffalo Sabres","BUF","1","Boston Bruins","BOS","3",
"2010-04-08","Montreal Canadiens","MTL","2","Carolina Hurricanes","CAR","5",
"2010-04-08","Minnesota Wild","MIN","2","Calgary Flames","CGY","1",
"2010-04-08","Anaheim Ducks","ANA","2","Dallas Stars","DAL","3",
"2010-04-08","New Jersey Devils","NJD","2","Florida Panthers","FLA","3",
"2010-04-08","Phoenix Coyotes","PHX","3","Los Angeles Kings","LAK","2",
"2010-04-08","New York Islanders","NYI","3","Pittsburgh Penguins","PIT","7",
"2010-04-08","Vancouver Canucks","VAN","2","San Jose Sharks","SJS","4",
"2010-04-08","Ottawa Senators","OTT","3","Tampa Bay Lightning","TBL","4",
"2010-04-09","Detroit Red Wings","DET","1","Columbus Blue Jackets","CBJ","0",
"2010-04-09","Chicago Blackhawks","CHI","5","Colorado Avalanche","COL","2",
"2010-04-09","Philadelphia Flyers","PHI","3","New York Rangers","NYR","4",
"2010-04-09","Anaheim Ducks","ANA","3","St. Louis Blues","STL","6",
"2010-04-09","Atlanta Thrashers","ATL","2","Washington Capitals","WSH","5",
"2010-04-10","Pittsburgh Penguins","PIT","0","Atlanta Thrashers","ATL","1",
"2010-04-10","Carolina Hurricanes","CAR","2","Boston Bruins","BOS","4",
"2010-04-10","Edmonton Oilers","EDM","4","Los Angeles Kings","LAK","3",
"2010-04-10","Dallas Stars","DAL","4","Minnesota Wild","MIN","3",
"2010-04-10","Toronto Maple Leafs","TOR","4","Montreal Canadiens","MTL","3",
"2010-04-10","New York Islanders","NYI","1","New Jersey Devils","NJD","7",
"2010-04-10","St. Louis Blues","STL","1","Nashville Predators","NSH","2",
"2010-04-10","Buffalo Sabres","BUF","5","Ottawa Senators","OTT","2",
"2010-04-10","Phoenix Coyotes","PHX","2","San Jose Sharks","SJS","3",
"2010-04-10","Florida Panthers","FLA","3","Tampa Bay Lightning","TBL","4",
"2010-04-10","Calgary Flames","CGY","3","Vancouver Canucks","VAN","7",
"2010-04-11","Edmonton Oilers","EDM","2","Anaheim Ducks","ANA","7",
"2010-04-11","Detroit Red Wings","DET","3","Chicago Blackhawks","CHI","2",
"2010-04-11","Los Angeles Kings","LAK","2","Colorado Avalanche","COL","1",
"2010-04-11","Tampa Bay Lightning","TBL","3","Florida Panthers","FLA","1",
"2010-04-11","Buffalo Sabres","BUF","1","New Jersey Devils","NJD","2",
"2010-04-11","Pittsburgh Penguins","PIT","6","New York Islanders","NYI","5",
"2010-04-11","New York Rangers","NYR","1","Philadelphia Flyers","PHI","2",
"2010-04-11","Boston Bruins","BOS","4","Washington Capitals","WSH","3",
