date,vistor,vistorAbrv,vistorGoals,home,homeAbrv,homeGoals,notes
"2005-10-05","Montreal Canadiens","MTL","2","Boston Bruins","BOS","1",
"2005-10-05","New York Islanders","NYI","4","Buffalo Sabres","BUF","6",
"2005-10-05","Mighty Ducks of Anaheim","MDA","5","Chicago Blackhawks","CHI","3",
"2005-10-05","Los Angeles Kings","LAK","4","Dallas Stars","DAL","5",
"2005-10-05","St. Louis Blues","STL","1","Detroit Red Wings","DET","5",
"2005-10-05","Colorado Avalanche","COL","3","Edmonton Oilers","EDM","4",
"2005-10-05","Atlanta Thrashers","ATL","0","Florida Panthers","FLA","2",
"2005-10-05","Calgary Flames","CGY","3","Minnesota Wild","MIN","6",
"2005-10-05","Pittsburgh Penguins","PIT","1","New Jersey Devils","NJD","5",
"2005-10-05","San Jose Sharks","SJS","2","Nashville Predators","NSH","3",
"2005-10-05","New York Rangers","NYR","5","Philadelphia Flyers","PHI","3",
"2005-10-05","Carolina Hurricanes","CAR","2","Tampa Bay Lightning","TBL","5",
"2005-10-05","Ottawa Senators","OTT","3","Toronto Maple Leafs","TOR","2",
"2005-10-05","Phoenix Coyotes","PHX","2","Vancouver Canucks","VAN","3",
"2005-10-05","Columbus Blue Jackets","CBJ","2","Washington Capitals","WSH","3",
"2005-10-06","Phoenix Coyotes","PHX","2","Los Angeles Kings","LAK","3",
"2005-10-06","Montreal Canadiens","MTL","4","New York Rangers","NYR","3",
"2005-10-06","Detroit Red Wings","DET","4","St. Louis Blues","STL","3",
"2005-10-07","Boston Bruins","BOS","1","Buffalo Sabres","BUF","4",
"2005-10-07","Pittsburgh Penguins","PIT","2","Carolina Hurricanes","CAR","3",
"2005-10-07","Calgary Flames","CGY","3","Columbus Blue Jackets","CBJ","1",
"2005-10-07","San Jose Sharks","SJS","3","Chicago Blackhawks","CHI","6",
"2005-10-07","Tampa Bay Lightning","TBL","0","Florida Panthers","FLA","2",
"2005-10-07","New Jersey Devils","NJD","2","Philadelphia Flyers","PHI","5",
"2005-10-07","Atlanta Thrashers","ATL","7","Washington Capitals","WSH","3",
"2005-10-08","Washington Capitals","WSH","1","Atlanta Thrashers","ATL","8",
"2005-10-08","Colorado Avalanche","COL","3","Dallas Stars","DAL","2",
"2005-10-08","Vancouver Canucks","VAN","3","Edmonton Oilers","EDM","4",
"2005-10-08","New York Rangers","NYR","2","New Jersey Devils","NJD","3",
"2005-10-08","Mighty Ducks of Anaheim","MDA","2","Nashville Predators","NSH","3",
"2005-10-08","Carolina Hurricanes","CAR","2","New York Islanders","NYI","3",
"2005-10-08","Buffalo Sabres","BUF","0","Ottawa Senators","OTT","5",
"2005-10-08","Minnesota Wild","MIN","1","Phoenix Coyotes","PHX","2",
"2005-10-08","Boston Bruins","BOS","7","Pittsburgh Penguins","PIT","6",
"2005-10-08","San Jose Sharks","SJS","7","St. Louis Blues","STL","6",
"2005-10-08","Florida Panthers","FLA","1","Tampa Bay Lightning","TBL","2",
"2005-10-08","Montreal Canadiens","MTL","5","Toronto Maple Leafs","TOR","4",
"2005-10-09","Columbus Blue Jackets","CBJ","3","Chicago Blackhawks","CHI","2",
"2005-10-09","Calgary Flames","CGY","3","Detroit Red Wings","DET","6",
"2005-10-09","Minnesota Wild","MIN","1","Los Angeles Kings","LAK","2",
"2005-10-10","Pittsburgh Penguins","PIT","2","Buffalo Sabres","BUF","3",
"2005-10-10","Calgary Flames","CGY","3","Colorado Avalanche","COL","7",
"2005-10-10","Vancouver Canucks","VAN","4","Detroit Red Wings","DET","2",
"2005-10-10","Edmonton Oilers","EDM","4","Mighty Ducks of Anaheim","MDA","2",
"2005-10-10","Florida Panthers","FLA","3","New York Islanders","NYI","1",
"2005-10-10","Toronto Maple Leafs","TOR","5","Ottawa Senators","OTT","6",
"2005-10-10","Boston Bruins","BOS","4","Tampa Bay Lightning","TBL","2",
"2005-10-10","New York Rangers","NYR","2","Washington Capitals","WSH","3",
"2005-10-11","Phoenix Coyotes","PHX","2","Dallas Stars","DAL","3",
"2005-10-11","Edmonton Oilers","EDM","1","Los Angeles Kings","LAK","3",
"2005-10-11","Ottawa Senators","OTT","4","Montreal Canadiens","MTL","2",
"2005-10-11","Chicago Blackhawks","CHI","1","St. Louis Blues","STL","4",
"2005-10-11","Philadelphia Flyers","PHI","2","Toronto Maple Leafs","TOR","4",
"2005-10-12","Montreal Canadiens","MTL","2","Atlanta Thrashers","ATL","0",
"2005-10-12","Washington Capitals","WSH","2","Carolina Hurricanes","CAR","7",
"2005-10-12","Nashville Predators","NSH","5","Colorado Avalanche","COL","4",
"2005-10-12","Vancouver Canucks","VAN","0","Minnesota Wild","MIN","6",
"2005-10-12","Columbus Blue Jackets","CBJ","1","San Jose Sharks","SJS","4",
"2005-10-13","Dallas Stars","DAL","3","Calgary Flames","CGY","2",
"2005-10-13","Boston Bruins","BOS","5","Florida Panthers","FLA","2",
"2005-10-13","Detroit Red Wings","DET","5","Los Angeles Kings","LAK","2",
"2005-10-13","New Jersey Devils","NJD","1","New York Rangers","NYR","4",
"2005-10-13","Nashville Predators","NSH","5","Phoenix Coyotes","PHX","4",
"2005-10-13","Buffalo Sabres","BUF","4","Tampa Bay Lightning","TBL","3",
"2005-10-13","New York Islanders","NYI","5","Washington Capitals","WSH","3",
"2005-10-14","Toronto Maple Leafs","TOR","9","Atlanta Thrashers","ATL","1",
"2005-10-14","Chicago Blackhawks","CHI","3","Colorado Avalanche","COL","2",
"2005-10-14","Dallas Stars","DAL","3","Edmonton Oilers","EDM","2",
"2005-10-14","Columbus Blue Jackets","CBJ","3","Mighty Ducks of Anaheim","MDA","4",
"2005-10-14","Vancouver Canucks","VAN","5","Minnesota Wild","MIN","3",
"2005-10-14","Pittsburgh Penguins","PIT","5","Philadelphia Flyers","PHI","6",
"2005-10-15","Edmonton Oilers","EDM","0","Calgary Flames","CGY","3",
"2005-10-15","Buffalo Sabres","BUF","2","Florida Panthers","FLA","3",
"2005-10-15","Toronto Maple Leafs","TOR","3","Montreal Canadiens","MTL","2",
"2005-10-15","Carolina Hurricanes","CAR","6","New Jersey Devils","NJD","1",
"2005-10-15","Atlanta Thrashers","ATL","1","New York Rangers","NYR","5",
"2005-10-15","Boston Bruins","BOS","1","Ottawa Senators","OTT","5",
"2005-10-15","New York Islanders","NYI","1","Philadelphia Flyers","PHI","5",
"2005-10-15","Detroit Red Wings","DET","2","Phoenix Coyotes","PHX","0",
"2005-10-15","Tampa Bay Lightning","TBL","3","Pittsburgh Penguins","PIT","1",
"2005-10-15","Chicago Blackhawks","CHI","3","San Jose Sharks","SJS","4",
"2005-10-15","Nashville Predators","NSH","4","St. Louis Blues","STL","1",
"2005-10-16","Columbus Blue Jackets","CBJ","1","Los Angeles Kings","LAK","3",
"2005-10-16","Mighty Ducks of Anaheim","MDA","1","Minnesota Wild","MIN","4",
"2005-10-16","Dallas Stars","DAL","2","Vancouver Canucks","VAN","5",
"2005-10-16","Tampa Bay Lightning","TBL","2","Washington Capitals","WSH","3",
"2005-10-17","Phoenix Coyotes","PHX","2","Calgary Flames","CGY","0",
"2005-10-17","San Jose Sharks","SJS","2","Detroit Red Wings","DET","3",
"2005-10-17","Florida Panthers","FLA","0","New York Rangers","NYR","4",
"2005-10-18","Phoenix Coyotes","PHX","4","Edmonton Oilers","EDM","3",
"2005-10-18","Boston Bruins","BOS","3","Montreal Canadiens","MTL","4",
"2005-10-18","Florida Panthers","FLA","3","New Jersey Devils","NJD","4",
"2005-10-18","Chicago Blackhawks","CHI","2","Vancouver Canucks","VAN","6",
"2005-10-19","Los Angeles Kings","LAK","5","Colorado Avalanche","COL","4",
"2005-10-19","San Jose Sharks","SJS","1","Minnesota Wild","MIN","6",
"2005-10-19","New York Islanders","NYI","3","New York Rangers","NYR","2",
"2005-10-19","Mighty Ducks of Anaheim","MDA","2","St. Louis Blues","STL","3",
"2005-10-20","Tampa Bay Lightning","TBL","6","Atlanta Thrashers","ATL","0",
"2005-10-20","Buffalo Sabres","BUF","4","Boston Bruins","BOS","3",
"2005-10-20","Edmonton Oilers","EDM","1","Calgary Flames","CGY","3",
"2005-10-20","Los Angeles Kings","LAK","7","Dallas Stars","DAL","2",
"2005-10-20","Washington Capitals","WSH","2","Florida Panthers","FLA","3",
"2005-10-20","St. Louis Blues","STL","2","Nashville Predators","NSH","3",
"2005-10-20","New York Rangers","NYR","4","New York Islanders","NYI","5",
"2005-10-20","New Jersey Devils","NJD","6","Pittsburgh Penguins","PIT","3",
"2005-10-20","Carolina Hurricanes","CAR","4","Toronto Maple Leafs","TOR","5",
"2005-10-20","Phoenix Coyotes","PHX","2","Vancouver Canucks","VAN","3",
"2005-10-21","San Jose Sharks","SJS","1","Columbus Blue Jackets","CBJ","4",
"2005-10-21","Mighty Ducks of Anaheim","MDA","2","Detroit Red Wings","DET","3",
"2005-10-21","Colorado Avalanche","COL","7","Edmonton Oilers","EDM","1",
"2005-10-21","Ottawa Senators","OTT","4","Tampa Bay Lightning","TBL","1",
"2005-10-22","New Jersey Devils","NJD","3","Atlanta Thrashers","ATL","4",
"2005-10-22","Pittsburgh Penguins","PIT","3","Boston Bruins","BOS","6",
"2005-10-22","New York Rangers","NYR","1","Buffalo Sabres","BUF","3",
"2005-10-22","Detroit Red Wings","DET","6","Columbus Blue Jackets","CBJ","0",
"2005-10-22","Calgary Flames","CGY","1","Dallas Stars","DAL","2",
"2005-10-22","New York Islanders","NYI","3","Montreal Canadiens","MTL","4",
"2005-10-22","San Jose Sharks","SJS","1","Nashville Predators","NSH","2",
"2005-10-22","Minnesota Wild","MIN","3","St. Louis Blues","STL","2",
"2005-10-22","Philadelphia Flyers","PHI","5","Toronto Maple Leafs","TOR","2",
"2005-10-22","Colorado Avalanche","COL","4","Vancouver Canucks","VAN","6",
"2005-10-22","Carolina Hurricanes","CAR","4","Washington Capitals","WSH","0",
"2005-10-23","Minnesota Wild","MIN","2","Chicago Blackhawks","CHI","4",
"2005-10-23","Calgary Flames","CGY","3","Los Angeles Kings","LAK","2",
"2005-10-23","Phoenix Coyotes","PHX","3","Mighty Ducks of Anaheim","MDA","5",
"2005-10-24","Ottawa Senators","OTT","2","Carolina Hurricanes","CAR","3",
"2005-10-24","Detroit Red Wings","DET","6","Columbus Blue Jackets","CBJ","2",
"2005-10-24","Boston Bruins","BOS","4","Toronto Maple Leafs","TOR","5",
"2005-10-25","Edmonton Oilers","EDM","3","Colorado Avalanche","COL","5",
"2005-10-25","Mighty Ducks of Anaheim","MDA","1","Los Angeles Kings","LAK","3",
"2005-10-25","Vancouver Canucks","VAN","3","Minnesota Wild","MIN","1",
"2005-10-25","Philadelphia Flyers","PHI","2","Montreal Canadiens","MTL","3",
"2005-10-25","Chicago Blackhawks","CHI","3","Nashville Predators","NSH","5",
"2005-10-25","Atlanta Thrashers","ATL","3","New York Islanders","NYI","4",
"2005-10-25","St. Louis Blues","STL","4","Phoenix Coyotes","PHX","5",
"2005-10-25","Florida Panthers","FLA","4","Pittsburgh Penguins","PIT","3",
"2005-10-26","Washington Capitals","WSH","3","Buffalo Sabres","BUF","2","at Rochester, NY"
"2005-10-26","Boston Bruins","BOS","3","Carolina Hurricanes","CAR","4",
"2005-10-26","Nashville Predators","NSH","2","Columbus Blue Jackets","CBJ","3",
"2005-10-26","San Jose Sharks","SJS","5","Dallas Stars","DAL","4",
"2005-10-26","Calgary Flames","CGY","1","Mighty Ducks of Anaheim","MDA","4",
"2005-10-26","Tampa Bay Lightning","TBL","6","New Jersey Devils","NJD","3",
"2005-10-27","Toronto Maple Leafs","TOR","1","Boston Bruins","BOS","2",
"2005-10-27","Vancouver Canucks","VAN","2","Colorado Avalanche","COL","6",
"2005-10-27","Chicago Blackhawks","CHI","2","Detroit Red Wings","DET","5",
"2005-10-27","New York Islanders","NYI","1","New York Rangers","NYR","3",
"2005-10-27","Montreal Canadiens","MTL","3","Ottawa Senators","OTT","4",
"2005-10-27","Florida Panthers","FLA","4","Philadelphia Flyers","PHI","5",
"2005-10-27","Calgary Flames","CGY","2","Phoenix Coyotes","PHX","3",
"2005-10-27","Atlanta Thrashers","ATL","5","Pittsburgh Penguins","PIT","7",
"2005-10-28","Philadelphia Flyers","PHI","6","Carolina Hurricanes","CAR","8",
"2005-10-28","Minnesota Wild","MIN","1","Columbus Blue Jackets","CBJ","2",
"2005-10-28","Edmonton Oilers","EDM","5","Dallas Stars","DAL","3",
"2005-10-28","San Jose Sharks","SJS","5","Los Angeles Kings","LAK","4",
"2005-10-28","St. Louis Blues","STL","4","Mighty Ducks of Anaheim","MDA","6",
"2005-10-28","Buffalo Sabres","BUF","2","New Jersey Devils","NJD","3",
"2005-10-28","Washington Capitals","WSH","2","Tampa Bay Lightning","TBL","4",
"2005-10-29","Tampa Bay Lightning","TBL","3","Atlanta Thrashers","ATL","2",
"2005-10-29","New Jersey Devils","NJD","5","Boston Bruins","BOS","4",
"2005-10-29","Detroit Red Wings","DET","4","Chicago Blackhawks","CHI","2",
"2005-10-29","Vancouver Canucks","VAN","3","Colorado Avalanche","COL","4",
"2005-10-29","St. Louis Blues","STL","2","Los Angeles Kings","LAK","5",
"2005-10-29","Columbus Blue Jackets","CBJ","1","Minnesota Wild","MIN","3",
"2005-10-29","New York Rangers","NYR","5","Montreal Canadiens","MTL","2",
"2005-10-29","Edmonton Oilers","EDM","5","Nashville Predators","NSH","1",
"2005-10-29","Buffalo Sabres","BUF","6","New York Islanders","NYI","4",
"2005-10-29","Dallas Stars","DAL","5","Phoenix Coyotes","PHX","3",
"2005-10-29","Carolina Hurricanes","CAR","5","Pittsburgh Penguins","PIT","3",
"2005-10-29","Calgary Flames","CGY","2","San Jose Sharks","SJS","3",
"2005-10-29","Ottawa Senators","OTT","8","Toronto Maple Leafs","TOR","0",
"2005-10-30","Phoenix Coyotes","PHX","2","Mighty Ducks of Anaheim","MDA","3",
"2005-10-30","Philadelphia Flyers","PHI","5","Ottawa Senators","OTT","3",
"2005-10-31","Montreal Canadiens","MTL","4","New York Rangers","NYR","1",
"2005-10-31","Florida Panthers","FLA","1","Toronto Maple Leafs","TOR","2",
"2005-11-01","Minnesota Wild","MIN","0","Calgary Flames","CGY","3",
"2005-11-01","Chicago Blackhawks","CHI","1","Detroit Red Wings","DET","4",
"2005-11-01","Columbus Blue Jackets","CBJ","1","Edmonton Oilers","EDM","5",
"2005-11-01","Nashville Predators","NSH","1","Mighty Ducks of Anaheim","MDA","4",
"2005-11-01","Florida Panthers","FLA","4","Montreal Canadiens","MTL","5",
"2005-11-01","Pittsburgh Penguins","PIT","4","New Jersey Devils","NJD","3",
"2005-11-01","Boston Bruins","BOS","3","New York Islanders","NYI","4",
"2005-11-01","Atlanta Thrashers","ATL","6","Tampa Bay Lightning","TBL","4",
"2005-11-02","Ottawa Senators","OTT","10","Buffalo Sabres","BUF","4",
"2005-11-02","Los Angeles Kings","LAK","6","Dallas Stars","DAL","3",
"2005-11-02","Nashville Predators","NSH","2","San Jose Sharks","SJS","3",
"2005-11-02","Chicago Blackhawks","CHI","6","St. Louis Blues","STL","5",
"2005-11-02","Minnesota Wild","MIN","1","Vancouver Canucks","VAN","2",
"2005-11-03","Florida Panthers","FLA","1","Boston Bruins","BOS","4",
"2005-11-03","Toronto Maple Leafs","TOR","3","Carolina Hurricanes","CAR","4",
"2005-11-03","Columbus Blue Jackets","CBJ","1","Calgary Flames","CGY","2",
"2005-11-03","Mighty Ducks of Anaheim","MDA","3","Colorado Avalanche","COL","4",
"2005-11-03","Edmonton Oilers","EDM","4","Detroit Red Wings","DET","3",
"2005-11-03","New York Rangers","NYR","4","New Jersey Devils","NJD","2",
"2005-11-03","Pittsburgh Penguins","PIT","5","New York Islanders","NYI","1",
"2005-11-03","Tampa Bay Lightning","TBL","2","Ottawa Senators","OTT","4",
"2005-11-03","Washington Capitals","WSH","1","Philadelphia Flyers","PHI","8",
"2005-11-03","Los Angeles Kings","LAK","0","Phoenix Coyotes","PHX","4",
"2005-11-04","Montreal Canadiens","MTL","3","Buffalo Sabres","BUF","2",
"2005-11-04","Chicago Blackhawks","CHI","1","Dallas Stars","DAL","9",
"2005-11-04","San Jose Sharks","SJS","1","Mighty Ducks of Anaheim","MDA","0",
"2005-11-04","Edmonton Oilers","EDM","7","St. Louis Blues","STL","2",
"2005-11-04","Columbus Blue Jackets","CBJ","3","Vancouver Canucks","VAN","5",
"2005-11-04","Atlanta Thrashers","ATL","2","Washington Capitals","WSH","3",
"2005-11-05","Pittsburgh Penguins","PIT","3","Boston Bruins","BOS","6",
"2005-11-05","Florida Panthers","FLA","0","Carolina Hurricanes","CAR","2",
"2005-11-05","Vancouver Canucks","VAN","0","Calgary Flames","CGY","1",
"2005-11-05","Dallas Stars","DAL","3","Colorado Avalanche","COL","2",
"2005-11-05","Phoenix Coyotes","PHX","4","Detroit Red Wings","DET","1",
"2005-11-05","Nashville Predators","NSH","2","Los Angeles Kings","LAK","3",
"2005-11-05","Buffalo Sabres","BUF","2","Montreal Canadiens","MTL","3",
"2005-11-05","New Jersey Devils","NJD","2","New York Rangers","NYR","3",
"2005-11-05","New York Islanders","NYI","0","Ottawa Senators","OTT","6",
"2005-11-05","Atlanta Thrashers","ATL","3","Philadelphia Flyers","PHI","4",
"2005-11-05","Minnesota Wild","MIN","3","San Jose Sharks","SJS","1",
"2005-11-05","Tampa Bay Lightning","TBL","3","Toronto Maple Leafs","TOR","5",
"2005-11-06","Phoenix Coyotes","PHX","1","Chicago Blackhawks","CHI","2",
"2005-11-06","Minnesota Wild","MIN","4","Mighty Ducks of Anaheim","MDA","3",
"2005-11-06","Detroit Red Wings","DET","4","St. Louis Blues","STL","1",
"2005-11-06","Toronto Maple Leafs","TOR","4","Washington Capitals","WSH","5",
"2005-11-07","Vancouver Canucks","VAN","3","Calgary Flames","CGY","4",
"2005-11-07","Edmonton Oilers","EDM","0","Dallas Stars","DAL","4",
"2005-11-07","Pittsburgh Penguins","PIT","3","New York Rangers","NYR","2",
"2005-11-08","San Jose Sharks","SJS","2","Colorado Avalanche","COL","5",
"2005-11-08","Phoenix Coyotes","PHX","4","Minnesota Wild","MIN","2",
"2005-11-08","Tampa Bay Lightning","TBL","2","Montreal Canadiens","MTL","3",
"2005-11-08","New York Islanders","NYI","4","New Jersey Devils","NJD","1",
"2005-11-08","Edmonton Oilers","EDM","2","Nashville Predators","NSH","3",
"2005-11-08","Boston Bruins","BOS","3","Philadelphia Flyers","PHI","4",
"2005-11-08","Washington Capitals","WSH","4","Toronto Maple Leafs","TOR","6",
"2005-11-09","Pittsburgh Penguins","PIT","0","Atlanta Thrashers","ATL","5",
"2005-11-09","Carolina Hurricanes","CAR","5","Buffalo Sabres","BUF","3",
"2005-11-09","St. Louis Blues","STL","1","Columbus Blue Jackets","CBJ","3",
"2005-11-09","Los Angeles Kings","LAK","4","Detroit Red Wings","DET","5",
"2005-11-09","New York Rangers","NYR","4","Florida Panthers","FLA","3",
"2005-11-10","Ottawa Senators","OTT","5","Boston Bruins","BOS","2",
"2005-11-10","Dallas Stars","DAL","3","Nashville Predators","NSH","5",
"2005-11-10","New York Islanders","NYI","2","Philadelphia Flyers","PHI","3",
"2005-11-10","Calgary Flames","CGY","4","Phoenix Coyotes","PHX","3",
"2005-11-10","Montreal Canadiens","MTL","2","Pittsburgh Penguins","PIT","3",
"2005-11-10","Chicago Blackhawks","CHI","4","St. Louis Blues","STL","2",
"2005-11-10","New York Rangers","NYR","5","Tampa Bay Lightning","TBL","2",
"2005-11-10","Colorado Avalanche","COL","5","Vancouver Canucks","VAN","3",
"2005-11-11","Tampa Bay Lightning","TBL","2","Atlanta Thrashers","ATL","5",
"2005-11-11","Toronto Maple Leafs","TOR","2","Buffalo Sabres","BUF","5",
"2005-11-11","Edmonton Oilers","EDM","3","Columbus Blue Jackets","CBJ","1",
"2005-11-11","Los Angeles Kings","LAK","4","Chicago Blackhawks","CHI","2",
"2005-11-11","Minnesota Wild","MIN","1","Detroit Red Wings","DET","3",
"2005-11-11","Carolina Hurricanes","CAR","1","Florida Panthers","FLA","0",
"2005-11-11","New Jersey Devils","NJD","4","Washington Capitals","WSH","3",
"2005-11-12","Atlanta Thrashers","ATL","9","Carolina Hurricanes","CAR","0",
"2005-11-12","Colorado Avalanche","COL","3","Calgary Flames","CGY","5",
"2005-11-12","Toronto Maple Leafs","TOR","5","Montreal Canadiens","MTL","4",
"2005-11-12","Washington Capitals","WSH","2","New Jersey Devils","NJD","3",
"2005-11-12","St. Louis Blues","STL","1","Nashville Predators","NSH","3",
"2005-11-12","Boston Bruins","BOS","2","New York Islanders","NYI","5",
"2005-11-12","Buffalo Sabres","BUF","1","Ottawa Senators","OTT","6",
"2005-11-12","Florida Panthers","FLA","4","Philadelphia Flyers","PHI","5",
"2005-11-12","Mighty Ducks of Anaheim","MDA","1","Phoenix Coyotes","PHX","2",
"2005-11-12","New York Rangers","NYR","6","Pittsburgh Penguins","PIT","1",
"2005-11-12","Dallas Stars","DAL","3","San Jose Sharks","SJS","2",
"2005-11-13","Los Angeles Kings","LAK","8","Columbus Blue Jackets","CBJ","2",
"2005-11-13","Edmonton Oilers","EDM","1","Chicago Blackhawks","CHI","3",
"2005-11-13","Dallas Stars","DAL","3","Mighty Ducks of Anaheim","MDA","1",
"2005-11-13","Detroit Red Wings","DET","1","Vancouver Canucks","VAN","4",
"2005-11-14","Minnesota Wild","MIN","2","Calgary Flames","CGY","3",
"2005-11-14","Edmonton Oilers","EDM","5","Colorado Avalanche","COL","2",
"2005-11-14","New York Islanders","NYI","3","Pittsburgh Penguins","PIT","2",
"2005-11-14","Philadelphia Flyers","PHI","2","Tampa Bay Lightning","TBL","5",
"2005-11-15","New Jersey Devils","NJD","1","Buffalo Sabres","BUF","4",
"2005-11-15","Florida Panthers","FLA","3","Montreal Canadiens","MTL","4",
"2005-11-15","Los Angeles Kings","LAK","2","Nashville Predators","NSH","3",
"2005-11-15","Carolina Hurricanes","CAR","2","Ottawa Senators","OTT","1",
"2005-11-15","New York Rangers","NYR","1","Toronto Maple Leafs","TOR","2",
"2005-11-15","Tampa Bay Lightning","TBL","3","Washington Capitals","WSH","4",
"2005-11-16","New York Islanders","NYI","7","Atlanta Thrashers","ATL","3",
"2005-11-16","St. Louis Blues","STL","2","Columbus Blue Jackets","CBJ","0",
"2005-11-16","Detroit Red Wings","DET","1","Calgary Flames","CGY","3",
"2005-11-16","Dallas Stars","DAL","4","Mighty Ducks of Anaheim","MDA","2",
"2005-11-16","Pittsburgh Penguins","PIT","3","Philadelphia Flyers","PHI","2",
"2005-11-16","Colorado Avalanche","COL","3","Phoenix Coyotes","PHX","1",
"2005-11-16","Vancouver Canucks","VAN","3","San Jose Sharks","SJS","1",
"2005-11-17","Toronto Maple Leafs","TOR","4","Boston Bruins","BOS","1",
"2005-11-17","Washington Capitals","WSH","5","Buffalo Sabres","BUF","8",
"2005-11-17","New York Rangers","NYR","1","Carolina Hurricanes","CAR","5",
"2005-11-17","Detroit Red Wings","DET","5","Edmonton Oilers","EDM","6",
"2005-11-17","Vancouver Canucks","VAN","4","Los Angeles Kings","LAK","5",
"2005-11-17","Florida Panthers","FLA","1","Ottawa Senators","OTT","4",
"2005-11-17","New York Islanders","NYI","2","Tampa Bay Lightning","TBL","3",
"2005-11-18","Chicago Blackhawks","CHI","5","Calgary Flames","CGY","2",
"2005-11-18","Columbus Blue Jackets","CBJ","3","Dallas Stars","DAL","6",
"2005-11-18","Colorado Avalanche","COL","3","Mighty Ducks of Anaheim","MDA","2",
"2005-11-18","Montreal Canadiens","MTL","3","New Jersey Devils","NJD","5",
"2005-11-18","Atlanta Thrashers","ATL","6","Philadelphia Flyers","PHI","5",
"2005-11-19","Buffalo Sabres","BUF","3","Boston Bruins","BOS","2",
"2005-11-19","St. Louis Blues","STL","3","Detroit Red Wings","DET","2",
"2005-11-19","Chicago Blackhawks","CHI","4","Edmonton Oilers","EDM","3",
"2005-11-19","New York Islanders","NYI","5","Florida Panthers","FLA","3",
"2005-11-19","Colorado Avalanche","COL","3","Los Angeles Kings","LAK","4",
"2005-11-19","Nashville Predators","NSH","2","Minnesota Wild","MIN","4",
"2005-11-19","Washington Capitals","WSH","5","Montreal Canadiens","MTL","1",
"2005-11-19","Carolina Hurricanes","CAR","3","New York Rangers","NYR","4",
"2005-11-19","New Jersey Devils","NJD","4","Ottawa Senators","OTT","5",
"2005-11-19","Philadelphia Flyers","PHI","6","Pittsburgh Penguins","PIT","3",
"2005-11-19","Phoenix Coyotes","PHX","4","San Jose Sharks","SJS","3",
"2005-11-19","Atlanta Thrashers","ATL","1","Toronto Maple Leafs","TOR","5",
"2005-11-20","Tampa Bay Lightning","TBL","5","Carolina Hurricanes","CAR","2",
"2005-11-20","Vancouver Canucks","VAN","3","Mighty Ducks of Anaheim","MDA","2",
"2005-11-20","Boston Bruins","BOS","2","New York Rangers","NYR","3",
"2005-11-20","Columbus Blue Jackets","CBJ","1","Phoenix Coyotes","PHX","5",
"2005-11-21","Calgary Flames","CGY","3","Colorado Avalanche","COL","2",
"2005-11-21","San Jose Sharks","SJS","1","Edmonton Oilers","EDM","2",
"2005-11-22","New York Rangers","NYR","3","Buffalo Sabres","BUF","2",
"2005-11-22","Ottawa Senators","OTT","5","Carolina Hurricanes","CAR","3",
"2005-11-22","Atlanta Thrashers","ATL","2","Montreal Canadiens","MTL","3",
"2005-11-22","Tampa Bay Lightning","TBL","4","Philadelphia Flyers","PHI","2",
"2005-11-22","Mighty Ducks of Anaheim","MDA","2","Phoenix Coyotes","PHX","1",
"2005-11-22","Washington Capitals","WSH","4","Pittsburgh Penguins","PIT","5",
"2005-11-22","Los Angeles Kings","LAK","6","St. Louis Blues","STL","3",
"2005-11-22","Chicago Blackhawks","CHI","1","Vancouver Canucks","VAN","3",
"2005-11-23","Nashville Predators","NSH","4","Columbus Blue Jackets","CBJ","2",
"2005-11-23","San Jose Sharks","SJS","2","Calgary Flames","CGY","3",
"2005-11-23","Mighty Ducks of Anaheim","MDA","1","Dallas Stars","DAL","3",
"2005-11-23","Colorado Avalanche","COL","3","Detroit Red Wings","DET","7",
"2005-11-23","New Jersey Devils","NJD","5","Florida Panthers","FLA","1",
"2005-11-23","Edmonton Oilers","EDM","4","Minnesota Wild","MIN","3",
"2005-11-23","Buffalo Sabres","BUF","4","New York Islanders","NYI","3",
"2005-11-23","Boston Bruins","BOS","5","Toronto Maple Leafs","TOR","1",
"2005-11-23","Tampa Bay Lightning","TBL","4","Washington Capitals","WSH","3",
"2005-11-24","New York Rangers","NYR","6","Atlanta Thrashers","ATL","3",
"2005-11-24","Los Angeles Kings","LAK","3","Nashville Predators","NSH","4",
"2005-11-24","San Jose Sharks","SJS","2","Vancouver Canucks","VAN","3",
"2005-11-25","Philadelphia Flyers","PHI","5","Boston Bruins","BOS","3",
"2005-11-25","Montreal Canadiens","MTL","1","Buffalo Sabres","BUF","3",
"2005-11-25","Toronto Maple Leafs","TOR","3","Carolina Hurricanes","CAR","4",
"2005-11-25","Colorado Avalanche","COL","5","Columbus Blue Jackets","CBJ","0",
"2005-11-25","Edmonton Oilers","EDM","2","Calgary Flames","CGY","1",
"2005-11-25","Phoenix Coyotes","PHX","4","Dallas Stars","DAL","1",
"2005-11-25","Pittsburgh Penguins","PIT","3","Florida Panthers","FLA","6",
"2005-11-25","Detroit Red Wings","DET","1","Mighty Ducks of Anaheim","MDA","3",
"2005-11-25","St. Louis Blues","STL","3","Minnesota Wild","MIN","5",
"2005-11-25","Ottawa Senators","OTT","6","New York Islanders","NYI","2",
"2005-11-25","New Jersey Devils","NJD","8","Tampa Bay Lightning","TBL","2",
"2005-11-26","Florida Panthers","FLA","4","Atlanta Thrashers","ATL","7",
"2005-11-26","Chicago Blackhawks","CHI","2","Los Angeles Kings","LAK","3",
"2005-11-26","Dallas Stars","DAL","3","Nashville Predators","NSH","1",
"2005-11-26","Washington Capitals","WSH","2","New York Rangers","NYR","3",
"2005-11-26","Boston Bruins","BOS","2","Ottawa Senators","OTT","4",
"2005-11-26","New York Islanders","NYI","4","Philadelphia Flyers","PHI","2",
"2005-11-26","Vancouver Canucks","VAN","1","Phoenix Coyotes","PHX","2",
"2005-11-26","Detroit Red Wings","DET","7","San Jose Sharks","SJS","6",
"2005-11-26","Columbus Blue Jackets","CBJ","4","St. Louis Blues","STL","3",
"2005-11-26","Montreal Canadiens","MTL","3","Toronto Maple Leafs","TOR","4",
"2005-11-27","Atlanta Thrashers","ATL","5","Carolina Hurricanes","CAR","2",
"2005-11-27","Vancouver Canucks","VAN","2","Colorado Avalanche","COL","6",
"2005-11-27","Chicago Blackhawks","CHI","1","Mighty Ducks of Anaheim","MDA","3",
"2005-11-27","Pittsburgh Penguins","PIT","1","Tampa Bay Lightning","TBL","4",
"2005-11-27","Buffalo Sabres","BUF","3","Washington Capitals","WSH","2",
"2005-11-28","Toronto Maple Leafs","TOR","2","Florida Panthers","FLA","1",
"2005-11-28","Detroit Red Wings","DET","5","Los Angeles Kings","LAK","2",
"2005-11-29","Carolina Hurricanes","CAR","4","Atlanta Thrashers","ATL","3",
"2005-11-29","Colorado Avalanche","COL","3","Edmonton Oilers","EDM","2",
"2005-11-29","Boston Bruins","BOS","2","New Jersey Devils","NJD","3",
"2005-11-29","Calgary Flames","CGY","0","Nashville Predators","NSH","2",
"2005-11-29","Philadelphia Flyers","PHI","4","New York Islanders","NYI","3",
"2005-11-29","Montreal Canadiens","MTL","0","Ottawa Senators","OTT","4",
"2005-11-29","Buffalo Sabres","BUF","3","Pittsburgh Penguins","PIT","2",
"2005-11-30","Los Angeles Kings","LAK","2","Chicago Blackhawks","CHI","3",
"2005-11-30","San Jose Sharks","SJS","1","Dallas Stars","DAL","4",
"2005-11-30","Phoenix Coyotes","PHX","1","Mighty Ducks of Anaheim","MDA","6",
"2005-11-30","Columbus Blue Jackets","CBJ","3","Minnesota Wild","MIN","2",
"2005-11-30","New Jersey Devils","NJD","1","Philadelphia Flyers","PHI","2",
"2005-11-30","Toronto Maple Leafs","TOR","1","Tampa Bay Lightning","TBL","2",
"2005-11-30","Colorado Avalanche","COL","2","Vancouver Canucks","VAN","5",
"2005-12-01","Toronto Maple Leafs","TOR","4","Atlanta Thrashers","ATL","0",
"2005-12-01","Ottawa Senators","OTT","0","Boston Bruins","BOS","3",
"2005-12-01","Calgary Flames","CGY","3","Detroit Red Wings","DET","2",
"2005-12-01","Vancouver Canucks","VAN","3","Edmonton Oilers","EDM","5",
"2005-12-01","Washington Capitals","WSH","2","Florida Panthers","FLA","3",
"2005-12-01","Buffalo Sabres","BUF","3","Montreal Canadiens","MTL","2",
"2005-12-01","Minnesota Wild","MIN","1","Nashville Predators","NSH","2",
"2005-12-01","Pittsburgh Penguins","PIT","1","New York Rangers","NYR","2",
"2005-12-01","Columbus Blue Jackets","CBJ","1","St. Louis Blues","STL","4",
"2005-12-02","San Jose Sharks","SJS","5","Buffalo Sabres","BUF","0",
"2005-12-02","Carolina Hurricanes","CAR","4","Dallas Stars","DAL","5",
"2005-12-02","Los Angeles Kings","LAK","1","Ottawa Senators","OTT","5",
"2005-12-02","Chicago Blackhawks","CHI","2","Tampa Bay Lightning","TBL","3",
"2005-12-03","Boston Bruins","BOS","5","Edmonton Oilers","EDM","4",
"2005-12-03","Chicago Blackhawks","CHI","3","Florida Panthers","FLA","4",
"2005-12-03","Atlanta Thrashers","ATL","1","Mighty Ducks of Anaheim","MDA","2",
"2005-12-03","Los Angeles Kings","LAK","2","Montreal Canadiens","MTL","3",
"2005-12-03","Minnesota Wild","MIN","2","New Jersey Devils","NJD","3",
"2005-12-03","Philadelphia Flyers","PHI","3","Nashville Predators","NSH","4",
"2005-12-03","Carolina Hurricanes","CAR","4","Phoenix Coyotes","PHX","8",
"2005-12-03","Calgary Flames","CGY","3","Pittsburgh Penguins","PIT","2",
"2005-12-03","San Jose Sharks","SJS","5","Toronto Maple Leafs","TOR","4",
"2005-12-03","New York Rangers","NYR","1","Washington Capitals","WSH","5",
"2005-12-04","Buffalo Sabres","BUF","6","Colorado Avalanche","COL","4",
"2005-12-04","New York Islanders","NYI","2","Detroit Red Wings","DET","1",
"2005-12-04","Boston Bruins","BOS","2","Vancouver Canucks","VAN","5",
"2005-12-05","Ottawa Senators","OTT","6","Florida Panthers","FLA","3",
"2005-12-05","Minnesota Wild","MIN","1","New York Rangers","NYR","3",
"2005-12-05","Atlanta Thrashers","ATL","2","Phoenix Coyotes","PHX","5",
"2005-12-06","New Jersey Devils","NJD","2","Detroit Red Wings","DET","5",
"2005-12-06","Carolina Hurricanes","CAR","6","Mighty Ducks of Anaheim","MDA","2",
"2005-12-06","Calgary Flames","CGY","0","Philadelphia Flyers","PHI","1",
"2005-12-06","Atlanta Thrashers","ATL","3","San Jose Sharks","SJS","5",
"2005-12-06","New York Islanders","NYI","6","St. Louis Blues","STL","3",
"2005-12-06","Los Angeles Kings","LAK","2","Toronto Maple Leafs","TOR","1",
"2005-12-07","New York Rangers","NYR","1","Chicago Blackhawks","CHI","2",
"2005-12-07","Boston Bruins","BOS","1","Colorado Avalanche","COL","4",
"2005-12-07","Florida Panthers","FLA","3","Dallas Stars","DAL","4",
"2005-12-07","Calgary Flames","CGY","4","New Jersey Devils","NJD","1",
"2005-12-07","Nashville Predators","NSH","5","Washington Capitals","WSH","2",
"2005-12-08","Mighty Ducks of Anaheim","MDA","2","Buffalo Sabres","BUF","3",
"2005-12-08","New York Islanders","NYI","3","Columbus Blue Jackets","CBJ","4",
"2005-12-08","Carolina Hurricanes","CAR","3","Los Angeles Kings","LAK","2",
"2005-12-08","New York Rangers","NYR","5","Nashville Predators","NSH","1",
"2005-12-08","Edmonton Oilers","EDM","3","Philadelphia Flyers","PHI","2",
"2005-12-08","Minnesota Wild","MIN","5","Pittsburgh Penguins","PIT","0",
"2005-12-08","Florida Panthers","FLA","2","San Jose Sharks","SJS","6",
"2005-12-08","St. Louis Blues","STL","4","Tampa Bay Lightning","TBL","5",
"2005-12-09","Columbus Blue Jackets","CBJ","2","Atlanta Thrashers","ATL","5",
"2005-12-09","Colorado Avalanche","COL","4","New Jersey Devils","NJD","3",
"2005-12-09","Ottawa Senators","OTT","2","Vancouver Canucks","VAN","3",
"2005-12-09","Detroit Red Wings","DET","4","Washington Capitals","WSH","3",
"2005-12-10","Ottawa Senators","OTT","1","Calgary Flames","CGY","2",
"2005-12-10","Florida Panthers","FLA","1","Los Angeles Kings","LAK","3",
"2005-12-10","Mighty Ducks of Anaheim","MDA","5","Montreal Canadiens","MTL","3",
"2005-12-10","Edmonton Oilers","EDM","2","New York Islanders","NYI","3",
"2005-12-10","Minnesota Wild","MIN","2","Philadelphia Flyers","PHI","3",
"2005-12-10","Colorado Avalanche","COL","3","Pittsburgh Penguins","PIT","4",
"2005-12-10","Carolina Hurricanes","CAR","3","San Jose Sharks","SJS","4",
"2005-12-10","New York Rangers","NYR","5","St. Louis Blues","STL","4",
"2005-12-10","Nashville Predators","NSH","3","Tampa Bay Lightning","TBL","4",
"2005-12-10","Dallas Stars","DAL","2","Toronto Maple Leafs","TOR","1",
"2005-12-11","Chicago Blackhawks","CHI","5","Atlanta Thrashers","ATL","4",
"2005-12-11","Phoenix Coyotes","PHX","2","Boston Bruins","BOS","1",
"2005-12-11","New Jersey Devils","NJD","2","Columbus Blue Jackets","CBJ","3",
"2005-12-11","Buffalo Sabres","BUF","3","Minnesota Wild","MIN","2",
"2005-12-12","Ottawa Senators","OTT","6","Colorado Avalanche","COL","2",
"2005-12-12","Pittsburgh Penguins","PIT","1","Detroit Red Wings","DET","3",
"2005-12-12","Mighty Ducks of Anaheim","MDA","2","Toronto Maple Leafs","TOR","3",
"2005-12-13","Detroit Red Wings","DET","6","Atlanta Thrashers","ATL","7",
"2005-12-13","Chicago Blackhawks","CHI","3","Carolina Hurricanes","CAR","5",
"2005-12-13","Philadelphia Flyers","PHI","3","Columbus Blue Jackets","CBJ","1",
"2005-12-13","Nashville Predators","NSH","3","Florida Panthers","FLA","7",
"2005-12-13","Phoenix Coyotes","PHX","2","Montreal Canadiens","MTL","5",
"2005-12-13","Edmonton Oilers","EDM","1","New Jersey Devils","NJD","2",
"2005-12-13","Minnesota Wild","MIN","4","New York Islanders","NYI","3",
"2005-12-13","Vancouver Canucks","VAN","3","New York Rangers","NYR","2",
"2005-12-13","Pittsburgh Penguins","PIT","0","St. Louis Blues","STL","3",
"2005-12-14","Dallas Stars","DAL","3","Buffalo Sabres","BUF","4",
"2005-12-14","Washington Capitals","WSH","3","Los Angeles Kings","LAK","2",
"2005-12-14","Tampa Bay Lightning","TBL","2","Mighty Ducks of Anaheim","MDA","4",
"2005-12-15","Columbus Blue Jackets","CBJ","1","Carolina Hurricanes","CAR","2",
"2005-12-15","Montreal Canadiens","MTL","3","Edmonton Oilers","EDM","5",
"2005-12-15","Detroit Red Wings","DET","2","Florida Panthers","FLA","3",
"2005-12-15","Boston Bruins","BOS","3","Minnesota Wild","MIN","2",
"2005-12-15","Atlanta Thrashers","ATL","3","New Jersey Devils","NJD","2",
"2005-12-15","Chicago Blackhawks","CHI","3","Nashville Predators","NSH","5",
"2005-12-15","Dallas Stars","DAL","2","Ottawa Senators","OTT","0",
"2005-12-15","Vancouver Canucks","VAN","5","Philadelphia Flyers","PHI","4",
"2005-12-15","Tampa Bay Lightning","TBL","3","Phoenix Coyotes","PHX","1",
"2005-12-16","St. Louis Blues","STL","1","Chicago Blackhawks","CHI","5",
"2005-12-16","Los Angeles Kings","LAK","4","Mighty Ducks of Anaheim","MDA","3",
"2005-12-16","Buffalo Sabres","BUF","4","Pittsburgh Penguins","PIT","3",
"2005-12-16","Washington Capitals","WSH","1","San Jose Sharks","SJS","4",
"2005-12-17","Florida Panthers","FLA","1","Atlanta Thrashers","ATL","2",
"2005-12-17","Pittsburgh Penguins","PIT","3","Buffalo Sabres","BUF","4",
"2005-12-17","New Jersey Devils","NJD","1","Carolina Hurricanes","CAR","4",
"2005-12-17","Boston Bruins","BOS","0","Calgary Flames","CGY","3",
"2005-12-17","Phoenix Coyotes","PHX","1","Los Angeles Kings","LAK","4",
"2005-12-17","Montreal Canadiens","MTL","3","Minnesota Wild","MIN","4",
"2005-12-17","Columbus Blue Jackets","CBJ","3","Nashville Predators","NSH","7",
"2005-12-17","Colorado Avalanche","COL","4","New York Islanders","NYI","5",
"2005-12-17","Toronto Maple Leafs","TOR","2","Ottawa Senators","OTT","8",
"2005-12-17","Philadelphia Flyers","PHI","5","St. Louis Blues","STL","2",
"2005-12-17","Detroit Red Wings","DET","6","Tampa Bay Lightning","TBL","3",
"2005-12-17","Edmonton Oilers","EDM","5","Vancouver Canucks","VAN","4",
"2005-12-18","Dallas Stars","DAL","5","Chicago Blackhawks","CHI","3",
"2005-12-18","San Jose Sharks","SJS","4","Mighty Ducks of Anaheim","MDA","5",
"2005-12-18","Colorado Avalanche","COL","2","New York Rangers","NYR","1",
"2005-12-18","Florida Panthers","FLA","3","Washington Capitals","WSH","2",
"2005-12-19","Calgary Flames","CGY","4","Edmonton Oilers","EDM","5",
"2005-12-19","Dallas Stars","DAL","1","Minnesota Wild","MIN","2",
"2005-12-19","Buffalo Sabres","BUF","2","Philadelphia Flyers","PHI","1",
"2005-12-19","New York Islanders","NYI","6","Toronto Maple Leafs","TOR","9",
"2005-12-19","Los Angeles Kings","LAK","4","Vancouver Canucks","VAN","3",
"2005-12-20","Tampa Bay Lightning","TBL","4","Carolina Hurricanes","CAR","6",
"2005-12-20","Columbus Blue Jackets","CBJ","3","Detroit Red Wings","DET","4",
"2005-12-20","Ottawa Senators","OTT","3","Montreal Canadiens","MTL","4",
"2005-12-20","Colorado Avalanche","COL","2","Nashville Predators","NSH","3",
"2005-12-20","New Jersey Devils","NJD","3","New York Rangers","NYR","1",
"2005-12-20","St. Louis Blues","STL","5","Phoenix Coyotes","PHX","4",
"2005-12-20","Mighty Ducks of Anaheim","MDA","2","San Jose Sharks","SJS","4",
"2005-12-21","Dallas Stars","DAL","5","Columbus Blue Jackets","CBJ","3",
"2005-12-21","Los Angeles Kings","LAK","5","Calgary Flames","CGY","2",
"2005-12-21","Nashville Predators","NSH","6","Chicago Blackhawks","CHI","1",
"2005-12-21","St. Louis Blues","STL","3","Mighty Ducks of Anaheim","MDA","6",
"2005-12-21","New Jersey Devils","NJD","2","New York Islanders","NYI","4",
"2005-12-21","Edmonton Oilers","EDM","7","Vancouver Canucks","VAN","6",
"2005-12-22","Washington Capitals","WSH","6","Atlanta Thrashers","ATL","5",
"2005-12-22","Toronto Maple Leafs","TOR","1","Boston Bruins","BOS","4",
"2005-12-22","Minnesota Wild","MIN","3","Colorado Avalanche","COL","4",
"2005-12-22","Buffalo Sabres","BUF","1","Florida Panthers","FLA","4",
"2005-12-22","Tampa Bay Lightning","TBL","2","New York Rangers","NYR","4",
"2005-12-22","Ottawa Senators","OTT","3","Philadelphia Flyers","PHI","4",
"2005-12-22","San Jose Sharks","SJS","1","Phoenix Coyotes","PHX","2",
"2005-12-23","Florida Panthers","FLA","3","Carolina Hurricanes","CAR","4",
"2005-12-23","Nashville Predators","NSH","5","Columbus Blue Jackets","CBJ","4",
"2005-12-23","Detroit Red Wings","DET","3","Chicago Blackhawks","CHI","2",
"2005-12-23","Phoenix Coyotes","PHX","3","Dallas Stars","DAL","2",
"2005-12-23","Los Angeles Kings","LAK","3","Edmonton Oilers","EDM","5",
"2005-12-23","Colorado Avalanche","COL","3","Minnesota Wild","MIN","5",
"2005-12-23","Atlanta Thrashers","ATL","1","New Jersey Devils","NJD","0",
"2005-12-23","Ottawa Senators","OTT","4","New York Islanders","NYI","2",
"2005-12-23","Philadelphia Flyers","PHI","5","Pittsburgh Penguins","PIT","4",
"2005-12-23","St. Louis Blues","STL","2","San Jose Sharks","SJS","1",
"2005-12-23","Buffalo Sabres","BUF","4","Tampa Bay Lightning","TBL","1",
"2005-12-23","Boston Bruins","BOS","1","Toronto Maple Leafs","TOR","2",
"2005-12-23","Calgary Flames","CGY","6","Vancouver Canucks","VAN","5",
"2005-12-23","Montreal Canadiens","MTL","2","Washington Capitals","WSH","4",
"2005-12-26","Montreal Canadiens","MTL","0","Atlanta Thrashers","ATL","4",
"2005-12-26","New York Islanders","NYI","3","Buffalo Sabres","BUF","6",
"2005-12-26","Chicago Blackhawks","CHI","3","Columbus Blue Jackets","CBJ","4",
"2005-12-26","Phoenix Coyotes","PHX","4","Colorado Avalanche","COL","7",
"2005-12-26","Minnesota Wild","MIN","4","Edmonton Oilers","EDM","1",
"2005-12-26","Philadelphia Flyers","PHI","3","Florida Panthers","FLA","2",
"2005-12-26","San Jose Sharks","SJS","3","Los Angeles Kings","LAK","4",
"2005-12-26","New York Rangers","NYR","2","Ottawa Senators","OTT","6",
"2005-12-26","Dallas Stars","DAL","6","St. Louis Blues","STL","1",
"2005-12-26","Carolina Hurricanes","CAR","4","Tampa Bay Lightning","TBL","5",
"2005-12-26","New Jersey Devils","NJD","1","Toronto Maple Leafs","TOR","2",
"2005-12-26","Calgary Flames","CGY","2","Vancouver Canucks","VAN","1",
"2005-12-27","Nashville Predators","NSH","4","Calgary Flames","CGY","3",
"2005-12-27","Detroit Red Wings","DET","4","Dallas Stars","DAL","1",
"2005-12-27","Toronto Maple Leafs","TOR","3","Pittsburgh Penguins","PIT","2",
"2005-12-27","Boston Bruins","BOS","4","Washington Capitals","WSH","3",
"2005-12-28","Philadelphia Flyers","PHI","4","Atlanta Thrashers","ATL","3",
"2005-12-28","Mighty Ducks of Anaheim","MDA","0","Columbus Blue Jackets","CBJ","1",
"2005-12-28","St. Louis Blues","STL","2","Chicago Blackhawks","CHI","1",
"2005-12-28","Los Angeles Kings","LAK","5","Colorado Avalanche","COL","3",
"2005-12-28","Minnesota Wild","MIN","4","Edmonton Oilers","EDM","2",
"2005-12-28","Boston Bruins","BOS","4","Florida Panthers","FLA","6",
"2005-12-28","Washington Capitals","WSH","2","New Jersey Devils","NJD","7",
"2005-12-28","New York Rangers","NYR","6","New York Islanders","NYI","2",
"2005-12-28","Carolina Hurricanes","CAR","2","Ottawa Senators","OTT","6",
"2005-12-28","Phoenix Coyotes","PHX","5","San Jose Sharks","SJS","4",
"2005-12-28","Montreal Canadiens","MTL","4","Tampa Bay Lightning","TBL","3",
"2005-12-28","Nashville Predators","NSH","3","Vancouver Canucks","VAN","4",
"2005-12-29","Philadelphia Flyers","PHI","4","Carolina Hurricanes","CAR","3",
"2005-12-29","Minnesota Wild","MIN","2","Calgary Flames","CGY","4",
"2005-12-29","St. Louis Blues","STL","0","Dallas Stars","DAL","3",
"2005-12-29","Los Angeles Kings","LAK","5","Phoenix Coyotes","PHX","6",
"2005-12-29","New Jersey Devils","NJD","2","Pittsburgh Penguins","PIT","6",
"2005-12-29","Buffalo Sabres","BUF","3","Toronto Maple Leafs","TOR","4",
"2005-12-30","Atlanta Thrashers","ATL","1","Buffalo Sabres","BUF","4",
"2005-12-30","Columbus Blue Jackets","CBJ","3","Chicago Blackhawks","CHI","2",
"2005-12-30","Nashville Predators","NSH","2","Edmonton Oilers","EDM","4",
"2005-12-30","Montreal Canadiens","MTL","1","Florida Panthers","FLA","2",
"2005-12-30","New York Islanders","NYI","3","Ottawa Senators","OTT","4",
"2005-12-30","Colorado Avalanche","COL","2","San Jose Sharks","SJS","5",
"2005-12-30","Boston Bruins","BOS","2","Tampa Bay Lightning","TBL","1",
"2005-12-31","Montreal Canadiens","MTL","3","Carolina Hurricanes","CAR","5",
"2005-12-31","Edmonton Oilers","EDM","5","Calgary Flames","CGY","6",
"2005-12-31","Los Angeles Kings","LAK","3","Dallas Stars","DAL","2",
"2005-12-31","Columbus Blue Jackets","CBJ","2","Detroit Red Wings","DET","5",
"2005-12-31","Vancouver Canucks","VAN","3","Minnesota Wild","MIN","4",
"2005-12-31","Toronto Maple Leafs","TOR","6","New Jersey Devils","NJD","3",
"2005-12-31","Colorado Avalanche","COL","5","Phoenix Coyotes","PHX","2",
"2005-12-31","New York Rangers","NYR","3","Pittsburgh Penguins","PIT","4",
"2005-12-31","Mighty Ducks of Anaheim","MDA","5","St. Louis Blues","STL","4",
"2005-12-31","Philadelphia Flyers","PHI","3","Washington Capitals","WSH","4",
"2006-01-01","Florida Panthers","FLA","2","Buffalo Sabres","BUF","1",
"2006-01-01","Mighty Ducks of Anaheim","MDA","4","Nashville Predators","NSH","2",
"2006-01-01","Atlanta Thrashers","ATL","5","Washington Capitals","WSH","2",
"2006-01-02","Ottawa Senators","OTT","3","Atlanta Thrashers","ATL","8",
"2006-01-02","Philadelphia Flyers","PHI","1","Boston Bruins","BOS","0",
"2006-01-02","Chicago Blackhawks","CHI","2","Calgary Flames","CGY","3",
"2006-01-02","Dallas Stars","DAL","2","Los Angeles Kings","LAK","3",
"2006-01-02","Tampa Bay Lightning","TBL","2","New York Islanders","NYI","1",
"2006-01-02","Vancouver Canucks","VAN","1","St. Louis Blues","STL","4",
"2006-01-02","Pittsburgh Penguins","PIT","2","Toronto Maple Leafs","TOR","3",
"2006-01-03","Nashville Predators","NSH","0","Colorado Avalanche","COL","3",
"2006-01-03","Minnesota Wild","MIN","4","Detroit Red Wings","DET","2",
"2006-01-03","Chicago Blackhawks","CHI","0","Edmonton Oilers","EDM","5",
"2006-01-03","Pittsburgh Penguins","PIT","6","Montreal Canadiens","MTL","4",
"2006-01-03","Florida Panthers","FLA","0","New Jersey Devils","NJD","3",
"2006-01-03","Tampa Bay Lightning","TBL","1","New York Rangers","NYR","0",
"2006-01-04","Atlanta Thrashers","ATL","3","Carolina Hurricanes","CAR","4",
"2006-01-04","Vancouver Canucks","VAN","1","Dallas Stars","DAL","3",
"2006-01-04","Florida Panthers","FLA","3","New York Islanders","NYI","4",
"2006-01-04","Nashville Predators","NSH","4","St. Louis Blues","STL","3",
"2006-01-04","Ottawa Senators","OTT","3","Washington Capitals","WSH","1",
"2006-01-05","Ottawa Senators","OTT","2","Boston Bruins","BOS","4",
"2006-01-05","Tampa Bay Lightning","TBL","1","Buffalo Sabres","BUF","3",
"2006-01-05","Vancouver Canucks","VAN","3","Chicago Blackhawks","CHI","2",
"2006-01-05","St. Louis Blues","STL","0","Detroit Red Wings","DET","3",
"2006-01-05","Phoenix Coyotes","PHX","0","Los Angeles Kings","LAK","4",
"2006-01-05","Colorado Avalanche","COL","4","Minnesota Wild","MIN","2",
"2006-01-05","Montreal Canadiens","MTL","4","New Jersey Devils","NJD","5",
"2006-01-05","Philadelphia Flyers","PHI","4","New York Rangers","NYR","3",
"2006-01-05","Columbus Blue Jackets","CBJ","3","San Jose Sharks","SJS","6",
"2006-01-06","Pittsburgh Penguins","PIT","4","Atlanta Thrashers","ATL","6",
"2006-01-06","New York Islanders","NYI","1","Carolina Hurricanes","CAR","4",
"2006-01-06","Toronto Maple Leafs","TOR","0","Calgary Flames","CGY","1",
"2006-01-06","Mighty Ducks of Anaheim","MDA","3","Dallas Stars","DAL","4",
"2006-01-06","Detroit Red Wings","DET","3","Nashville Predators","NSH","1",
"2006-01-06","Philadelphia Flyers","PHI","3","Washington Capitals","WSH","1",
"2006-01-07","Tampa Bay Lightning","TBL","3","Boston Bruins","BOS","6",
"2006-01-07","New Jersey Devils","NJD","3","Buffalo Sabres","BUF","2",
"2006-01-07","Columbus Blue Jackets","CBJ","2","Colorado Avalanche","COL","3",
"2006-01-07","Toronto Maple Leafs","TOR","3","Edmonton Oilers","EDM","2",
"2006-01-07","Mighty Ducks of Anaheim","MDA","1","Minnesota Wild","MIN","4",
"2006-01-07","Ottawa Senators","OTT","1","Montreal Canadiens","MTL","4",
"2006-01-07","Carolina Hurricanes","CAR","3","New York Islanders","NYI","0",
"2006-01-07","Florida Panthers","FLA","0","New York Rangers","NYR","4",
"2006-01-07","Atlanta Thrashers","ATL","4","Pittsburgh Penguins","PIT","3",
"2006-01-07","Los Angeles Kings","LAK","2","San Jose Sharks","SJS","3",
"2006-01-07","Calgary Flames","CGY","3","Vancouver Canucks","VAN","4",
"2006-01-08","Nashville Predators","NSH","5","Chicago Blackhawks","CHI","1",
"2006-01-08","Dallas Stars","DAL","6","Detroit Red Wings","DET","3",
"2006-01-08","Columbus Blue Jackets","CBJ","5","Phoenix Coyotes","PHX","2",
"2006-01-08","Florida Panthers","FLA","4","Washington Capitals","WSH","3",
"2006-01-09","St. Louis Blues","STL","1","Colorado Avalanche","COL","6",
"2006-01-09","Los Angeles Kings","LAK","2","Mighty Ducks of Anaheim","MDA","6",
"2006-01-09","Dallas Stars","DAL","2","Minnesota Wild","MIN","1",
"2006-01-09","Philadelphia Flyers","PHI","0","New Jersey Devils","NJD","3",
"2006-01-10","San Jose Sharks","SJS","6","Boston Bruins","BOS","2",
"2006-01-10","Detroit Red Wings","DET","2","Carolina Hurricanes","CAR","3",
"2006-01-10","New York Islanders","NYI","1","Nashville Predators","NSH","2",
"2006-01-10","Calgary Flames","CGY","2","New York Rangers","NYR","4",
"2006-01-10","Phoenix Coyotes","PHX","2","Ottawa Senators","OTT","7",
"2006-01-10","Edmonton Oilers","EDM","3","Pittsburgh Penguins","PIT","1",
"2006-01-10","Toronto Maple Leafs","TOR","3","Vancouver Canucks","VAN","4",
"2006-01-10","Chicago Blackhawks","CHI","4","Washington Capitals","WSH","3",
"2006-01-11","Nashville Predators","NSH","3","Atlanta Thrashers","ATL","4",
"2006-01-11","Pittsburgh Penguins","PIT","1","Columbus Blue Jackets","CBJ","6",
"2006-01-11","Philadelphia Flyers","PHI","5","Chicago Blackhawks","CHI","2",
"2006-01-11","Montreal Canadiens","MTL","1","Colorado Avalanche","COL","2",
"2006-01-12","Los Angeles Kings","LAK","6","Boston Bruins","BOS","0",
"2006-01-12","Phoenix Coyotes","PHX","2","Buffalo Sabres","BUF","1",
"2006-01-12","Washington Capitals","WSH","1","Dallas Stars","DAL","4",
"2006-01-12","Philadelphia Flyers","PHI","3","Detroit Red Wings","DET","6",
"2006-01-12","St. Louis Blues","STL","1","Florida Panthers","FLA","3",
"2006-01-12","Calgary Flames","CGY","2","New York Islanders","NYI","3",
"2006-01-12","Edmonton Oilers","EDM","4","New York Rangers","NYR","5",
"2006-01-12","San Jose Sharks","SJS","2","Ottawa Senators","OTT","0",
"2006-01-13","St. Louis Blues","STL","0","Atlanta Thrashers","ATL","2",
"2006-01-13","Nashville Predators","NSH","4","Carolina Hurricanes","CAR","5",
"2006-01-13","Pittsburgh Penguins","PIT","1","Chicago Blackhawks","CHI","4",
"2006-01-13","Washington Capitals","WSH","3","Mighty Ducks of Anaheim","MDA","2",
"2006-01-13","Vancouver Canucks","VAN","0","New Jersey Devils","NJD","3",
"2006-01-13","Columbus Blue Jackets","CBJ","2","Tampa Bay Lightning","TBL","4",
"2006-01-14","Dallas Stars","DAL","2","Boston Bruins","BOS","1",
"2006-01-14","Los Angeles Kings","LAK","1","Buffalo Sabres","BUF","10",
"2006-01-14","New York Rangers","NYR","3","Detroit Red Wings","DET","4",
"2006-01-14","Ottawa Senators","OTT","5","Edmonton Oilers","EDM","3",
"2006-01-14","Columbus Blue Jackets","CBJ","5","Florida Panthers","FLA","4",
"2006-01-14","Calgary Flames","CGY","4","Minnesota Wild","MIN","1",
"2006-01-14","San Jose Sharks","SJS","2","Montreal Canadiens","MTL","6",
"2006-01-14","Vancouver Canucks","VAN","8","New York Islanders","NYI","1",
"2006-01-14","Colorado Avalanche","COL","4","Philadelphia Flyers","PHI","3",
"2006-01-14","Phoenix Coyotes","PHX","4","Toronto Maple Leafs","TOR","3",
"2006-01-15","St. Louis Blues","STL","2","Carolina Hurricanes","CAR","4",
"2006-01-15","New Jersey Devils","NJD","3","Chicago Blackhawks","CHI","2",
"2006-01-15","Pittsburgh Penguins","PIT","4","Nashville Predators","NSH","5",
"2006-01-16","Mighty Ducks of Anaheim","MDA","3","Boston Bruins","BOS","4",
"2006-01-16","New York Rangers","NYR","3","Columbus Blue Jackets","CBJ","4",
"2006-01-16","Buffalo Sabres","BUF","3","Edmonton Oilers","EDM","1",
"2006-01-16","Ottawa Senators","OTT","6","Minnesota Wild","MIN","1",
"2006-01-16","Dallas Stars","DAL","2","Montreal Canadiens","MTL","4",
"2006-01-16","Washington Capitals","WSH","6","Phoenix Coyotes","PHX","1",
"2006-01-16","Vancouver Canucks","VAN","4","Pittsburgh Penguins","PIT","2",
"2006-01-16","Tampa Bay Lightning","TBL","1","San Jose Sharks","SJS","3",
"2006-01-17","New York Islanders","NYI","2","Chicago Blackhawks","CHI","1",
"2006-01-17","Toronto Maple Leafs","TOR","3","Colorado Avalanche","COL","5",
"2006-01-17","Tampa Bay Lightning","TBL","4","Los Angeles Kings","LAK","1",
"2006-01-17","Carolina Hurricanes","CAR","4","Philadelphia Flyers","PHI","3",
"2006-01-17","New Jersey Devils","NJD","5","St. Louis Blues","STL","3",
"2006-01-18","Detroit Red Wings","DET","4","Columbus Blue Jackets","CBJ","0",
"2006-01-18","Atlanta Thrashers","ATL","5","Dallas Stars","DAL","2",
"2006-01-18","Toronto Maple Leafs","TOR","3","Minnesota Wild","MIN","5",
"2006-01-19","New York Islanders","NYI","3","Carolina Hurricanes","CAR","4",
"2006-01-19","Montreal Canadiens","MTL","2","Calgary Flames","CGY","3",
"2006-01-19","Colorado Avalanche","COL","2","Chicago Blackhawks","CHI","4",
"2006-01-19","Atlanta Thrashers","ATL","6","Los Angeles Kings","LAK","8",
"2006-01-19","New Jersey Devils","NJD","4","Nashville Predators","NSH","3",
"2006-01-19","Mighty Ducks of Anaheim","MDA","4","Ottawa Senators","OTT","3",
"2006-01-19","Boston Bruins","BOS","5","Philadelphia Flyers","PHI","2",
"2006-01-19","Florida Panthers","FLA","3","Phoenix Coyotes","PHX","6",
"2006-01-19","New York Rangers","NYR","4","Pittsburgh Penguins","PIT","2",
"2006-01-19","Edmonton Oilers","EDM","3","San Jose Sharks","SJS","2",
"2006-01-19","Buffalo Sabres","BUF","1","Vancouver Canucks","VAN","4",
"2006-01-19","St. Louis Blues","STL","4","Washington Capitals","WSH","5",
"2006-01-20","St. Louis Blues","STL","3","Columbus Blue Jackets","CBJ","4",
"2006-01-20","Tampa Bay Lightning","TBL","6","Dallas Stars","DAL","3",
"2006-01-20","Chicago Blackhawks","CHI","1","Minnesota Wild","MIN","4",
"2006-01-21","Tampa Bay Lightning","TBL","2","Atlanta Thrashers","ATL","0",
"2006-01-21","New York Rangers","NYR","3","Boston Bruins","BOS","2",
"2006-01-21","Buffalo Sabres","BUF","1","Calgary Flames","CGY","4",
"2006-01-21","Detroit Red Wings","DET","4","Colorado Avalanche","COL","3",
"2006-01-21","San Jose Sharks","SJS","4","Los Angeles Kings","LAK","3",
"2006-01-21","Florida Panthers","FLA","0","Mighty Ducks of Anaheim","MDA","1",
"2006-01-21","New York Islanders","NYI","2","New Jersey Devils","NJD","3",
"2006-01-21","Columbus Blue Jackets","CBJ","2","Nashville Predators","NSH","7",
"2006-01-21","Toronto Maple Leafs","TOR","0","Ottawa Senators","OTT","7",
"2006-01-21","Edmonton Oilers","EDM","3","Phoenix Coyotes","PHX","4",
"2006-01-21","Philadelphia Flyers","PHI","2","Pittsburgh Penguins","PIT","1",
"2006-01-21","Montreal Canadiens","MTL","2","Vancouver Canucks","VAN","6",
"2006-01-21","Carolina Hurricanes","CAR","2","Washington Capitals","WSH","5",
"2006-01-22","Minnesota Wild","MIN","3","Chicago Blackhawks","CHI","2",
"2006-01-22","New Jersey Devils","NJD","1","New York Rangers","NYR","3",
"2006-01-23","Montreal Canadiens","MTL","3","Carolina Hurricanes","CAR","7",
"2006-01-23","Phoenix Coyotes","PHX","1","Dallas Stars","DAL","4",
"2006-01-23","Nashville Predators","NSH","3","Detroit Red Wings","DET","2",
"2006-01-23","Calgary Flames","CGY","3","Edmonton Oilers","EDM","1",
"2006-01-23","Mighty Ducks of Anaheim","MDA","2","Los Angeles Kings","LAK","3",
"2006-01-23","Toronto Maple Leafs","TOR","3","Ottawa Senators","OTT","4",
"2006-01-23","Pittsburgh Penguins","PIT","2","Philadelphia Flyers","PHI","4",
"2006-01-23","Vancouver Canucks","VAN","0","St. Louis Blues","STL","4",
"2006-01-23","Boston Bruins","BOS","3","Washington Capitals","WSH","2",
"2006-01-24","Boston Bruins","BOS","3","Atlanta Thrashers","ATL","2",
"2006-01-24","Vancouver Canucks","VAN","5","Columbus Blue Jackets","CBJ","6",
"2006-01-24","Calgary Flames","CGY","4","Colorado Avalanche","COL","7",
"2006-01-24","Nashville Predators","NSH","2","Detroit Red Wings","DET","1",
"2006-01-24","Phoenix Coyotes","PHX","2","Minnesota Wild","MIN","3",
"2006-01-24","New Jersey Devils","NJD","4","New York Islanders","NYI","0",
"2006-01-24","Buffalo Sabres","BUF","2","New York Rangers","NYR","1",
"2006-01-24","Los Angeles Kings","LAK","1","San Jose Sharks","SJS","4",
"2006-01-24","Florida Panthers","FLA","3","Tampa Bay Lightning","TBL","2",
"2006-01-25","St. Louis Blues","STL","3","Dallas Stars","DAL","4",
"2006-01-25","Carolina Hurricanes","CAR","4","Florida Panthers","FLA","3",
"2006-01-25","Edmonton Oilers","EDM","6","Mighty Ducks of Anaheim","MDA","3",
"2006-01-25","Montreal Canadiens","MTL","5","Philadelphia Flyers","PHI","3",
"2006-01-25","Washington Capitals","WSH","1","Pittsburgh Penguins","PIT","8",
"2006-01-26","Carolina Hurricanes","CAR","5","Atlanta Thrashers","ATL","1",
"2006-01-26","Washington Capitals","WSH","2","Boston Bruins","BOS","3",
"2006-01-26","Calgary Flames","CGY","0","Chicago Blackhawks","CHI","2",
"2006-01-26","Dallas Stars","DAL","3","Colorado Avalanche","COL","2",
"2006-01-26","Vancouver Canucks","VAN","1","Detroit Red Wings","DET","2",
"2006-01-26","Edmonton Oilers","EDM","5","Los Angeles Kings","LAK","3",
"2006-01-26","Nashville Predators","NSH","1","Minnesota Wild","MIN","5",
"2006-01-26","Pittsburgh Penguins","PIT","3","New York Islanders","NYI","4",
"2006-01-26","Montreal Canadiens","MTL","0","Ottawa Senators","OTT","3",
"2006-01-26","Mighty Ducks of Anaheim","MDA","2","San Jose Sharks","SJS","0",
"2006-01-26","Phoenix Coyotes","PHX","5","St. Louis Blues","STL","3",
"2006-01-26","New Jersey Devils","NJD","0","Tampa Bay Lightning","TBL","1",
"2006-01-26","Buffalo Sabres","BUF","8","Toronto Maple Leafs","TOR","4",
"2006-01-27","Minnesota Wild","MIN","3","Columbus Blue Jackets","CBJ","4",
"2006-01-27","New Jersey Devils","NJD","0","Florida Panthers","FLA","4",
"2006-01-28","New York Islanders","NYI","4","Boston Bruins","BOS","3",
"2006-01-28","Atlanta Thrashers","ATL","1","Carolina Hurricanes","CAR","4",
"2006-01-28","Nashville Predators","NSH","3","Columbus Blue Jackets","CBJ","4",
"2006-01-28","Vancouver Canucks","VAN","4","Colorado Avalanche","COL","3",
"2006-01-28","Detroit Red Wings","DET","1","Dallas Stars","DAL","2",
"2006-01-28","Mighty Ducks of Anaheim","MDA","6","Los Angeles Kings","LAK","2",
"2006-01-28","Pittsburgh Penguins","PIT","1","New York Rangers","NYR","7",
"2006-01-28","Tampa Bay Lightning","TBL","6","Philadelphia Flyers","PHI","0",
"2006-01-28","San Jose Sharks","SJS","2","Phoenix Coyotes","PHX","6",
"2006-01-28","Montreal Canadiens","MTL","4","Toronto Maple Leafs","TOR","3",
"2006-01-29","Calgary Flames","CGY","5","Chicago Blackhawks","CHI","3",
"2006-01-29","Edmonton Oilers","EDM","4","Phoenix Coyotes","PHX","3",
"2006-01-29","Tampa Bay Lightning","TBL","1","Washington Capitals","WSH","2",
"2006-01-30","San Jose Sharks","SJS","2","Dallas Stars","DAL","3",
"2006-01-30","Toronto Maple Leafs","TOR","4","Florida Panthers","FLA","2",
"2006-01-30","Los Angeles Kings","LAK","3","Mighty Ducks of Anaheim","MDA","4",
"2006-01-30","Detroit Red Wings","DET","5","Minnesota Wild","MIN","4",
"2006-01-30","Philadelphia Flyers","PHI","3","New York Rangers","NYR","2",
"2006-01-30","Boston Bruins","BOS","5","Ottawa Senators","OTT","0",
"2006-01-30","Calgary Flames","CGY","2","St. Louis Blues","STL","3",
"2006-01-31","Buffalo Sabres","BUF","5","Atlanta Thrashers","ATL","2",
"2006-01-31","Minnesota Wild","MIN","2","Colorado Avalanche","COL","3",
"2006-01-31","Carolina Hurricanes","CAR","8","Montreal Canadiens","MTL","2",
"2006-01-31","Washington Capitals","WSH","3","New York Islanders","NYI","5",
"2006-01-31","Vancouver Canucks","VAN","7","Phoenix Coyotes","PHX","4",
"2006-01-31","Toronto Maple Leafs","TOR","2","Tampa Bay Lightning","TBL","3",
"2006-02-01","Columbus Blue Jackets","CBJ","2","Calgary Flames","CGY","1",
"2006-02-01","Nashville Predators","NSH","1","Dallas Stars","DAL","2",
"2006-02-01","St. Louis Blues","STL","2","Detroit Red Wings","DET","3",
"2006-02-01","San Jose Sharks","SJS","6","Mighty Ducks of Anaheim","MDA","4",
"2006-02-01","Ottawa Senators","OTT","3","New Jersey Devils","NJD","5",
"2006-02-01","Pittsburgh Penguins","PIT","1","New York Rangers","NYR","3",
"2006-02-02","Montreal Canadiens","MTL","1","Boston Bruins","BOS","3",
"2006-02-02","Philadelphia Flyers","PHI","2","Buffalo Sabres","BUF","4",
"2006-02-02","Columbus Blue Jackets","CBJ","2","Edmonton Oilers","EDM","1",
"2006-02-02","Colorado Avalanche","COL","3","Nashville Predators","NSH","4",
"2006-02-02","New York Rangers","NYR","5","New York Islanders","NYI","2",
"2006-02-02","Los Angeles Kings","LAK","1","Phoenix Coyotes","PHX","2",
"2006-02-02","Ottawa Senators","OTT","7","Pittsburgh Penguins","PIT","2",
"2006-02-02","Minnesota Wild","MIN","3","San Jose Sharks","SJS","2",
"2006-02-02","Chicago Blackhawks","CHI","5","St. Louis Blues","STL","6",
"2006-02-03","Vancouver Canucks","VAN","3","Calgary Flames","CGY","1",
"2006-02-03","Atlanta Thrashers","ATL","2","Florida Panthers","FLA","5",
"2006-02-03","Carolina Hurricanes","CAR","0","New Jersey Devils","NJD","3",
"2006-02-03","Toronto Maple Leafs","TOR","1","Washington Capitals","WSH","4",
"2006-02-04","Florida Panthers","FLA","4","Atlanta Thrashers","ATL","6",
"2006-02-04","Ottawa Senators","OTT","1","Buffalo Sabres","BUF","2",
"2006-02-04","Detroit Red Wings","DET","3","Colorado Avalanche","COL","0",
"2006-02-04","Vancouver Canucks","VAN","1","Edmonton Oilers","EDM","3",
"2006-02-04","Boston Bruins","BOS","0","Montreal Canadiens","MTL","2",
"2006-02-04","Chicago Blackhawks","CHI","0","Nashville Predators","NSH","6",
"2006-02-04","New York Rangers","NYR","4","Philadelphia Flyers","PHI","3",
"2006-02-04","Minnesota Wild","MIN","6","Phoenix Coyotes","PHX","4",
"2006-02-04","New York Islanders","NYI","5","Pittsburgh Penguins","PIT","4",
"2006-02-04","Mighty Ducks of Anaheim","MDA","2","San Jose Sharks","SJS","0",
"2006-02-04","Dallas Stars","DAL","3","St. Louis Blues","STL","4",
"2006-02-04","Washington Capitals","WSH","0","Tampa Bay Lightning","TBL","5",
"2006-02-04","New Jersey Devils","NJD","2","Toronto Maple Leafs","TOR","4",
"2006-02-05","Carolina Hurricanes","CAR","4","Boston Bruins","BOS","3",
"2006-02-05","Philadelphia Flyers","PHI","0","Montreal Canadiens","MTL","5",
"2006-02-06","Nashville Predators","NSH","2","Dallas Stars","DAL","4",
"2006-02-06","Mighty Ducks of Anaheim","MDA","5","Edmonton Oilers","EDM","6",
"2006-02-06","Tampa Bay Lightning","TBL","3","New York Islanders","NYI","2",
"2006-02-06","Pittsburgh Penguins","PIT","2","Ottawa Senators","OTT","5",
"2006-02-06","Calgary Flames","CGY","4","San Jose Sharks","SJS","3",
"2006-02-06","Columbus Blue Jackets","CBJ","4","Vancouver Canucks","VAN","7",
"2006-02-07","Edmonton Oilers","EDM","2","Colorado Avalanche","COL","5",
"2006-02-07","Los Angeles Kings","LAK","1","Minnesota Wild","MIN","5",
"2006-02-07","Buffalo Sabres","BUF","3","Montreal Canadiens","MTL","2",
"2006-02-07","Tampa Bay Lightning","TBL","4","New Jersey Devils","NJD","7",
"2006-02-07","Chicago Blackhawks","CHI","3","Phoenix Coyotes","PHX","1",
"2006-02-07","Atlanta Thrashers","ATL","1","Toronto Maple Leafs","TOR","4",
"2006-02-07","Florida Panthers","FLA","5","Washington Capitals","WSH","0",
"2006-02-08","Los Angeles Kings","LAK","4","Columbus Blue Jackets","CBJ","7",
"2006-02-08","Mighty Ducks of Anaheim","MDA","1","Calgary Flames","CGY","3",
"2006-02-08","Nashville Predators","NSH","0","Detroit Red Wings","DET","6",
"2006-02-08","Ottawa Senators","OTT","1","New York Rangers","NYR","5",
"2006-02-08","New York Islanders","NYI","2","Philadelphia Flyers","PHI","5",
"2006-02-08","Boston Bruins","BOS","3","Pittsburgh Penguins","PIT","1",
"2006-02-08","Chicago Blackhawks","CHI","1","San Jose Sharks","SJS","2",
"2006-02-08","St. Louis Blues","STL","4","Vancouver Canucks","VAN","2",
"2006-02-09","New Jersey Devils","NJD","3","Boston Bruins","BOS","2",
"2006-02-09","Montreal Canadiens","MTL","3","Buffalo Sabres","BUF","2",
"2006-02-09","Colorado Avalanche","COL","2","Minnesota Wild","MIN","1",
"2006-02-09","Detroit Red Wings","DET","3","Nashville Predators","NSH","2",
"2006-02-09","Atlanta Thrashers","ATL","2","Ottawa Senators","OTT","1",
"2006-02-09","Dallas Stars","DAL","5","Phoenix Coyotes","PHX","1",
"2006-02-09","Carolina Hurricanes","CAR","3","Tampa Bay Lightning","TBL","5",
"2006-02-10","Pittsburgh Penguins","PIT","4","Carolina Hurricanes","CAR","3",
"2006-02-10","Colorado Avalanche","COL","4","Columbus Blue Jackets","CBJ","1",
"2006-02-10","St. Louis Blues","STL","2","Calgary Flames","CGY","3",
"2006-02-10","Minnesota Wild","MIN","6","Edmonton Oilers","EDM","3",
"2006-02-10","Toronto Maple Leafs","TOR","2","New York Rangers","NYR","4",
"2006-02-10","Washington Capitals","WSH","4","Philadelphia Flyers","PHI","5",
"2006-02-10","Dallas Stars","DAL","3","San Jose Sharks","SJS","6",
"2006-02-10","Mighty Ducks of Anaheim","MDA","3","Vancouver Canucks","VAN","1",
"2006-02-11","Tampa Bay Lightning","TBL","6","Boston Bruins","BOS","5",
"2006-02-11","Florida Panthers","FLA","3","Buffalo Sabres","BUF","5",
"2006-02-11","Chicago Blackhawks","CHI","4","Los Angeles Kings","LAK","5",
"2006-02-11","Atlanta Thrashers","ATL","2","Montreal Canadiens","MTL","1",
"2006-02-11","New York Islanders","NYI","2","New Jersey Devils","NJD","1",
"2006-02-11","Columbus Blue Jackets","CBJ","2","Nashville Predators","NSH","5",
"2006-02-11","Philadelphia Flyers","PHI","2","Ottawa Senators","OTT","3",
"2006-02-11","New York Rangers","NYR","4","Toronto Maple Leafs","TOR","2",
"2006-02-11","Pittsburgh Penguins","PIT","6","Washington Capitals","WSH","3",
"2006-02-12","Buffalo Sabres","BUF","3","Carolina Hurricanes","CAR","4",
"2006-02-12","Colorado Avalanche","COL","3","Detroit Red Wings","DET","6",
"2006-02-12","St. Louis Blues","STL","5","Edmonton Oilers","EDM","4",
"2006-02-12","Dallas Stars","DAL","5","Los Angeles Kings","LAK","6",
"2006-02-12","Chicago Blackhawks","CHI","1","Mighty Ducks of Anaheim","MDA","4",
"2006-02-12","San Jose Sharks","SJS","5","Phoenix Coyotes","PHX","4",
"2006-02-12","Minnesota Wild","MIN","2","Vancouver Canucks","VAN","3",
"2006-02-28","Vancouver Canucks","VAN","2","Calgary Flames","CGY","1",
"2006-02-28","Minnesota Wild","MIN","2","Colorado Avalanche","COL","4",
"2006-02-28","Montreal Canadiens","MTL","5","New York Islanders","NYI","3",
"2006-02-28","Detroit Red Wings","DET","1","San Jose Sharks","SJS","5",
"2006-02-28","Florida Panthers","FLA","8","Tampa Bay Lightning","TBL","2",
"2006-02-28","Washington Capitals","WSH","5","Toronto Maple Leafs","TOR","3",
"2006-03-01","Atlanta Thrashers","ATL","4","Buffalo Sabres","BUF","2",
"2006-03-01","Boston Bruins","BOS","3","Carolina Hurricanes","CAR","4",
"2006-03-01","Nashville Predators","NSH","0","Chicago Blackhawks","CHI","3",
"2006-03-01","St. Louis Blues","STL","4","Edmonton Oilers","EDM","2",
"2006-03-01","Detroit Red Wings","DET","2","Mighty Ducks of Anaheim","MDA","0",
"2006-03-01","Philadelphia Flyers","PHI","1","New Jersey Devils","NJD","2",
"2006-03-01","Ottawa Senators","OTT","4","Pittsburgh Penguins","PIT","3",
"2006-03-02","Atlanta Thrashers","ATL","2","Boston Bruins","BOS","3",
"2006-03-02","St. Louis Blues","STL","1","Calgary Flames","CGY","3",
"2006-03-02","Columbus Blue Jackets","CBJ","0","Colorado Avalanche","COL","1",
"2006-03-02","Montreal Canadiens","MTL","1","Florida Panthers","FLA","0",
"2006-03-02","Minnesota Wild","MIN","2","Los Angeles Kings","LAK","3",
"2006-03-02","Vancouver Canucks","VAN","1","Nashville Predators","NSH","3",
"2006-03-02","New Jersey Devils","NJD","2","New York Islanders","NYI","3",
"2006-03-02","Washington Capitals","WSH","1","Ottawa Senators","OTT","7",
"2006-03-02","New York Rangers","NYR","6","Philadelphia Flyers","PHI","1",
"2006-03-02","Dallas Stars","DAL","2","Phoenix Coyotes","PHX","6",
"2006-03-03","Toronto Maple Leafs","TOR","2","Buffalo Sabres","BUF","6",
"2006-03-03","Florida Panthers","FLA","2","Carolina Hurricanes","CAR","5",
"2006-03-03","Vancouver Canucks","VAN","5","Chicago Blackhawks","CHI","4",
"2006-03-03","San Jose Sharks","SJS","2","Edmonton Oilers","EDM","3",
"2006-03-03","Minnesota Wild","MIN","2","Mighty Ducks of Anaheim","MDA","4",
"2006-03-04","Washington Capitals","WSH","2","Atlanta Thrashers","ATL","3",
"2006-03-04","Buffalo Sabres","BUF","3","Boston Bruins","BOS","2",
"2006-03-04","San Jose Sharks","SJS","0","Calgary Flames","CGY","2",
"2006-03-04","Colorado Avalanche","COL","3","Dallas Stars","DAL","5",
"2006-03-04","Columbus Blue Jackets","CBJ","2","Los Angeles Kings","LAK","3",
"2006-03-04","New York Rangers","NYR","1","New Jersey Devils","NJD","2",
"2006-03-04","Philadelphia Flyers","PHI","2","New York Islanders","NYI","4",
"2006-03-04","Detroit Red Wings","DET","7","Phoenix Coyotes","PHX","3",
"2006-03-04","Carolina Hurricanes","CAR","7","Pittsburgh Penguins","PIT","5",
"2006-03-04","Montreal Canadiens","MTL","6","Tampa Bay Lightning","TBL","2",
"2006-03-04","Ottawa Senators","OTT","4","Toronto Maple Leafs","TOR","2",
"2006-03-05","Dallas Stars","DAL","7","Chicago Blackhawks","CHI","2",
"2006-03-05","Nashville Predators","NSH","2","Edmonton Oilers","EDM","3",
"2006-03-05","Columbus Blue Jackets","CBJ","3","Mighty Ducks of Anaheim","MDA","2",
"2006-03-05","Colorado Avalanche","COL","3","Minnesota Wild","MIN","5",
"2006-03-05","St. Louis Blues","STL","4","Vancouver Canucks","VAN","1",
"2006-03-06","Florida Panthers","FLA","3","Atlanta Thrashers","ATL","4",
"2006-03-06","Carolina Hurricanes","CAR","2","New York Rangers","NYR","1",
"2006-03-06","Montreal Canadiens","MTL","4","Philadelphia Flyers","PHI","5",
"2006-03-06","Ottawa Senators","OTT","4","Tampa Bay Lightning","TBL","0",
"2006-03-06","New York Islanders","NYI","2","Washington Capitals","WSH","5",
"2006-03-07","Boston Bruins","BOS","2","Buffalo Sabres","BUF","3",
"2006-03-07","Chicago Blackhawks","CHI","3","Columbus Blue Jackets","CBJ","1",
"2006-03-07","Nashville Predators","NSH","3","Calgary Flames","CGY","2",
"2006-03-07","Phoenix Coyotes","PHX","5","Detroit Red Wings","DET","2",
"2006-03-07","Dallas Stars","DAL","4","Edmonton Oilers","EDM","3",
"2006-03-07","San Jose Sharks","SJS","4","Mighty Ducks of Anaheim","MDA","5",
"2006-03-07","Los Angeles Kings","LAK","3","Minnesota Wild","MIN","2",
"2006-03-07","New Jersey Devils","NJD","1","New York Islanders","NYI","2",
"2006-03-07","Tampa Bay Lightning","TBL","5","Pittsburgh Penguins","PIT","4",
"2006-03-07","Colorado Avalanche","COL","2","St. Louis Blues","STL","1",
"2006-03-07","Montreal Canadiens","MTL","3","Toronto Maple Leafs","TOR","5",
"2006-03-08","New York Rangers","NYR","2","Atlanta Thrashers","ATL","3",
"2006-03-08","Ottawa Senators","OTT","2","Florida Panthers","FLA","6",
"2006-03-08","Carolina Hurricanes","CAR","2","Philadelphia Flyers","PHI","3",
"2006-03-08","Pittsburgh Penguins","PIT","3","Washington Capitals","WSH","6",
"2006-03-09","Montreal Canadiens","MTL","3","Boston Bruins","BOS","0",
"2006-03-09","Tampa Bay Lightning","TBL","5","Buffalo Sabres","BUF","8",
"2006-03-09","Phoenix Coyotes","PHX","4","Columbus Blue Jackets","CBJ","5",
"2006-03-09","Dallas Stars","DAL","0","Calgary Flames","CGY","1",
"2006-03-09","Colorado Avalanche","COL","2","Chicago Blackhawks","CHI","1",
"2006-03-09","Los Angeles Kings","LAK","3","Detroit Red Wings","DET","7",
"2006-03-09","Edmonton Oilers","EDM","2","San Jose Sharks","SJS","5",
"2006-03-09","Nashville Predators","NSH","3","Vancouver Canucks","VAN","2",
"2006-03-10","Ottawa Senators","OTT","3","Atlanta Thrashers","ATL","1",
"2006-03-10","Carolina Hurricanes","CAR","3","Florida Panthers","FLA","5",
"2006-03-10","Toronto Maple Leafs","TOR","1","New York Islanders","NYI","2",
"2006-03-10","Minnesota Wild","MIN","1","St. Louis Blues","STL","2",
"2006-03-10","New Jersey Devils","NJD","4","Washington Capitals","WSH","3",
"2006-03-11","New York Islanders","NYI","3","Boston Bruins","BOS","1",
"2006-03-11","Edmonton Oilers","EDM","3","Columbus Blue Jackets","CBJ","4",
"2006-03-11","Chicago Blackhawks","CHI","4","Detroit Red Wings","DET","6",
"2006-03-11","Carolina Hurricanes","CAR","3","Florida Panthers","FLA","4",
"2006-03-11","New York Rangers","NYR","0","Montreal Canadiens","MTL","1",
"2006-03-11","Buffalo Sabres","BUF","6","Philadelphia Flyers","PHI","5",
"2006-03-11","Mighty Ducks of Anaheim","MDA","5","Phoenix Coyotes","PHX","3",
"2006-03-11","New Jersey Devils","NJD","3","Pittsburgh Penguins","PIT","6",
"2006-03-11","Nashville Predators","NSH","2","San Jose Sharks","SJS","3",
"2006-03-11","Los Angeles Kings","LAK","2","St. Louis Blues","STL","1",
"2006-03-11","Tampa Bay Lightning","TBL","1","Toronto Maple Leafs","TOR","5",
"2006-03-11","Dallas Stars","DAL","2","Vancouver Canucks","VAN","1",
"2006-03-12","Boston Bruins","BOS","2","Buffalo Sabres","BUF","6",
"2006-03-12","Detroit Red Wings","DET","5","Chicago Blackhawks","CHI","3",
"2006-03-12","Calgary Flames","CGY","0","Colorado Avalanche","COL","3",
"2006-03-12","Phoenix Coyotes","PHX","2","Mighty Ducks of Anaheim","MDA","5",
"2006-03-12","Edmonton Oilers","EDM","3","Minnesota Wild","MIN","4",
"2006-03-12","Atlanta Thrashers","ATL","3","New York Rangers","NYR","2",
"2006-03-12","Philadelphia Flyers","PHI","0","Pittsburgh Penguins","PIT","2",
"2006-03-12","Ottawa Senators","OTT","5","Washington Capitals","WSH","2",
"2006-03-13","Colorado Avalanche","COL","3","Calgary Flames","CGY","4",
"2006-03-13","Vancouver Canucks","VAN","2","Dallas Stars","DAL","4",
"2006-03-13","Tampa Bay Lightning","TBL","2","Montreal Canadiens","MTL","1",
"2006-03-13","Los Angeles Kings","LAK","3","San Jose Sharks","SJS","4",
"2006-03-13","Columbus Blue Jackets","CBJ","2","St. Louis Blues","STL","3",
"2006-03-14","New York Rangers","NYR","3","Carolina Hurricanes","CAR","5",
"2006-03-14","Phoenix Coyotes","PHX","6","Los Angeles Kings","LAK","2",
"2006-03-14","Edmonton Oilers","EDM","2","Minnesota Wild","MIN","1",
"2006-03-14","New York Islanders","NYI","6","New Jersey Devils","NJD","1",
"2006-03-14","Vancouver Canucks","VAN","0","Nashville Predators","NSH","5",
"2006-03-14","Tampa Bay Lightning","TBL","3","Ottawa Senators","OTT","4",
"2006-03-14","Boston Bruins","BOS","4","Toronto Maple Leafs","TOR","5",
"2006-03-14","Buffalo Sabres","BUF","6","Washington Capitals","WSH","4",
"2006-03-15","Columbus Blue Jackets","CBJ","2","Chicago Blackhawks","CHI","3",
"2006-03-15","Mighty Ducks of Anaheim","MDA","1","Detroit Red Wings","DET","3",
"2006-03-15","Philadelphia Flyers","PHI","4","Florida Panthers","FLA","0",
"2006-03-16","New York Islanders","NYI","2","Atlanta Thrashers","ATL","4",
"2006-03-16","Ottawa Senators","OTT","2","Boston Bruins","BOS","3",
"2006-03-16","Toronto Maple Leafs","TOR","1","Buffalo Sabres","BUF","3",
"2006-03-16","Calgary Flames","CGY","2","Edmonton Oilers","EDM","3",
"2006-03-16","Dallas Stars","DAL","4","Los Angeles Kings","LAK","1",
"2006-03-16","Carolina Hurricanes","CAR","5","Montreal Canadiens","MTL","1",
"2006-03-16","Pittsburgh Penguins","PIT","1","New Jersey Devils","NJD","2",
"2006-03-16","Phoenix Coyotes","PHX","0","Nashville Predators","NSH","2",
"2006-03-16","Washington Capitals","WSH","4","New York Rangers","NYR","5",
"2006-03-16","St. Louis Blues","STL","2","San Jose Sharks","SJS","5",
"2006-03-17","Vancouver Canucks","VAN","3","Columbus Blue Jackets","CBJ","2",
"2006-03-17","Mighty Ducks of Anaheim","MDA","2","Chicago Blackhawks","CHI","1",
"2006-03-17","New York Islanders","NYI","2","Florida Panthers","FLA","4",
"2006-03-17","Philadelphia Flyers","PHI","3","Tampa Bay Lightning","TBL","6",
"2006-03-18","Philadelphia Flyers","PHI","4","Atlanta Thrashers","ATL","2",
"2006-03-18","Carolina Hurricanes","CAR","2","Boston Bruins","BOS","4",
"2006-03-18","Detroit Red Wings","DET","4","Edmonton Oilers","EDM","3",
"2006-03-18","St. Louis Blues","STL","1","Los Angeles Kings","LAK","3",
"2006-03-18","Pittsburgh Penguins","PIT","5","Montreal Canadiens","MTL","4",
"2006-03-18","Calgary Flames","CGY","4","Nashville Predators","NSH","9",
"2006-03-18","Toronto Maple Leafs","TOR","2","New York Rangers","NYR","5",
"2006-03-18","Buffalo Sabres","BUF","2","Ottawa Senators","OTT","4",
"2006-03-18","Dallas Stars","DAL","4","San Jose Sharks","SJS","3",
"2006-03-18","Florida Panthers","FLA","4","Washington Capitals","WSH","3",
"2006-03-19","Mighty Ducks of Anaheim","MDA","4","Columbus Blue Jackets","CBJ","3",
"2006-03-19","Phoenix Coyotes","PHX","3","Chicago Blackhawks","CHI","2",
"2006-03-19","Calgary Flames","CGY","3","Minnesota Wild","MIN","2",
"2006-03-19","Ottawa Senators","OTT","4","New Jersey Devils","NJD","0",
"2006-03-19","Toronto Maple Leafs","TOR","1","Pittsburgh Penguins","PIT","0",
"2006-03-19","Colorado Avalanche","COL","5","San Jose Sharks","SJS","6",
"2006-03-19","New York Islanders","NYI","2","Tampa Bay Lightning","TBL","5",
"2006-03-19","Detroit Red Wings","DET","7","Vancouver Canucks","VAN","3",
"2006-03-20","Buffalo Sabres","BUF","0","Atlanta Thrashers","ATL","5",
"2006-03-20","Mighty Ducks of Anaheim","MDA","2","Dallas Stars","DAL","1",
"2006-03-20","Tampa Bay Lightning","TBL","5","Florida Panthers","FLA","6",
"2006-03-20","Colorado Avalanche","COL","5","Los Angeles Kings","LAK","0",
"2006-03-20","St. Louis Blues","STL","2","Nashville Predators","NSH","4",
"2006-03-20","Boston Bruins","BOS","2","New York Rangers","NYR","5",
"2006-03-20","Montreal Canadiens","MTL","4","Washington Capitals","WSH","2",
"2006-03-21","Atlanta Thrashers","ATL","5","Boston Bruins","BOS","4",
"2006-03-21","Phoenix Coyotes","PHX","5","Columbus Blue Jackets","CBJ","2",
"2006-03-21","Nashville Predators","NSH","3","Detroit Red Wings","DET","2",
"2006-03-21","Vancouver Canucks","VAN","4","Edmonton Oilers","EDM","1",
"2006-03-21","Calgary Flames","CGY","1","Minnesota Wild","MIN","3",
"2006-03-21","Montreal Canadiens","MTL","1","New York Islanders","NYI","3",
"2006-03-21","Pittsburgh Penguins","PIT","2","Ottawa Senators","OTT","5",
"2006-03-21","New Jersey Devils","NJD","1","Philadelphia Flyers","PHI","2",
"2006-03-21","San Jose Sharks","SJS","6","St. Louis Blues","STL","0",
"2006-03-21","Carolina Hurricanes","CAR","2","Toronto Maple Leafs","TOR","3",
"2006-03-22","Carolina Hurricanes","CAR","4","Buffalo Sabres","BUF","3",
"2006-03-22","Minnesota Wild","MIN","2","Dallas Stars","DAL","4",
"2006-03-22","Washington Capitals","WSH","2","Florida Panthers","FLA","3",
"2006-03-22","Colorado Avalanche","COL","4","Mighty Ducks of Anaheim","MDA","5",
"2006-03-22","Philadelphia Flyers","PHI","6","New York Rangers","NYR","3",
"2006-03-23","New Jersey Devils","NJD","5","Atlanta Thrashers","ATL","6",
"2006-03-23","San Jose Sharks","SJS","0","Detroit Red Wings","DET","4",
"2006-03-23","Toronto Maple Leafs","TOR","1","Montreal Canadiens","MTL","5",
"2006-03-23","Chicago Blackhawks","CHI","3","Phoenix Coyotes","PHX","4",
"2006-03-23","Calgary Flames","CGY","7","St. Louis Blues","STL","2",
"2006-03-23","Washington Capitals","WSH","3","Tampa Bay Lightning","TBL","4",
"2006-03-23","Edmonton Oilers","EDM","3","Vancouver Canucks","VAN","4",
"2006-03-24","Ottawa Senators","OTT","3","Buffalo Sabres","BUF","1",
"2006-03-24","Calgary Flames","CGY","2","Columbus Blue Jackets","CBJ","3",
"2006-03-24","Chicago Blackhawks","CHI","2","Dallas Stars","DAL","3",
"2006-03-24","New York Rangers","NYR","2","Florida Panthers","FLA","3",
"2006-03-24","Nashville Predators","NSH","3","Mighty Ducks of Anaheim","MDA","6",
"2006-03-24","Boston Bruins","BOS","2","New Jersey Devils","NJD","4",
"2006-03-24","New York Islanders","NYI","3","Pittsburgh Penguins","PIT","4",
"2006-03-25","Buffalo Sabres","BUF","4","Boston Bruins","BOS","5",
"2006-03-25","Washington Capitals","WSH","3","Carolina Hurricanes","CAR","1",
"2006-03-25","Columbus Blue Jackets","CBJ","5","Detroit Red Wings","DET","4",
"2006-03-25","Nashville Predators","NSH","4","Los Angeles Kings","LAK","6",
"2006-03-25","San Jose Sharks","SJS","5","Minnesota Wild","MIN","1",
"2006-03-25","Toronto Maple Leafs","TOR","2","Montreal Canadiens","MTL","6",
"2006-03-25","Atlanta Thrashers","ATL","1","New York Islanders","NYI","5",
"2006-03-25","Ottawa Senators","OTT","3","Philadelphia Flyers","PHI","6",
"2006-03-25","Mighty Ducks of Anaheim","MDA","5","Phoenix Coyotes","PHX","2",
"2006-03-25","Colorado Avalanche","COL","3","St. Louis Blues","STL","2",
"2006-03-25","New York Rangers","NYR","3","Tampa Bay Lightning","TBL","4",
"2006-03-25","Edmonton Oilers","EDM","3","Vancouver Canucks","VAN","2",
"2006-03-26","San Jose Sharks","SJS","5","Chicago Blackhawks","CHI","4",
"2006-03-26","Edmonton Oilers","EDM","4","Colorado Avalanche","COL","3",
"2006-03-26","Calgary Flames","CGY","2","Dallas Stars","DAL","3",
"2006-03-26","Toronto Maple Leafs","TOR","4","New Jersey Devils","NJD","3",
"2006-03-26","Montreal Canadiens","MTL","6","Pittsburgh Penguins","PIT","5",
"2006-03-27","Florida Panthers","FLA","4","Boston Bruins","BOS","3",
"2006-03-27","Tampa Bay Lightning","TBL","1","Carolina Hurricanes","CAR","2",
"2006-03-27","Buffalo Sabres","BUF","4","New York Rangers","NYR","5",
"2006-03-27","Detroit Red Wings","DET","4","St. Louis Blues","STL","1",
"2006-03-27","Los Angeles Kings","LAK","4","Vancouver Canucks","VAN","7",
"2006-03-28","San Jose Sharks","SJS","1","Columbus Blue Jackets","CBJ","4",
"2006-03-28","Mighty Ducks of Anaheim","MDA","3","Colorado Avalanche","COL","4",
"2006-03-28","Minnesota Wild","MIN","3","Edmonton Oilers","EDM","2",
"2006-03-28","New York Islanders","NYI","0","Montreal Canadiens","MTL","2",
"2006-03-28","New Jersey Devils","NJD","3","Ottawa Senators","OTT","2",
"2006-03-28","Toronto Maple Leafs","TOR","3","Philadelphia Flyers","PHI","2",
"2006-03-28","Nashville Predators","NSH","3","Phoenix Coyotes","PHX","5",
"2006-03-29","Boston Bruins","BOS","3","Buffalo Sabres","BUF","4",
"2006-03-29","Washington Capitals","WSH","5","Carolina Hurricanes","CAR","1",
"2006-03-29","Los Angeles Kings","LAK","1","Calgary Flames","CGY","2",
"2006-03-29","St. Louis Blues","STL","2","Chicago Blackhawks","CHI","3",
"2006-03-29","Mighty Ducks of Anaheim","MDA","1","Dallas Stars","DAL","2",
"2006-03-29","New York Rangers","NYR","5","New York Islanders","NYI","1",
"2006-03-29","Florida Panthers","FLA","5","Pittsburgh Penguins","PIT","3",
"2006-03-29","Minnesota Wild","MIN","1","Vancouver Canucks","VAN","2",
"2006-03-30","Los Angeles Kings","LAK","0","Edmonton Oilers","EDM","4",
"2006-03-30","Washington Capitals","WSH","2","Montreal Canadiens","MTL","3",
"2006-03-30","Buffalo Sabres","BUF","1","New Jersey Devils","NJD","3",
"2006-03-30","Detroit Red Wings","DET","4","Nashville Predators","NSH","2",
"2006-03-30","New York Rangers","NYR","1","Ottawa Senators","OTT","4",
"2006-03-30","Phoenix Coyotes","PHX","5","San Jose Sharks","SJS","2",
"2006-03-30","Atlanta Thrashers","ATL","3","Tampa Bay Lightning","TBL","4",
"2006-03-31","Florida Panthers","FLA","2","Carolina Hurricanes","CAR","3",
"2006-03-31","Colorado Avalanche","COL","3","Calgary Flames","CGY","6",
"2006-03-31","Chicago Blackhawks","CHI","3","Detroit Red Wings","DET","2",
"2006-03-31","Dallas Stars","DAL","4","Mighty Ducks of Anaheim","MDA","5",
"2006-03-31","Pittsburgh Penguins","PIT","4","New York Islanders","NYI","0",
"2006-03-31","Columbus Blue Jackets","CBJ","4","St. Louis Blues","STL","2",
"2006-03-31","Minnesota Wild","MIN","2","Vancouver Canucks","VAN","1",
"2006-04-01","Carolina Hurricanes","CAR","2","Atlanta Thrashers","ATL","5",
"2006-04-01","Chicago Blackhawks","CHI","2","Columbus Blue Jackets","CBJ","5",
"2006-04-01","Calgary Flames","CGY","4","Edmonton Oilers","EDM","1",
"2006-04-01","Tampa Bay Lightning","TBL","2","Florida Panthers","FLA","4",
"2006-04-01","Dallas Stars","DAL","0","Los Angeles Kings","LAK","1",
"2006-04-01","Boston Bruins","BOS","0","Montreal Canadiens","MTL","2",
"2006-04-01","St. Louis Blues","STL","1","Nashville Predators","NSH","2",
"2006-04-01","Washington Capitals","WSH","1","Ottawa Senators","OTT","0",
"2006-04-01","New Jersey Devils","NJD","4","Philadelphia Flyers","PHI","1",
"2006-04-01","Phoenix Coyotes","PHX","4","San Jose Sharks","SJS","3",
"2006-04-01","Buffalo Sabres","BUF","0","Toronto Maple Leafs","TOR","7",
"2006-04-02","Vancouver Canucks","VAN","2","Mighty Ducks of Anaheim","MDA","6",
"2006-04-02","Detroit Red Wings","DET","3","Minnesota Wild","MIN","2",
"2006-04-02","Philadelphia Flyers","PHI","4","New York Islanders","NYI","1",
"2006-04-02","New Jersey Devils","NJD","3","Pittsburgh Penguins","PIT","2",
"2006-04-03","Washington Capitals","WSH","5","Carolina Hurricanes","CAR","6",
"2006-04-03","Detroit Red Wings","DET","2","Calgary Flames","CGY","1",
"2006-04-03","Chicago Blackhawks","CHI","3","Colorado Avalanche","COL","4",
"2006-04-03","San Jose Sharks","SJS","3","Dallas Stars","DAL","2",
"2006-04-03","Phoenix Coyotes","PHX","1","Edmonton Oilers","EDM","7",
"2006-04-03","Vancouver Canucks","VAN","0","Los Angeles Kings","LAK","1",
"2006-04-03","Columbus Blue Jackets","CBJ","3","Nashville Predators","NSH","1",
"2006-04-03","Atlanta Thrashers","ATL","4","Ottawa Senators","OTT","6",
"2006-04-03","Florida Panthers","FLA","1","Tampa Bay Lightning","TBL","4",
"2006-04-03","Buffalo Sabres","BUF","3","Toronto Maple Leafs","TOR","2",
"2006-04-04","Los Angeles Kings","LAK","2","Mighty Ducks of Anaheim","MDA","6",
"2006-04-04","St. Louis Blues","STL","4","Minnesota Wild","MIN","5",
"2006-04-04","Boston Bruins","BOS","3","Montreal Canadiens","MTL","5",
"2006-04-04","Philadelphia Flyers","PHI","2","New York Rangers","NYR","3",
"2006-04-05","Ottawa Senators","OTT","4","Buffalo Sabres","BUF","5",
"2006-04-05","Phoenix Coyotes","PHX","2","Calgary Flames","CGY","5",
"2006-04-05","Nashville Predators","NSH","3","Chicago Blackhawks","CHI","4",
"2006-04-05","San Jose Sharks","SJS","2","Colorado Avalanche","COL","1",
"2006-04-05","Atlanta Thrashers","ATL","5","Florida Panthers","FLA","2",
"2006-04-05","Pittsburgh Penguins","PIT","4","New Jersey Devils","NJD","6",
"2006-04-05","New York Islanders","NYI","2","Toronto Maple Leafs","TOR","3",
"2006-04-05","Carolina Hurricanes","CAR","4","Washington Capitals","WSH","3",
"2006-04-06","Toronto Maple Leafs","TOR","2","Boston Bruins","BOS","3",
"2006-04-06","San Jose Sharks","SJS","5","Los Angeles Kings","LAK","0",
"2006-04-06","Dallas Stars","DAL","5","Mighty Ducks of Anaheim","MDA","3",
"2006-04-06","Edmonton Oilers","EDM","1","Minnesota Wild","MIN","2",
"2006-04-06","New York Islanders","NYI","1","New York Rangers","NYR","3",
"2006-04-06","Montreal Canadiens","MTL","5","Ottawa Senators","OTT","3",
"2006-04-06","Nashville Predators","NSH","3","St. Louis Blues","STL","0",
"2006-04-06","Atlanta Thrashers","ATL","2","Tampa Bay Lightning","TBL","3",
"2006-04-07","Philadelphia Flyers","PHI","4","Buffalo Sabres","BUF","2",
"2006-04-07","Minnesota Wild","MIN","1","Calgary Flames","CGY","2",
"2006-04-07","Edmonton Oilers","EDM","4","Chicago Blackhawks","CHI","3",
"2006-04-07","Columbus Blue Jackets","CBJ","5","Detroit Red Wings","DET","6",
"2006-04-07","Pittsburgh Penguins","PIT","5","Florida Panthers","FLA","1",
"2006-04-07","Carolina Hurricanes","CAR","4","Washington Capitals","WSH","3",
"2006-04-08","Carolina Hurricanes","CAR","2","Atlanta Thrashers","ATL","5",
"2006-04-08","New York Rangers","NYR","4","Boston Bruins","BOS","3",
"2006-04-08","Detroit Red Wings","DET","4","Columbus Blue Jackets","CBJ","2",
"2006-04-08","St. Louis Blues","STL","2","Colorado Avalanche","COL","4",
"2006-04-08","Mighty Ducks of Anaheim","MDA","4","Los Angeles Kings","LAK","2",
"2006-04-08","New Jersey Devils","NJD","3","Montreal Canadiens","MTL","2",
"2006-04-08","Chicago Blackhawks","CHI","1","Nashville Predators","NSH","2",
"2006-04-08","Washington Capitals","WSH","0","New York Islanders","NYI","5",
"2006-04-08","Buffalo Sabres","BUF","6","Ottawa Senators","OTT","2",
"2006-04-08","Toronto Maple Leafs","TOR","5","Philadelphia Flyers","PHI","2",
"2006-04-08","Dallas Stars","DAL","3","Phoenix Coyotes","PHX","2",
"2006-04-08","Pittsburgh Penguins","PIT","0","Tampa Bay Lightning","TBL","1",
"2006-04-08","Calgary Flames","CGY","2","Vancouver Canucks","VAN","3",
"2006-04-09","Minnesota Wild","MIN","5","Colorado Avalanche","COL","2",
"2006-04-09","Tampa Bay Lightning","TBL","3","Florida Panthers","FLA","6",
"2006-04-09","New York Rangers","NYR","2","New Jersey Devils","NJD","3",
"2006-04-09","Dallas Stars","DAL","1","San Jose Sharks","SJS","4",
"2006-04-09","Edmonton Oilers","EDM","1","St. Louis Blues","STL","2",
"2006-04-10","Washington Capitals","WSH","2","Boston Bruins","BOS","1",
"2006-04-10","Ottawa Senators","OTT","2","Montreal Canadiens","MTL","3",
"2006-04-10","San Jose Sharks","SJS","3","Phoenix Coyotes","PHX","2",
"2006-04-10","Mighty Ducks of Anaheim","MDA","4","Vancouver Canucks","VAN","2",
"2006-04-11","New Jersey Devils","NJD","4","Carolina Hurricanes","CAR","3",
"2006-04-11","Mighty Ducks of Anaheim","MDA","0","Calgary Flames","CGY","3",
"2006-04-11","Phoenix Coyotes","PHX","4","Colorado Avalanche","COL","6",
"2006-04-11","Columbus Blue Jackets","CBJ","2","Dallas Stars","DAL","3",
"2006-04-11","Edmonton Oilers","EDM","0","Detroit Red Wings","DET","2",
"2006-04-11","Chicago Blackhawks","CHI","0","Minnesota Wild","MIN","2",
"2006-04-11","New York Islanders","NYI","3","New York Rangers","NYR","2",
"2006-04-11","Boston Bruins","BOS","3","Ottawa Senators","OTT","4",
"2006-04-11","Pittsburgh Penguins","PIT","3","Philadelphia Flyers","PHI","4",
"2006-04-11","Nashville Predators","NSH","2","St. Louis Blues","STL","0",
"2006-04-11","Atlanta Thrashers","ATL","6","Tampa Bay Lightning","TBL","2",
"2006-04-11","Florida Panthers","FLA","5","Toronto Maple Leafs","TOR","6",
"2006-04-12","Montreal Canadiens","MTL","1","Buffalo Sabres","BUF","3",
"2006-04-12","San Jose Sharks","SJS","5","Vancouver Canucks","VAN","4",
"2006-04-13","Washington Capitals","WSH","3","Atlanta Thrashers","ATL","5",
"2006-04-13","Montreal Canadiens","MTL","4","Boston Bruins","BOS","3",
"2006-04-13","St. Louis Blues","STL","1","Columbus Blue Jackets","CBJ","4",
"2006-04-13","Colorado Avalanche","COL","0","Calgary Flames","CGY","2",
"2006-04-13","Detroit Red Wings","DET","7","Chicago Blackhawks","CHI","3",
"2006-04-13","Mighty Ducks of Anaheim","MDA","1","Edmonton Oilers","EDM","2",
"2006-04-13","Philadelphia Flyers","PHI","1","New Jersey Devils","NJD","4",
"2006-04-13","Minnesota Wild","MIN","2","Nashville Predators","NSH","4",
"2006-04-13","Toronto Maple Leafs","TOR","4","New York Islanders","NYI","3",
"2006-04-13","Florida Panthers","FLA","5","Ottawa Senators","OTT","4",
"2006-04-13","Los Angeles Kings","LAK","0","Phoenix Coyotes","PHX","3",
"2006-04-13","New York Rangers","NYR","3","Pittsburgh Penguins","PIT","5",
"2006-04-13","Vancouver Canucks","VAN","3","San Jose Sharks","SJS","5",
"2006-04-14","Tampa Bay Lightning","TBL","4","Carolina Hurricanes","CAR","5",
"2006-04-15","Boston Bruins","BOS","3","Atlanta Thrashers","ATL","4",
"2006-04-15","Chicago Blackhawks","CHI","2","Columbus Blue Jackets","CBJ","5",
"2006-04-15","Minnesota Wild","MIN","3","Dallas Stars","DAL","4",
"2006-04-15","Washington Capitals","WSH","2","Florida Panthers","FLA","1",
"2006-04-15","Calgary Flames","CGY","1","Los Angeles Kings","LAK","2",
"2006-04-15","Buffalo Sabres","BUF","4","Montreal Canadiens","MTL","2",
"2006-04-15","Phoenix Coyotes","PHX","1","Nashville Predators","NSH","5",
"2006-04-15","Pittsburgh Penguins","PIT","4","New York Islanders","NYI","5",
"2006-04-15","New York Rangers","NYR","1","Philadelphia Flyers","PHI","4",
"2006-04-15","Mighty Ducks of Anaheim","MDA","3","San Jose Sharks","SJS","6",
"2006-04-15","Detroit Red Wings","DET","3","St. Louis Blues","STL","2",
"2006-04-15","Carolina Hurricanes","CAR","2","Tampa Bay Lightning","TBL","3",
"2006-04-15","Ottawa Senators","OTT","1","Toronto Maple Leafs","TOR","5",
"2006-04-15","Colorado Avalanche","COL","3","Vancouver Canucks","VAN","4",
"2006-04-16","Toronto Maple Leafs","TOR","0","Buffalo Sabres","BUF","6",
"2006-04-16","Columbus Blue Jackets","CBJ","3","Chicago Blackhawks","CHI","4",
"2006-04-16","Philadelphia Flyers","PHI","1","New Jersey Devils","NJD","5",
"2006-04-16","Phoenix Coyotes","PHX","3","St. Louis Blues","STL","0",
"2006-04-17","Dallas Stars","DAL","2","Detroit Red Wings","DET","3",
"2006-04-17","Colorado Avalanche","COL","2","Edmonton Oilers","EDM","4",
"2006-04-17","Calgary Flames","CGY","3","Mighty Ducks of Anaheim","MDA","4",
"2006-04-17","New York Islanders","NYI","1","Pittsburgh Penguins","PIT","6",
"2006-04-17","Los Angeles Kings","LAK","4","San Jose Sharks","SJS","0",
"2006-04-17","Atlanta Thrashers","ATL","4","Washington Capitals","WSH","6",
"2006-04-18","Buffalo Sabres","BUF","4","Carolina Hurricanes","CAR","0",
"2006-04-18","Dallas Stars","DAL","4","Columbus Blue Jackets","CBJ","5",
"2006-04-18","St. Louis Blues","STL","2","Chicago Blackhawks","CHI","3",
"2006-04-18","Atlanta Thrashers","ATL","1","Florida Panthers","FLA","2",
"2006-04-18","New Jersey Devils","NJD","4","Montreal Canadiens","MTL","3",
"2006-04-18","Detroit Red Wings","DET","3","Nashville Predators","NSH","6",
"2006-04-18","Philadelphia Flyers","PHI","4","New York Islanders","NYI","1",
"2006-04-18","Ottawa Senators","OTT","5","New York Rangers","NYR","1",
"2006-04-18","Washington Capitals","WSH","4","Tampa Bay Lightning","TBL","1",
"2006-04-18","Pittsburgh Penguins","PIT","3","Toronto Maple Leafs","TOR","5",
