rank,teamName,teamAbrv,gamesPlayed,wins,losses,ties,points,pointsPercentage,goalsFor,goalsAgainst,simpleRatingSystem,strengthOfSchedule,totalGoalsPerGame,powerPlayGoals,powerPlayChances,powerPlayPercentage,powerPlayGoalsAgainst,powerPlayChancesAgainst,penaltyKillingPercentage,shortHandedGoals,shortHandedGoalsAgainst,shots,shootingPercentage,shotsAgainst,savePercentage,pdo
"1","Detroit Red Wings","DET","50","25","14","11","61",".610","169","124","0.75","-0.15","5.86","","","","","","","","","","","","",""
"2","Boston Bruins","BOS","50","24","17","9","57",".570","195","176","0.32","-0.06","7.42","","","","","","","","","","","","",""
"3","Toronto Maple Leafs","TOR","50","22","19","9","53",".530","198","159","0.65","-0.13","7.14","","","","","","","","","","","","",""
"4","Montreal Canadiens","MTL","50","19","19","12","50",".500","181","191","-0.17","0.03","7.44","","","","","","","","","","","","",""
"5","Chicago Black Hawks","CBH","50","17","18","15","49",".490","179","180","-0.02","0.00","7.18","","","","","","","","","","","","",""
"6","New York Rangers","NYR","50","11","31","8","30",".300","161","253","-1.53","0.31","8.28","","","","","","","","","","","","",""
