date,vistor,vistorAbrv,vistorGoals,home,homeAbrv,homeGoals,notes
"1990-10-04","Philadelphia Flyers","PHI","1","Boston Bruins","BOS","4",
"1990-10-04","Montreal Canadiens","MTL","3","Buffalo Sabres","BUF","3",
"1990-10-04","Vancouver Canucks","VAN","2","Calgary Flames","CGY","3",
"1990-10-04","New York Rangers","NYR","3","Chicago Blackhawks","CHI","4",
"1990-10-04","Quebec Nordiques","QUE","3","Hartford Whalers","HAR","3",
"1990-10-04","New York Islanders","NYI","1","Los Angeles Kings","LAK","4",
"1990-10-04","St. Louis Blues","STL","3","Minnesota North Stars","MNS","2",
"1990-10-04","Detroit Red Wings","DET","3","New Jersey Devils","NJD","3",
"1990-10-04","Toronto Maple Leafs","TOR","1","Winnipeg Jets","WIN","7",
"1990-10-05","Pittsburgh Penguins","PIT","7","Washington Capitals","WSH","4",
"1990-10-06","Quebec Nordiques","QUE","1","Boston Bruins","BOS","7",
"1990-10-06","Toronto Maple Leafs","TOR","1","Calgary Flames","CGY","4",
"1990-10-06","Winnipeg Jets","WIN","3","Edmonton Oilers","EDM","3",
"1990-10-06","New York Rangers","NYR","4","Hartford Whalers","HAR","5",
"1990-10-06","Vancouver Canucks","VAN","6","Los Angeles Kings","LAK","3",
"1990-10-06","New York Islanders","NYI","2","Minnesota North Stars","MNS","4",
"1990-10-06","Buffalo Sabres","BUF","5","Montreal Canadiens","MTL","6",
"1990-10-06","Philadelphia Flyers","PHI","1","New Jersey Devils","NJD","3",
"1990-10-06","Chicago Blackhawks","CHI","5","St. Louis Blues","STL","2",
"1990-10-06","Detroit Red Wings","DET","4","Washington Capitals","WSH","6",
"1990-10-07","New York Islanders","NYI","4","Chicago Blackhawks","CHI","2",
"1990-10-07","Toronto Maple Leafs","TOR","2","Edmonton Oilers","EDM","3",
"1990-10-07","Detroit Red Wings","DET","2","Philadelphia Flyers","PHI","7",
"1990-10-07","New Jersey Devils","NJD","4","Pittsburgh Penguins","PIT","7",
"1990-10-07","Boston Bruins","BOS","5","Quebec Nordiques","QUE","2",
"1990-10-08","Hartford Whalers","HAR","3","Montreal Canadiens","MTL","5",
"1990-10-08","Minnesota North Stars","MNS","3","New York Rangers","NYR","6",
"1990-10-08","Calgary Flames","CGY","4","Winnipeg Jets","WIN","3",
"1990-10-09","Minnesota North Stars","MNS","2","New Jersey Devils","NJD","5",
"1990-10-09","Pittsburgh Penguins","PIT","3","St. Louis Blues","STL","4",
"1990-10-09","Los Angeles Kings","LAK","6","Vancouver Canucks","VAN","2",
"1990-10-10","Calgary Flames","CGY","5","Detroit Red Wings","DET","6",
"1990-10-10","Buffalo Sabres","BUF","3","Hartford Whalers","HAR","4",
"1990-10-10","Washington Capitals","WSH","2","New York Rangers","NYR","4",
"1990-10-10","Quebec Nordiques","QUE","8","Toronto Maple Leafs","TOR","5",
"1990-10-10","Boston Bruins","BOS","4","Winnipeg Jets","WIN","2",
"1990-10-11","Pittsburgh Penguins","PIT","1","Chicago Blackhawks","CHI","4",
"1990-10-11","Edmonton Oilers","EDM","5","Los Angeles Kings","LAK","5",
"1990-10-11","Boston Bruins","BOS","3","Minnesota North Stars","MNS","3",
"1990-10-11","New Jersey Devils","NJD","4","Philadelphia Flyers","PHI","7",
"1990-10-12","Quebec Nordiques","QUE","4","Buffalo Sabres","BUF","2",
"1990-10-12","Hartford Whalers","HAR","2","Detroit Red Wings","DET","4",
"1990-10-12","Montreal Canadiens","MTL","0","New York Rangers","NYR","3",
"1990-10-12","St. Louis Blues","STL","0","Vancouver Canucks","VAN","4",
"1990-10-12","Winnipeg Jets","WIN","1","Washington Capitals","WSH","3",
"1990-10-13","Montreal Canadiens","MTL","2","Hartford Whalers","HAR","5",
"1990-10-13","Boston Bruins","BOS","1","Los Angeles Kings","LAK","7",
"1990-10-13","Chicago Blackhawks","CHI","4","Minnesota North Stars","MNS","1",
"1990-10-13","Calgary Flames","CGY","3","New Jersey Devils","NJD","5",
"1990-10-13","Pittsburgh Penguins","PIT","6","New York Islanders","NYI","4",
"1990-10-13","Winnipeg Jets","WIN","3","Philadelphia Flyers","PHI","4",
"1990-10-13","Buffalo Sabres","BUF","4","Quebec Nordiques","QUE","4",
"1990-10-13","Detroit Red Wings","DET","3","Toronto Maple Leafs","TOR","3",
"1990-10-13","New York Rangers","NYR","5","Washington Capitals","WSH","2",
"1990-10-14","Calgary Flames","CGY","3","Chicago Blackhawks","CHI","1",
"1990-10-14","St. Louis Blues","STL","1","Los Angeles Kings","LAK","4",
"1990-10-14","Edmonton Oilers","EDM","4","Vancouver Canucks","VAN","5",
"1990-10-15","Washington Capitals","WSH","1","Montreal Canadiens","MTL","3",
"1990-10-16","Chicago Blackhawks","CHI","2","Detroit Red Wings","DET","3",
"1990-10-16","St. Louis Blues","STL","5","Edmonton Oilers","EDM","2",
"1990-10-16","Winnipeg Jets","WIN","1","New York Islanders","NYI","4",
"1990-10-16","Philadelphia Flyers","PHI","5","Pittsburgh Penguins","PIT","1",
"1990-10-16","Hartford Whalers","HAR","1","Quebec Nordiques","QUE","1",
"1990-10-17","Montreal Canadiens","MTL","4","Buffalo Sabres","BUF","3",
"1990-10-17","Minnesota North Stars","MNS","2","Los Angeles Kings","LAK","5",
"1990-10-17","Washington Capitals","WSH","2","New Jersey Devils","NJD","3",
"1990-10-17","Winnipeg Jets","WIN","3","New York Rangers","NYR","5",
"1990-10-17","Hartford Whalers","HAR","3","Toronto Maple Leafs","TOR","1",
"1990-10-17","Boston Bruins","BOS","1","Vancouver Canucks","VAN","3",
"1990-10-18","St. Louis Blues","STL","4","Calgary Flames","CGY","3",
"1990-10-18","Toronto Maple Leafs","TOR","0","Chicago Blackhawks","CHI","3",
"1990-10-18","Montreal Canadiens","MTL","2","Detroit Red Wings","DET","5",
"1990-10-18","Quebec Nordiques","QUE","4","Philadelphia Flyers","PHI","5",
"1990-10-19","Pittsburgh Penguins","PIT","4","Buffalo Sabres","BUF","4",
"1990-10-19","Boston Bruins","BOS","1","Edmonton Oilers","EDM","8",
"1990-10-19","Hartford Whalers","HAR","2","Los Angeles Kings","LAK","5",
"1990-10-19","New York Rangers","NYR","2","New Jersey Devils","NJD","3",
"1990-10-19","Vancouver Canucks","VAN","5","Winnipeg Jets","WIN","7",
"1990-10-19","New York Islanders","NYI","3","Washington Capitals","WSH","4",
"1990-10-20","Boston Bruins","BOS","1","Calgary Flames","CGY","8",
"1990-10-20","Philadelphia Flyers","PHI","5","Montreal Canadiens","MTL","3",
"1990-10-20","Buffalo Sabres","BUF","3","New York Islanders","NYI","1",
"1990-10-20","New York Rangers","NYR","4","Pittsburgh Penguins","PIT","3",
"1990-10-20","Detroit Red Wings","DET","3","Quebec Nordiques","QUE","5",
"1990-10-20","Minnesota North Stars","MNS","2","St. Louis Blues","STL","2",
"1990-10-20","Chicago Blackhawks","CHI","2","Toronto Maple Leafs","TOR","6",
"1990-10-20","New Jersey Devils","NJD","0","Washington Capitals","WSH","4",
"1990-10-21","Minnesota North Stars","MNS","1","Chicago Blackhawks","CHI","7",
"1990-10-21","Calgary Flames","CGY","2","Edmonton Oilers","EDM","1",
"1990-10-21","Vancouver Canucks","VAN","3","Quebec Nordiques","QUE","2",
"1990-10-22","Toronto Maple Leafs","TOR","1","New York Rangers","NYR","5",
"1990-10-23","Vancouver Canucks","VAN","0","Detroit Red Wings","DET","6",
"1990-10-23","Calgary Flames","CGY","4","Los Angeles Kings","LAK","6",
"1990-10-23","New Jersey Devils","NJD","8","New York Islanders","NYI","1",
"1990-10-23","Washington Capitals","WSH","6","Philadelphia Flyers","PHI","2",
"1990-10-23","Montreal Canadiens","MTL","5","Pittsburgh Penguins","PIT","4",
"1990-10-24","Hartford Whalers","HAR","0","Minnesota North Stars","MNS","3",
"1990-10-24","New York Islanders","NYI","2","Montreal Canadiens","MTL","8",
"1990-10-24","St. Louis Blues","STL","8","Toronto Maple Leafs","TOR","3",
"1990-10-24","Edmonton Oilers","EDM","1","Winnipeg Jets","WIN","3",
"1990-10-25","Vancouver Canucks","VAN","2","Boston Bruins","BOS","4",
"1990-10-25","Edmonton Oilers","EDM","2","Calgary Flames","CGY","4",
"1990-10-25","Washington Capitals","WSH","2","Chicago Blackhawks","CHI","3",
"1990-10-25","Buffalo Sabres","BUF","1","New Jersey Devils","NJD","5",
"1990-10-25","Philadelphia Flyers","PHI","3","New York Rangers","NYR","5",
"1990-10-25","Quebec Nordiques","QUE","3","Pittsburgh Penguins","PIT","6",
"1990-10-25","Toronto Maple Leafs","TOR","5","St. Louis Blues","STL","8",
"1990-10-26","Minnesota North Stars","MNS","6","Detroit Red Wings","DET","8",
"1990-10-26","Los Angeles Kings","LAK","2","Winnipeg Jets","WIN","6",
"1990-10-27","Chicago Blackhawks","CHI","4","Boston Bruins","BOS","5",
"1990-10-27","Washington Capitals","WSH","4","Calgary Flames","CGY","9",
"1990-10-27","Vancouver Canucks","VAN","4","Hartford Whalers","HAR","2",
"1990-10-27","Detroit Red Wings","DET","2","Minnesota North Stars","MNS","2",
"1990-10-27","Pittsburgh Penguins","PIT","5","New Jersey Devils","NJD","7",
"1990-10-27","Philadelphia Flyers","PHI","2","New York Islanders","NYI","5",
"1990-10-27","New York Rangers","NYR","4","Quebec Nordiques","QUE","1",
"1990-10-27","Montreal Canadiens","MTL","0","St. Louis Blues","STL","3",
"1990-10-27","Buffalo Sabres","BUF","3","Toronto Maple Leafs","TOR","1",
"1990-10-28","Hartford Whalers","HAR","0","Buffalo Sabres","BUF","5",
"1990-10-28","Montreal Canadiens","MTL","1","Chicago Blackhawks","CHI","2",
"1990-10-28","Washington Capitals","WSH","1","Edmonton Oilers","EDM","0",
"1990-10-28","New York Islanders","NYI","3","Pittsburgh Penguins","PIT","8",
"1990-10-28","Los Angeles Kings","LAK","6","Winnipeg Jets","WIN","2",
"1990-10-29","Quebec Nordiques","QUE","0","New York Rangers","NYR","5",
"1990-10-30","New Jersey Devils","NJD","3","Calgary Flames","CGY","6",
"1990-10-30","St. Louis Blues","STL","5","Detroit Red Wings","DET","2",
"1990-10-30","Los Angeles Kings","LAK","4","New York Islanders","NYI","1",
"1990-10-30","Pittsburgh Penguins","PIT","6","Philadelphia Flyers","PHI","2",
"1990-10-30","Minnesota North Stars","MNS","4","Toronto Maple Leafs","TOR","5",
"1990-10-30","Washington Capitals","WSH","2","Vancouver Canucks","VAN","1",
"1990-10-31","Boston Bruins","BOS","3","Buffalo Sabres","BUF","3",
"1990-10-31","Winnipeg Jets","WIN","1","Edmonton Oilers","EDM","0",
"1990-10-31","Montreal Canadiens","MTL","4","Hartford Whalers","HAR","2",
"1990-10-31","Los Angeles Kings","LAK","4","New York Rangers","NYR","9",
"1990-11-01","St. Louis Blues","STL","2","Boston Bruins","BOS","3",
"1990-11-01","Winnipeg Jets","WIN","1","Calgary Flames","CGY","2",
"1990-11-01","Quebec Nordiques","QUE","2","Chicago Blackhawks","CHI","6",
"1990-11-01","Toronto Maple Leafs","TOR","4","Detroit Red Wings","DET","5",
"1990-11-01","Minnesota North Stars","MNS","3","Philadelphia Flyers","PHI","6",
"1990-11-01","New Jersey Devils","NJD","1","Vancouver Canucks","VAN","2",
"1990-11-02","New York Islanders","NYI","3","New York Rangers","NYR","2",
"1990-11-02","Los Angeles Kings","LAK","3","Washington Capitals","WSH","4",
"1990-11-03","Buffalo Sabres","BUF","4","Boston Bruins","BOS","1",
"1990-11-03","New Jersey Devils","NJD","5","Edmonton Oilers","EDM","2",
"1990-11-03","St. Louis Blues","STL","4","Hartford Whalers","HAR","1",
"1990-11-03","Detroit Red Wings","DET","2","Montreal Canadiens","MTL","5",
"1990-11-03","Washington Capitals","WSH","5","New York Islanders","NYI","2",
"1990-11-03","Chicago Blackhawks","CHI","3","Philadelphia Flyers","PHI","1",
"1990-11-03","New York Rangers","NYR","1","Pittsburgh Penguins","PIT","3",
"1990-11-03","Minnesota North Stars","MNS","2","Quebec Nordiques","QUE","0",
"1990-11-03","Calgary Flames","CGY","7","Toronto Maple Leafs","TOR","3",
"1990-11-03","Winnipeg Jets","WIN","5","Vancouver Canucks","VAN","3",
"1990-11-04","Calgary Flames","CGY","1","Buffalo Sabres","BUF","2",
"1990-11-04","Los Angeles Kings","LAK","2","Chicago Blackhawks","CHI","0",
"1990-11-04","Minnesota North Stars","MNS","2","Montreal Canadiens","MTL","2",
"1990-11-04","Philadelphia Flyers","PHI","7","Toronto Maple Leafs","TOR","1",
"1990-11-05","Boston Bruins","BOS","3","New York Rangers","NYR","2",
"1990-11-06","Chicago Blackhawks","CHI","1","Hartford Whalers","HAR","1",
"1990-11-06","Toronto Maple Leafs","TOR","3","New York Islanders","NYI","4",
"1990-11-06","Calgary Flames","CGY","5","Pittsburgh Penguins","PIT","6",
"1990-11-06","Washington Capitals","WSH","4","Quebec Nordiques","QUE","1",
"1990-11-06","Edmonton Oilers","EDM","1","St. Louis Blues","STL","2",
"1990-11-06","Detroit Red Wings","DET","3","Vancouver Canucks","VAN","6",
"1990-11-06","Philadelphia Flyers","PHI","4","Winnipeg Jets","WIN","2",
"1990-11-07","Boston Bruins","BOS","2","Montreal Canadiens","MTL","0",
"1990-11-07","New York Islanders","NYI","6","New Jersey Devils","NJD","3",
"1990-11-07","Buffalo Sabres","BUF","2","New York Rangers","NYR","6",
"1990-11-08","Edmonton Oilers","EDM","3","Chicago Blackhawks","CHI","5",
"1990-11-08","Detroit Red Wings","DET","1","Los Angeles Kings","LAK","5",
"1990-11-08","Quebec Nordiques","QUE","2","Minnesota North Stars","MNS","3",
"1990-11-08","Calgary Flames","CGY","8","Philadelphia Flyers","PHI","2",
"1990-11-08","St. Louis Blues","STL","3","Pittsburgh Penguins","PIT","2",
"1990-11-08","Vancouver Canucks","VAN","5","Toronto Maple Leafs","TOR","3",
"1990-11-09","Vancouver Canucks","VAN","1","Buffalo Sabres","BUF","7",
"1990-11-09","New York Rangers","NYR","3","New Jersey Devils","NJD","2",
"1990-11-09","Hartford Whalers","HAR","4","Winnipeg Jets","WIN","5",
"1990-11-10","Pittsburgh Penguins","PIT","3","Boston Bruins","BOS","3",
"1990-11-10","Edmonton Oilers","EDM","4","Los Angeles Kings","LAK","7",
"1990-11-10","Hartford Whalers","HAR","3","Minnesota North Stars","MNS","2",
"1990-11-10","New Jersey Devils","NJD","1","Montreal Canadiens","MTL","3",
"1990-11-10","Calgary Flames","CGY","1","New York Islanders","NYI","5",
"1990-11-10","Philadelphia Flyers","PHI","5","Quebec Nordiques","QUE","2",
"1990-11-10","Detroit Red Wings","DET","1","St. Louis Blues","STL","6",
"1990-11-10","Chicago Blackhawks","CHI","5","Toronto Maple Leafs","TOR","1",
"1990-11-10","Buffalo Sabres","BUF","4","Washington Capitals","WSH","2",
"1990-11-11","Winnipeg Jets","WIN","3","Chicago Blackhawks","CHI","3",
"1990-11-11","Quebec Nordiques","QUE","4","Montreal Canadiens","MTL","5",
"1990-11-11","Calgary Flames","CGY","4","New York Rangers","NYR","4",
"1990-11-11","Vancouver Canucks","VAN","0","Philadelphia Flyers","PHI","2",
"1990-11-11","Boston Bruins","BOS","5","Washington Capitals","WSH","3",
"1990-11-12","Winnipeg Jets","WIN","2","Toronto Maple Leafs","TOR","5",
"1990-11-13","Pittsburgh Penguins","PIT","4","Minnesota North Stars","MNS","1",
"1990-11-13","Montreal Canadiens","MTL","3","New Jersey Devils","NJD","6",
"1990-11-13","New York Rangers","NYR","1","Philadelphia Flyers","PHI","1",
"1990-11-13","Quebec Nordiques","QUE","2","St. Louis Blues","STL","4",
"1990-11-14","Chicago Blackhawks","CHI","3","Detroit Red Wings","DET","2",
"1990-11-14","Vancouver Canucks","VAN","3","Edmonton Oilers","EDM","5",
"1990-11-14","Boston Bruins","BOS","1","Hartford Whalers","HAR","3",
"1990-11-14","Buffalo Sabres","BUF","2","Los Angeles Kings","LAK","4",
"1990-11-14","Washington Capitals","WSH","3","Toronto Maple Leafs","TOR","5",
"1990-11-14","Pittsburgh Penguins","PIT","6","Winnipeg Jets","WIN","4",
"1990-11-15","Quebec Nordiques","QUE","0","Boston Bruins","BOS","6",
"1990-11-15","New York Islanders","NYI","4","Calgary Flames","CGY","3",
"1990-11-15","New York Rangers","NYR","4","Minnesota North Stars","MNS","2",
"1990-11-15","Hartford Whalers","HAR","4","New Jersey Devils","NJD","2",
"1990-11-15","Montreal Canadiens","MTL","1","Philadelphia Flyers","PHI","4",
"1990-11-16","Buffalo Sabres","BUF","2","Edmonton Oilers","EDM","4",
"1990-11-16","New York Islanders","NYI","2","Vancouver Canucks","VAN","3",
"1990-11-16","New York Rangers","NYR","6","Winnipeg Jets","WIN","4",
"1990-11-16","Chicago Blackhawks","CHI","4","Washington Capitals","WSH","3",
"1990-11-17","Montreal Canadiens","MTL","1","Boston Bruins","BOS","1",
"1990-11-17","Buffalo Sabres","BUF","3","Calgary Flames","CGY","3",
"1990-11-17","Washington Capitals","WSH","2","Hartford Whalers","HAR","4",
"1990-11-17","Pittsburgh Penguins","PIT","1","Los Angeles Kings","LAK","2",
"1990-11-17","St. Louis Blues","STL","3","Minnesota North Stars","MNS","2",
"1990-11-17","Philadelphia Flyers","PHI","2","New Jersey Devils","NJD","3",
"1990-11-17","Chicago Blackhawks","CHI","7","Quebec Nordiques","QUE","2",
"1990-11-17","Detroit Red Wings","DET","8","Toronto Maple Leafs","TOR","4",
"1990-11-18","New York Islanders","NYI","1","Edmonton Oilers","EDM","3",
"1990-11-18","New Jersey Devils","NJD","4","Philadelphia Flyers","PHI","1",
"1990-11-18","St. Louis Blues","STL","3","Winnipeg Jets","WIN","4",
"1990-11-19","Washington Capitals","WSH","3","Detroit Red Wings","DET","2",
"1990-11-19","Minnesota North Stars","MNS","2","New York Rangers","NYR","2",
"1990-11-19","Montreal Canadiens","MTL","5","Quebec Nordiques","QUE","2",
"1990-11-19","Boston Bruins","BOS","5","Toronto Maple Leafs","TOR","2",
"1990-11-19","Calgary Flames","CGY","6","Vancouver Canucks","VAN","4",
"1990-11-20","Chicago Blackhawks","CHI","3","Edmonton Oilers","EDM","1",
"1990-11-20","New Jersey Devils","NJD","4","Los Angeles Kings","LAK","5",
"1990-11-20","Winnipeg Jets","WIN","2","St. Louis Blues","STL","4",
"1990-11-21","New York Rangers","NYR","5","Buffalo Sabres","BUF","5",
"1990-11-21","Minnesota North Stars","MNS","3","Detroit Red Wings","DET","4",
"1990-11-21","Quebec Nordiques","QUE","4","Hartford Whalers","HAR","4",
"1990-11-21","Philadelphia Flyers","PHI","5","Pittsburgh Penguins","PIT","4",
"1990-11-21","Chicago Blackhawks","CHI","1","Vancouver Canucks","VAN","4",
"1990-11-21","Toronto Maple Leafs","TOR","3","Washington Capitals","WSH","5",
"1990-11-22","Los Angeles Kings","LAK","3","Calgary Flames","CGY","6",
"1990-11-22","Winnipeg Jets","WIN","1","New York Islanders","NYI","3",
"1990-11-23","Hartford Whalers","HAR","4","Boston Bruins","BOS","3",
"1990-11-23","Edmonton Oilers","EDM","2","Buffalo Sabres","BUF","3",
"1990-11-23","St. Louis Blues","STL","3","Detroit Red Wings","DET","5",
"1990-11-23","Vancouver Canucks","VAN","4","Minnesota North Stars","MNS","6",
"1990-11-23","Toronto Maple Leafs","TOR","1","Philadelphia Flyers","PHI","4",
"1990-11-23","Pittsburgh Penguins","PIT","3","Washington Capitals","WSH","7",
"1990-11-24","Chicago Blackhawks","CHI","5","Calgary Flames","CGY","3",
"1990-11-24","Boston Bruins","BOS","4","Hartford Whalers","HAR","3",
"1990-11-24","New Jersey Devils","NJD","5","Minnesota North Stars","MNS","3",
"1990-11-24","Los Angeles Kings","LAK","4","Montreal Canadiens","MTL","2",
"1990-11-24","New York Rangers","NYR","2","New York Islanders","NYI","2",
"1990-11-24","Washington Capitals","WSH","2","Pittsburgh Penguins","PIT","3",
"1990-11-24","Winnipeg Jets","WIN","11","Quebec Nordiques","QUE","4",
"1990-11-24","Vancouver Canucks","VAN","3","St. Louis Blues","STL","3",
"1990-11-24","Edmonton Oilers","EDM","4","Toronto Maple Leafs","TOR","1",
"1990-11-25","Winnipeg Jets","WIN","3","Montreal Canadiens","MTL","4",
"1990-11-25","New York Islanders","NYI","1","Philadelphia Flyers","PHI","4",
"1990-11-25","Los Angeles Kings","LAK","4","Quebec Nordiques","QUE","4",
"1990-11-26","Buffalo Sabres","BUF","0","New York Rangers","NYR","5",
"1990-11-27","Los Angeles Kings","LAK","3","Detroit Red Wings","DET","4",
"1990-11-27","Philadelphia Flyers","PHI","5","New York Islanders","NYI","1",
"1990-11-27","Edmonton Oilers","EDM","7","Pittsburgh Penguins","PIT","3",
"1990-11-27","Toronto Maple Leafs","TOR","4","St. Louis Blues","STL","3",
"1990-11-27","Minnesota North Stars","MNS","1","Vancouver Canucks","VAN","1",
"1990-11-28","Quebec Nordiques","QUE","4","Hartford Whalers","HAR","3",
"1990-11-28","Buffalo Sabres","BUF","2","Montreal Canadiens","MTL","1",
"1990-11-28","Philadelphia Flyers","PHI","5","New Jersey Devils","NJD","5",
"1990-11-28","Washington Capitals","WSH","6","New York Rangers","NYR","3",
"1990-11-28","Calgary Flames","CGY","2","Winnipeg Jets","WIN","2",
"1990-11-29","Edmonton Oilers","EDM","2","Boston Bruins","BOS","4",
"1990-11-29","Detroit Red Wings","DET","5","Chicago Blackhawks","CHI","1",
"1990-11-29","Hartford Whalers","HAR","6","Pittsburgh Penguins","PIT","4",
"1990-11-29","Los Angeles Kings","LAK","4","St. Louis Blues","STL","4",
"1990-11-29","Toronto Maple Leafs","TOR","1","Vancouver Canucks","VAN","2",
"1990-11-30","New York Islanders","NYI","5","New Jersey Devils","NJD","5",
"1990-11-30","New York Rangers","NYR","1","Philadelphia Flyers","PHI","5",
"1990-11-30","Minnesota North Stars","MNS","4","Winnipeg Jets","WIN","2",
"1990-11-30","Montreal Canadiens","MTL","4","Washington Capitals","WSH","3",
"1990-12-01","New York Rangers","NYR","5","Boston Bruins","BOS","4",
"1990-12-01","Chicago Blackhawks","CHI","3","Detroit Red Wings","DET","4",
"1990-12-01","Edmonton Oilers","EDM","4","Hartford Whalers","HAR","2",
"1990-12-01","Toronto Maple Leafs","TOR","4","Los Angeles Kings","LAK","3",
"1990-12-01","Pittsburgh Penguins","PIT","3","Minnesota North Stars","MNS","6",
"1990-12-01","Calgary Flames","CGY","5","Montreal Canadiens","MTL","3",
"1990-12-01","Washington Capitals","WSH","3","New York Islanders","NYI","1",
"1990-12-01","Buffalo Sabres","BUF","2","Quebec Nordiques","QUE","4",
"1990-12-01","New Jersey Devils","NJD","4","St. Louis Blues","STL","1",
"1990-12-02","Detroit Red Wings","DET","3","Buffalo Sabres","BUF","3",
"1990-12-02","St. Louis Blues","STL","2","Chicago Blackhawks","CHI","3",
"1990-12-02","Edmonton Oilers","EDM","6","Philadelphia Flyers","PHI","3",
"1990-12-02","Calgary Flames","CGY","5","Quebec Nordiques","QUE","5",
"1990-12-02","Vancouver Canucks","VAN","5","Winnipeg Jets","WIN","1",
"1990-12-03","Hartford Whalers","HAR","4","Montreal Canadiens","MTL","2",
"1990-12-03","Pittsburgh Penguins","PIT","9","New York Rangers","NYR","4",
"1990-12-03","New Jersey Devils","NJD","4","Winnipeg Jets","WIN","4",
"1990-12-04","Boston Bruins","BOS","5","Detroit Red Wings","DET","4",
"1990-12-04","Vancouver Canucks","VAN","4","New York Islanders","NYI","2",
"1990-12-05","New York Rangers","NYR","1","Calgary Flames","CGY","4",
"1990-12-05","Quebec Nordiques","QUE","2","Edmonton Oilers","EDM","3",
"1990-12-05","Montreal Canadiens","MTL","4","Hartford Whalers","HAR","3",
"1990-12-05","Winnipeg Jets","WIN","3","Los Angeles Kings","LAK","3",
"1990-12-05","Vancouver Canucks","VAN","4","New Jersey Devils","NJD","9",
"1990-12-05","Washington Capitals","WSH","3","Pittsburgh Penguins","PIT","1",
"1990-12-05","Minnesota North Stars","MNS","3","Toronto Maple Leafs","TOR","2",
"1990-12-06","Montreal Canadiens","MTL","6","Boston Bruins","BOS","4",
"1990-12-06","New York Islanders","NYI","2","Chicago Blackhawks","CHI","5",
"1990-12-06","Toronto Maple Leafs","TOR","2","Minnesota North Stars","MNS","1",
"1990-12-06","Buffalo Sabres","BUF","4","Philadelphia Flyers","PHI","3",
"1990-12-07","Hartford Whalers","HAR","4","Buffalo Sabres","BUF","3",
"1990-12-07","Quebec Nordiques","QUE","5","Calgary Flames","CGY","3",
"1990-12-07","St. Louis Blues","STL","6","Detroit Red Wings","DET","3",
"1990-12-07","New York Rangers","NYR","3","Edmonton Oilers","EDM","4",
"1990-12-07","Vancouver Canucks","VAN","2","Pittsburgh Penguins","PIT","2",
"1990-12-07","New Jersey Devils","NJD","2","Washington Capitals","WSH","5",
"1990-12-08","Pittsburgh Penguins","PIT","1","Hartford Whalers","HAR","3",
"1990-12-08","Winnipeg Jets","WIN","4","Los Angeles Kings","LAK","4",
"1990-12-08","Philadelphia Flyers","PHI","0","Minnesota North Stars","MNS","7",
"1990-12-08","Boston Bruins","BOS","1","Montreal Canadiens","MTL","7",
"1990-12-08","Washington Capitals","WSH","2","New Jersey Devils","NJD","4",
"1990-12-08","Detroit Red Wings","DET","1","St. Louis Blues","STL","2",
"1990-12-08","Chicago Blackhawks","CHI","2","Toronto Maple Leafs","TOR","1",
"1990-12-09","Boston Bruins","BOS","3","Buffalo Sabres","BUF","2",
"1990-12-09","Philadelphia Flyers","PHI","5","Chicago Blackhawks","CHI","4",
"1990-12-09","Calgary Flames","CGY","3","Edmonton Oilers","EDM","2",
"1990-12-10","Quebec Nordiques","QUE","3","Vancouver Canucks","VAN","2",
"1990-12-11","Buffalo Sabres","BUF","3","Detroit Red Wings","DET","8",
"1990-12-11","New York Rangers","NYR","6","Los Angeles Kings","LAK","4",
"1990-12-11","Calgary Flames","CGY","5","Minnesota North Stars","MNS","4",
"1990-12-11","New Jersey Devils","NJD","2","New York Islanders","NYI","3",
"1990-12-11","Chicago Blackhawks","CHI","4","Pittsburgh Penguins","PIT","1",
"1990-12-11","Winnipeg Jets","WIN","3","St. Louis Blues","STL","3",
"1990-12-11","Philadelphia Flyers","PHI","1","Washington Capitals","WSH","4",
"1990-12-12","Vancouver Canucks","VAN","4","Edmonton Oilers","EDM","5",
"1990-12-12","Boston Bruins","BOS","5","Hartford Whalers","HAR","1",
"1990-12-12","Montreal Canadiens","MTL","1","Toronto Maple Leafs","TOR","4",
"1990-12-13","Hartford Whalers","HAR","2","Boston Bruins","BOS","8",
"1990-12-13","Winnipeg Jets","WIN","4","Chicago Blackhawks","CHI","5",
"1990-12-13","Quebec Nordiques","QUE","2","Detroit Red Wings","DET","5",
"1990-12-13","Calgary Flames","CGY","4","Los Angeles Kings","LAK","1",
"1990-12-13","New York Islanders","NYI","2","Philadelphia Flyers","PHI","2",
"1990-12-13","New Jersey Devils","NJD","5","Pittsburgh Penguins","PIT","9",
"1990-12-13","Minnesota North Stars","MNS","2","St. Louis Blues","STL","4",
"1990-12-14","Pittsburgh Penguins","PIT","4","Buffalo Sabres","BUF","3",
"1990-12-14","New York Rangers","NYR","5","Vancouver Canucks","VAN","3",
"1990-12-15","New Jersey Devils","NJD","1","Boston Bruins","BOS","1",
"1990-12-15","Edmonton Oilers","EDM","3","Los Angeles Kings","LAK","8",
"1990-12-15","Chicago Blackhawks","CHI","1","Minnesota North Stars","MNS","5",
"1990-12-15","Detroit Red Wings","DET","3","Philadelphia Flyers","PHI","1",
"1990-12-15","New York Islanders","NYI","7","Quebec Nordiques","QUE","2",
"1990-12-15","St. Louis Blues","STL","4","Toronto Maple Leafs","TOR","2",
"1990-12-15","Montreal Canadiens","MTL","2","Winnipeg Jets","WIN","4",
"1990-12-15","Hartford Whalers","HAR","3","Washington Capitals","WSH","2",
"1990-12-16","St. Louis Blues","STL","5","Buffalo Sabres","BUF","3",
"1990-12-16","Minnesota North Stars","MNS","2","Chicago Blackhawks","CHI","5",
"1990-12-16","Detroit Red Wings","DET","1","Pittsburgh Penguins","PIT","4",
"1990-12-16","Calgary Flames","CGY","5","Vancouver Canucks","VAN","2",
"1990-12-16","Philadelphia Flyers","PHI","4","Winnipeg Jets","WIN","2",
"1990-12-17","Washington Capitals","WSH","3","New York Rangers","NYR","5",
"1990-12-18","Vancouver Canucks","VAN","3","Calgary Flames","CGY","2",
"1990-12-18","Philadelphia Flyers","PHI","1","Detroit Red Wings","DET","3",
"1990-12-18","Los Angeles Kings","LAK","3","Edmonton Oilers","EDM","4",
"1990-12-18","Buffalo Sabres","BUF","4","Hartford Whalers","HAR","3",
"1990-12-18","Boston Bruins","BOS","3","New Jersey Devils","NJD","8",
"1990-12-18","Toronto Maple Leafs","TOR","2","New York Islanders","NYI","2",
"1990-12-18","Winnipeg Jets","WIN","2","Pittsburgh Penguins","PIT","9",
"1990-12-18","Montreal Canadiens","MTL","4","Quebec Nordiques","QUE","6",
"1990-12-19","Washington Capitals","WSH","2","Chicago Blackhawks","CHI","3",
"1990-12-19","Quebec Nordiques","QUE","1","Montreal Canadiens","MTL","1",
"1990-12-19","Toronto Maple Leafs","TOR","4","New York Rangers","NYR","1",
"1990-12-20","Buffalo Sabres","BUF","1","Boston Bruins","BOS","4",
"1990-12-20","Los Angeles Kings","LAK","4","Calgary Flames","CGY","3",
"1990-12-20","Winnipeg Jets","WIN","1","Detroit Red Wings","DET","3",
"1990-12-20","Hartford Whalers","HAR","2","New York Islanders","NYI","4",
"1990-12-20","New Jersey Devils","NJD","3","Philadelphia Flyers","PHI","3",
"1990-12-20","Minnesota North Stars","MNS","3","Pittsburgh Penguins","PIT","4",
"1990-12-20","Washington Capitals","WSH","3","St. Louis Blues","STL","3",
"1990-12-20","Edmonton Oilers","EDM","4","Vancouver Canucks","VAN","7",
"1990-12-22","Minnesota North Stars","MNS","2","Boston Bruins","BOS","6",
"1990-12-22","Edmonton Oilers","EDM","6","Calgary Flames","CGY","2",
"1990-12-22","Philadelphia Flyers","PHI","0","Hartford Whalers","HAR","1",
"1990-12-22","New York Rangers","NYR","1","Montreal Canadiens","MTL","3",
"1990-12-22","Pittsburgh Penguins","PIT","4","New York Islanders","NYI","3",
"1990-12-22","New Jersey Devils","NJD","4","Quebec Nordiques","QUE","1",
"1990-12-22","Chicago Blackhawks","CHI","0","St. Louis Blues","STL","5",
"1990-12-22","Los Angeles Kings","LAK","3","Vancouver Canucks","VAN","4",
"1990-12-22","Detroit Red Wings","DET","5","Winnipeg Jets","WIN","2",
"1990-12-22","Toronto Maple Leafs","TOR","5","Washington Capitals","WSH","2",
"1990-12-23","Quebec Nordiques","QUE","3","Buffalo Sabres","BUF","10",
"1990-12-23","Detroit Red Wings","DET","2","Chicago Blackhawks","CHI","3",
"1990-12-23","Vancouver Canucks","VAN","3","Edmonton Oilers","EDM","4",
"1990-12-23","Minnesota North Stars","MNS","5","Hartford Whalers","HAR","2",
"1990-12-23","Toronto Maple Leafs","TOR","2","New Jersey Devils","NJD","4",
"1990-12-23","Boston Bruins","BOS","5","New York Rangers","NYR","5",
"1990-12-23","Montreal Canadiens","MTL","4","Philadelphia Flyers","PHI","4",
"1990-12-23","New York Islanders","NYI","4","Pittsburgh Penguins","PIT","3",
"1990-12-26","Boston Bruins","BOS","3","Buffalo Sabres","BUF","3",
"1990-12-26","St. Louis Blues","STL","6","Chicago Blackhawks","CHI","6",
"1990-12-26","Winnipeg Jets","WIN","6","Minnesota North Stars","MNS","4",
"1990-12-26","Hartford Whalers","HAR","4","Quebec Nordiques","QUE","1",
"1990-12-26","Pittsburgh Penguins","PIT","7","Washington Capitals","WSH","3",
"1990-12-27","Calgary Flames","CGY","1","Edmonton Oilers","EDM","4",
"1990-12-27","Philadelphia Flyers","PHI","7","Los Angeles Kings","LAK","5",
"1990-12-27","New York Islanders","NYI","1","New Jersey Devils","NJD","1",
"1990-12-27","St. Louis Blues","STL","4","Toronto Maple Leafs","TOR","6",
"1990-12-27","Montreal Canadiens","MTL","7","Vancouver Canucks","VAN","5",
"1990-12-28","Chicago Blackhawks","CHI","0","Buffalo Sabres","BUF","5",
"1990-12-28","Detroit Red Wings","DET","0","Pittsburgh Penguins","PIT","5",
"1990-12-28","Edmonton Oilers","EDM","5","Vancouver Canucks","VAN","2",
"1990-12-28","Boston Bruins","BOS","0","Winnipeg Jets","WIN","6",
"1990-12-28","New York Rangers","NYR","5","Washington Capitals","WSH","3",
"1990-12-29","Hartford Whalers","HAR","2","Calgary Flames","CGY","8",
"1990-12-29","Montreal Canadiens","MTL","3","Los Angeles Kings","LAK","2",
"1990-12-29","Boston Bruins","BOS","4","Minnesota North Stars","MNS","4",
"1990-12-29","Buffalo Sabres","BUF","4","New Jersey Devils","NJD","4",
"1990-12-29","Chicago Blackhawks","CHI","3","New York Islanders","NYI","1",
"1990-12-29","Washington Capitals","WSH","3","Quebec Nordiques","QUE","4",
"1990-12-29","Philadelphia Flyers","PHI","3","St. Louis Blues","STL","1",
"1990-12-29","Pittsburgh Penguins","PIT","3","Toronto Maple Leafs","TOR","6",
"1990-12-30","Hartford Whalers","HAR","3","Edmonton Oilers","EDM","4",
"1990-12-30","New Jersey Devils","NJD","2","New York Rangers","NYR","2",
"1990-12-31","Philadelphia Flyers","PHI","2","Buffalo Sabres","BUF","5",
"1990-12-31","Montreal Canadiens","MTL","2","Calgary Flames","CGY","7",
"1990-12-31","Chicago Blackhawks","CHI","4","Detroit Red Wings","DET","0",
"1990-12-31","Los Angeles Kings","LAK","4","Minnesota North Stars","MNS","2",
"1990-12-31","Quebec Nordiques","QUE","3","New York Islanders","NYI","6",
"1990-12-31","St. Louis Blues","STL","3","Pittsburgh Penguins","PIT","4",
"1990-12-31","Vancouver Canucks","VAN","1","Winnipeg Jets","WIN","2",
"1991-01-01","New Jersey Devils","NJD","3","Washington Capitals","WSH","4",
"1991-01-02","New York Islanders","NYI","4","Buffalo Sabres","BUF","5",
"1991-01-02","Minnesota North Stars","MNS","2","Detroit Red Wings","DET","6",
"1991-01-02","Montreal Canadiens","MTL","3","Edmonton Oilers","EDM","0",
"1991-01-02","Vancouver Canucks","VAN","2","Hartford Whalers","HAR","5",
"1991-01-02","Los Angeles Kings","LAK","1","New York Rangers","NYR","4",
"1991-01-02","Calgary Flames","CGY","3","Winnipeg Jets","WIN","3",
"1991-01-03","Vancouver Canucks","VAN","3","Boston Bruins","BOS","8",
"1991-01-03","New Jersey Devils","NJD","3","Chicago Blackhawks","CHI","5",
"1991-01-03","Toronto Maple Leafs","TOR","3","Minnesota North Stars","MNS","3",
"1991-01-03","Los Angeles Kings","LAK","6","New York Islanders","NYI","3",
"1991-01-03","New York Rangers","NYR","7","Pittsburgh Penguins","PIT","5",
"1991-01-03","Quebec Nordiques","QUE","7","St. Louis Blues","STL","8",
"1991-01-04","Winnipeg Jets","WIN","1","Buffalo Sabres","BUF","4",
"1991-01-04","Detroit Red Wings","DET","2","Edmonton Oilers","EDM","3",
"1991-01-04","Philadelphia Flyers","PHI","3","Washington Capitals","WSH","3",
"1991-01-05","Washington Capitals","WSH","5","Boston Bruins","BOS","3",
"1991-01-05","Detroit Red Wings","DET","0","Calgary Flames","CGY","7",
"1991-01-05","Winnipeg Jets","WIN","3","Hartford Whalers","HAR","4",
"1991-01-05","Vancouver Canucks","VAN","6","Minnesota North Stars","MNS","5",
"1991-01-05","Quebec Nordiques","QUE","0","Montreal Canadiens","MTL","3",
"1991-01-05","Philadelphia Flyers","PHI","2","New York Islanders","NYI","3",
"1991-01-05","New Jersey Devils","NJD","2","Pittsburgh Penguins","PIT","5",
"1991-01-05","New York Rangers","NYR","3","St. Louis Blues","STL","2",
"1991-01-05","Los Angeles Kings","LAK","4","Toronto Maple Leafs","TOR","2",
"1991-01-06","Los Angeles Kings","LAK","3","Chicago Blackhawks","CHI","1",
"1991-01-06","Pittsburgh Penguins","PIT","3","Montreal Canadiens","MTL","6",
"1991-01-07","Winnipeg Jets","WIN","2","Boston Bruins","BOS","5",
"1991-01-07","Philadelphia Flyers","PHI","2","New York Rangers","NYR","3",
"1991-01-08","Hartford Whalers","HAR","3","Los Angeles Kings","LAK","4",
"1991-01-08","St. Louis Blues","STL","5","New Jersey Devils","NJD","3",
"1991-01-08","Minnesota North Stars","MNS","3","New York Islanders","NYI","0",
"1991-01-08","Edmonton Oilers","EDM","1","Pittsburgh Penguins","PIT","6",
"1991-01-08","Boston Bruins","BOS","2","Quebec Nordiques","QUE","4",
"1991-01-08","Calgary Flames","CGY","5","Toronto Maple Leafs","TOR","3",
"1991-01-08","Buffalo Sabres","BUF","3","Vancouver Canucks","VAN","3",
"1991-01-09","Edmonton Oilers","EDM","3","Detroit Red Wings","DET","5",
"1991-01-09","New York Islanders","NYI","3","Montreal Canadiens","MTL","4",
"1991-01-09","St. Louis Blues","STL","3","New York Rangers","NYR","2",
"1991-01-10","Quebec Nordiques","QUE","3","Boston Bruins","BOS","5",
"1991-01-10","Toronto Maple Leafs","TOR","2","Chicago Blackhawks","CHI","7",
"1991-01-10","Buffalo Sabres","BUF","2","Los Angeles Kings","LAK","5",
"1991-01-10","Calgary Flames","CGY","1","Pittsburgh Penguins","PIT","5",
"1991-01-10","Hartford Whalers","HAR","5","Vancouver Canucks","VAN","4",
"1991-01-11","New York Rangers","NYR","3","Detroit Red Wings","DET","6",
"1991-01-11","Chicago Blackhawks","CHI","3","Winnipeg Jets","WIN","1",
"1991-01-11","Calgary Flames","CGY","2","Washington Capitals","WSH","4",
"1991-01-12","Philadelphia Flyers","PHI","3","Boston Bruins","BOS","1",
"1991-01-12","Vancouver Canucks","VAN","2","Los Angeles Kings","LAK","6",
"1991-01-12","Buffalo Sabres","BUF","5","Minnesota North Stars","MNS","3",
"1991-01-12","Washington Capitals","WSH","1","Montreal Canadiens","MTL","4",
"1991-01-12","Edmonton Oilers","EDM","5","New Jersey Devils","NJD","4",
"1991-01-12","Detroit Red Wings","DET","2","New York Islanders","NYI","2",
"1991-01-12","St. Louis Blues","STL","4","Quebec Nordiques","QUE","4",
"1991-01-12","Hartford Whalers","HAR","2","Toronto Maple Leafs","TOR","2",
"1991-01-13","Minnesota North Stars","MNS","3","Chicago Blackhawks","CHI","5",
"1991-01-13","St. Louis Blues","STL","3","Montreal Canadiens","MTL","1",
"1991-01-13","Hartford Whalers","HAR","3","New York Rangers","NYR","4",
"1991-01-13","Edmonton Oilers","EDM","5","Philadelphia Flyers","PHI","3",
"1991-01-13","New York Islanders","NYI","4","Quebec Nordiques","QUE","3",
"1991-01-13","Calgary Flames","CGY","3","Winnipeg Jets","WIN","4",
"1991-01-14","Detroit Red Wings","DET","1","Boston Bruins","BOS","6",
"1991-01-14","Los Angeles Kings","LAK","6","New Jersey Devils","NJD","1",
"1991-01-14","Buffalo Sabres","BUF","9","Toronto Maple Leafs","TOR","3",
"1991-01-15","Winnipeg Jets","WIN","5","Calgary Flames","CGY","7",
"1991-01-15","Montreal Canadiens","MTL","5","Minnesota North Stars","MNS","1",
"1991-01-15","Boston Bruins","BOS","5","New York Islanders","NYI","4",
"1991-01-15","Edmonton Oilers","EDM","2","New York Rangers","NYR","2",
"1991-01-15","Pittsburgh Penguins","PIT","4","Philadelphia Flyers","PHI","5",
"1991-01-15","Washington Capitals","WSH","3","St. Louis Blues","STL","7",
"1991-01-16","Detroit Red Wings","DET","3","Buffalo Sabres","BUF","5",
"1991-01-16","Los Angeles Kings","LAK","3","Hartford Whalers","HAR","4",
"1991-01-16","Chicago Blackhawks","CHI","2","New Jersey Devils","NJD","2",
"1991-01-16","Winnipeg Jets","WIN","2","Vancouver Canucks","VAN","1",
"1991-01-17","Los Angeles Kings","LAK","3","Boston Bruins","BOS","5",
"1991-01-17","Washington Capitals","WSH","2","Minnesota North Stars","MNS","5",
"1991-01-17","Edmonton Oilers","EDM","6","New York Islanders","NYI","1",
"1991-01-17","Chicago Blackhawks","CHI","3","New York Rangers","NYR","2",
"1991-01-17","Quebec Nordiques","QUE","1","Philadelphia Flyers","PHI","5",
"1991-01-17","Montreal Canadiens","MTL","4","St. Louis Blues","STL","2",
"1991-01-17","Pittsburgh Penguins","PIT","6","Toronto Maple Leafs","TOR","5",
"1991-01-21","Minnesota North Stars","MNS","0","Winnipeg Jets","WIN","2",
"1991-01-22","Boston Bruins","BOS","4","Buffalo Sabres","BUF","6",
"1991-01-22","Washington Capitals","WSH","2","Detroit Red Wings","DET","1",
"1991-01-22","Los Angeles Kings","LAK","2","Edmonton Oilers","EDM","4",
"1991-01-22","St. Louis Blues","STL","3","Minnesota North Stars","MNS","7",
"1991-01-22","New York Rangers","NYR","2","New York Islanders","NYI","3",
"1991-01-22","Calgary Flames","CGY","3","Philadelphia Flyers","PHI","4",
"1991-01-22","New Jersey Devils","NJD","3","Pittsburgh Penguins","PIT","5",
"1991-01-22","Toronto Maple Leafs","TOR","4","Quebec Nordiques","QUE","4",
"1991-01-23","Calgary Flames","CGY","4","Hartford Whalers","HAR","5",
"1991-01-23","Toronto Maple Leafs","TOR","3","Montreal Canadiens","MTL","7",
"1991-01-23","Edmonton Oilers","EDM","5","Vancouver Canucks","VAN","6",
"1991-01-24","Hartford Whalers","HAR","0","Boston Bruins","BOS","3",
"1991-01-24","Buffalo Sabres","BUF","5","Chicago Blackhawks","CHI","4",
"1991-01-24","Quebec Nordiques","QUE","1","New Jersey Devils","NJD","6",
"1991-01-24","Washington Capitals","WSH","1","Philadelphia Flyers","PHI","6",
"1991-01-25","St. Louis Blues","STL","9","Detroit Red Wings","DET","4",
"1991-01-25","New York Rangers","NYR","4","Edmonton Oilers","EDM","3",
"1991-01-25","Los Angeles Kings","LAK","5","Vancouver Canucks","VAN","1",
"1991-01-25","New York Islanders","NYI","1","Winnipeg Jets","WIN","8",
"1991-01-25","Minnesota North Stars","MNS","2","Washington Capitals","WSH","2",
"1991-01-26","Calgary Flames","CGY","2","Boston Bruins","BOS","5",
"1991-01-26","Toronto Maple Leafs","TOR","1","Chicago Blackhawks","CHI","5",
"1991-01-26","Philadelphia Flyers","PHI","3","Hartford Whalers","HAR","5",
"1991-01-26","Vancouver Canucks","VAN","4","Los Angeles Kings","LAK","5",
"1991-01-26","Buffalo Sabres","BUF","1","Montreal Canadiens","MTL","4",
"1991-01-26","Minnesota North Stars","MNS","3","New Jersey Devils","NJD","1",
"1991-01-26","Pittsburgh Penguins","PIT","6","Quebec Nordiques","QUE","5",
"1991-01-26","Detroit Red Wings","DET","4","St. Louis Blues","STL","5",
"1991-01-27","Calgary Flames","CGY","5","Buffalo Sabres","BUF","4",
"1991-01-27","Boston Bruins","BOS","3","Montreal Canadiens","MTL","1",
"1991-01-27","Edmonton Oilers","EDM","3","Winnipeg Jets","WIN","2",
"1991-01-27","New York Islanders","NYI","4","Washington Capitals","WSH","5",
"1991-01-28","New Jersey Devils","NJD","6","Detroit Red Wings","DET","2",
"1991-01-28","Minnesota North Stars","MNS","0","Toronto Maple Leafs","TOR","4",
"1991-01-28","Chicago Blackhawks","CHI","1","Vancouver Canucks","VAN","0",
"1991-01-29","New York Islanders","NYI","8","Hartford Whalers","HAR","1",
"1991-01-29","Washington Capitals","WSH","2","Pittsburgh Penguins","PIT","3",
"1991-01-29","Winnipeg Jets","WIN","5","Quebec Nordiques","QUE","2",
"1991-01-29","Buffalo Sabres","BUF","3","St. Louis Blues","STL","8",
"1991-01-30","New York Rangers","NYR","1","Calgary Flames","CGY","5",
"1991-01-30","Vancouver Canucks","VAN","4","Edmonton Oilers","EDM","9",
"1991-01-30","New Jersey Devils","NJD","4","Los Angeles Kings","LAK","2",
"1991-01-30","Detroit Red Wings","DET","2","Minnesota North Stars","MNS","5",
"1991-01-30","Winnipeg Jets","WIN","4","Montreal Canadiens","MTL","8",
"1991-01-31","Montreal Canadiens","MTL","2","Boston Bruins","BOS","5",
"1991-01-31","Quebec Nordiques","QUE","4","Buffalo Sabres","BUF","1",
"1991-01-31","Washington Capitals","WSH","4","New York Islanders","NYI","3",
"1991-01-31","Pittsburgh Penguins","PIT","2","Philadelphia Flyers","PHI","4",
"1991-01-31","Hartford Whalers","HAR","3","St. Louis Blues","STL","4",
"1991-01-31","New York Rangers","NYR","3","Vancouver Canucks","VAN","3",
"1991-02-01","Toronto Maple Leafs","TOR","1","Detroit Red Wings","DET","4",
"1991-02-01","Chicago Blackhawks","CHI","3","Edmonton Oilers","EDM","4",
"1991-02-02","Chicago Blackhawks","CHI","1","Calgary Flames","CGY","3",
"1991-02-02","Vancouver Canucks","VAN","1","Los Angeles Kings","LAK","9",
"1991-02-02","Montreal Canadiens","MTL","3","New York Islanders","NYI","3",
"1991-02-02","Hartford Whalers","HAR","2","Philadelphia Flyers","PHI","0",
"1991-02-02","Boston Bruins","BOS","2","Pittsburgh Penguins","PIT","6",
"1991-02-02","Minnesota North Stars","MNS","6","Quebec Nordiques","QUE","4",
"1991-02-02","New Jersey Devils","NJD","4","St. Louis Blues","STL","5",
"1991-02-02","Detroit Red Wings","DET","5","Toronto Maple Leafs","TOR","2",
"1991-02-02","Winnipeg Jets","WIN","4","Washington Capitals","WSH","2",
"1991-02-03","Pittsburgh Penguins","PIT","3","Boston Bruins","BOS","6",
"1991-02-03","Edmonton Oilers","EDM","3","Buffalo Sabres","BUF","2",
"1991-02-03","Hartford Whalers","HAR","1","New York Islanders","NYI","1",
"1991-02-03","Winnipeg Jets","WIN","4","New York Rangers","NYR","3",
"1991-02-04","Los Angeles Kings","LAK","6","Detroit Red Wings","DET","4",
"1991-02-04","Minnesota North Stars","MNS","3","Montreal Canadiens","MTL","5",
"1991-02-04","St. Louis Blues","STL","5","Toronto Maple Leafs","TOR","6",
"1991-02-05","Edmonton Oilers","EDM","5","Boston Bruins","BOS","6",
"1991-02-05","Calgary Flames","CGY","1","New Jersey Devils","NJD","2",
"1991-02-05","Los Angeles Kings","LAK","3","Philadelphia Flyers","PHI","2",
"1991-02-05","Vancouver Canucks","VAN","3","Washington Capitals","WSH","5",
"1991-02-06","St. Louis Blues","STL","5","Buffalo Sabres","BUF","4",
"1991-02-06","Edmonton Oilers","EDM","1","Hartford Whalers","HAR","5",
"1991-02-06","Chicago Blackhawks","CHI","8","Montreal Canadiens","MTL","3",
"1991-02-06","New York Islanders","NYI","2","New York Rangers","NYR","5",
"1991-02-06","Toronto Maple Leafs","TOR","5","Winnipeg Jets","WIN","5",
"1991-02-07","Calgary Flames","CGY","4","Boston Bruins","BOS","1",
"1991-02-07","Toronto Maple Leafs","TOR","2","Minnesota North Stars","MNS","4",
"1991-02-07","Vancouver Canucks","VAN","2","Philadelphia Flyers","PHI","1",
"1991-02-07","Montreal Canadiens","MTL","5","Quebec Nordiques","QUE","1",
"1991-02-08","Los Angeles Kings","LAK","4","Buffalo Sabres","BUF","4",
"1991-02-08","New York Islanders","NYI","4","Detroit Red Wings","DET","8",
"1991-02-08","Vancouver Canucks","VAN","1","New York Rangers","NYR","8",
"1991-02-08","Pittsburgh Penguins","PIT","2","Winnipeg Jets","WIN","6",
"1991-02-08","Edmonton Oilers","EDM","3","Washington Capitals","WSH","6",
"1991-02-09","Chicago Blackhawks","CHI","3","Boston Bruins","BOS","5",
"1991-02-09","Calgary Flames","CGY","5","Hartford Whalers","HAR","2",
"1991-02-09","Detroit Red Wings","DET","5","Minnesota North Stars","MNS","6",
"1991-02-09","New York Rangers","NYR","4","Montreal Canadiens","MTL","6",
"1991-02-09","New Jersey Devils","NJD","1","Quebec Nordiques","QUE","3",
"1991-02-09","Los Angeles Kings","LAK","4","St. Louis Blues","STL","5",
"1991-02-09","New York Islanders","NYI","2","Toronto Maple Leafs","TOR","3",
"1991-02-10","Chicago Blackhawks","CHI","1","Hartford Whalers","HAR","3",
"1991-02-10","Vancouver Canucks","VAN","0","New Jersey Devils","NJD","2",
"1991-02-10","Boston Bruins","BOS","7","Quebec Nordiques","QUE","4",
"1991-02-10","Buffalo Sabres","BUF","2","Winnipeg Jets","WIN","0",
"1991-02-10","Philadelphia Flyers","PHI","2","Washington Capitals","WSH","5",
"1991-02-11","Pittsburgh Penguins","PIT","5","Edmonton Oilers","EDM","7",
"1991-02-12","Winnipeg Jets","WIN","1","Detroit Red Wings","DET","6",
"1991-02-12","St. Louis Blues","STL","4","Edmonton Oilers","EDM","2",
"1991-02-12","Calgary Flames","CGY","4","Los Angeles Kings","LAK","4",
"1991-02-12","Minnesota North Stars","MNS","4","New York Islanders","NYI","5",
"1991-02-12","Buffalo Sabres","BUF","4","Quebec Nordiques","QUE","4",
"1991-02-13","Minnesota North Stars","MNS","6","Buffalo Sabres","BUF","6",
"1991-02-13","Detroit Red Wings","DET","2","Hartford Whalers","HAR","6",
"1991-02-13","Boston Bruins","BOS","7","Montreal Canadiens","MTL","4",
"1991-02-13","New Jersey Devils","NJD","3","New York Rangers","NYR","6",
"1991-02-13","Philadelphia Flyers","PHI","6","Toronto Maple Leafs","TOR","3",
"1991-02-14","Quebec Nordiques","QUE","1","Chicago Blackhawks","CHI","2",
"1991-02-14","Los Angeles Kings","LAK","4","Edmonton Oilers","EDM","2",
"1991-02-14","Winnipeg Jets","WIN","3","New Jersey Devils","NJD","3",
"1991-02-14","New York Islanders","NYI","2","Pittsburgh Penguins","PIT","5",
"1991-02-14","St. Louis Blues","STL","3","Vancouver Canucks","VAN","2",
"1991-02-15","Montreal Canadiens","MTL","2","Buffalo Sabres","BUF","2",
"1991-02-15","Washington Capitals","WSH","2","Calgary Flames","CGY","8",
"1991-02-15","Hartford Whalers","HAR","3","New York Rangers","NYR","5",
"1991-02-16","Minnesota North Stars","MNS","3","Detroit Red Wings","DET","0",
"1991-02-16","Boston Bruins","BOS","5","Los Angeles Kings","LAK","4",
"1991-02-16","Hartford Whalers","HAR","2","Montreal Canadiens","MTL","1",
"1991-02-16","Philadelphia Flyers","PHI","2","New Jersey Devils","NJD","3",
"1991-02-16","Pittsburgh Penguins","PIT","3","New York Islanders","NYI","4",
"1991-02-16","Edmonton Oilers","EDM","2","Toronto Maple Leafs","TOR","3",
"1991-02-16","Washington Capitals","WSH","2","Vancouver Canucks","VAN","4",
"1991-02-17","Toronto Maple Leafs","TOR","3","Buffalo Sabres","BUF","0",
"1991-02-17","St. Louis Blues","STL","4","Calgary Flames","CGY","7",
"1991-02-17","Detroit Red Wings","DET","3","Chicago Blackhawks","CHI","3",
"1991-02-17","Quebec Nordiques","QUE","0","Winnipeg Jets","WIN","6",
"1991-02-18","Washington Capitals","WSH","2","Los Angeles Kings","LAK","5",
"1991-02-18","Edmonton Oilers","EDM","4","New Jersey Devils","NJD","0",
"1991-02-18","New York Islanders","NYI","5","New York Rangers","NYR","4",
"1991-02-18","Chicago Blackhawks","CHI","3","Philadelphia Flyers","PHI","5",
"1991-02-18","Quebec Nordiques","QUE","3","Vancouver Canucks","VAN","3",
"1991-02-19","Detroit Red Wings","DET","4","Calgary Flames","CGY","4",
"1991-02-19","Buffalo Sabres","BUF","3","Pittsburgh Penguins","PIT","6",
"1991-02-19","Toronto Maple Leafs","TOR","2","St. Louis Blues","STL","3",
"1991-02-20","Montreal Canadiens","MTL","3","Hartford Whalers","HAR","5",
"1991-02-20","Quebec Nordiques","QUE","1","Los Angeles Kings","LAK","6",
"1991-02-20","Edmonton Oilers","EDM","1","Minnesota North Stars","MNS","5",
"1991-02-20","Vancouver Canucks","VAN","5","Winnipeg Jets","WIN","5",
"1991-02-21","Vancouver Canucks","VAN","4","Calgary Flames","CGY","6",
"1991-02-21","Boston Bruins","BOS","1","Chicago Blackhawks","CHI","4",
"1991-02-21","New York Rangers","NYR","4","Philadelphia Flyers","PHI","4",
"1991-02-21","Toronto Maple Leafs","TOR","4","Pittsburgh Penguins","PIT","11",
"1991-02-21","New York Islanders","NYI","2","St. Louis Blues","STL","7",
"1991-02-22","Detroit Red Wings","DET","5","Edmonton Oilers","EDM","5",
"1991-02-22","Pittsburgh Penguins","PIT","2","New Jersey Devils","NJD","5",
"1991-02-22","Los Angeles Kings","LAK","6","Winnipeg Jets","WIN","4",
"1991-02-22","New York Rangers","NYR","2","Washington Capitals","WSH","3",
"1991-02-23","Quebec Nordiques","QUE","8","Calgary Flames","CGY","10",
"1991-02-23","Buffalo Sabres","BUF","5","Hartford Whalers","HAR","4",
"1991-02-23","Chicago Blackhawks","CHI","3","Minnesota North Stars","MNS","3",
"1991-02-23","Toronto Maple Leafs","TOR","3","Montreal Canadiens","MTL","3",
"1991-02-23","Philadelphia Flyers","PHI","5","New York Islanders","NYI","3",
"1991-02-23","Boston Bruins","BOS","2","St. Louis Blues","STL","9",
"1991-02-23","Detroit Red Wings","DET","2","Vancouver Canucks","VAN","5",
"1991-02-24","Hartford Whalers","HAR","5","Buffalo Sabres","BUF","5",
"1991-02-24","St. Louis Blues","STL","2","Chicago Blackhawks","CHI","6",
"1991-02-24","Quebec Nordiques","QUE","3","Edmonton Oilers","EDM","6",
"1991-02-24","New Jersey Devils","NJD","2","New York Rangers","NYR","5",
"1991-02-24","New York Islanders","NYI","3","Philadelphia Flyers","PHI","4",
"1991-02-24","Los Angeles Kings","LAK","5","Winnipeg Jets","WIN","3",
"1991-02-24","Pittsburgh Penguins","PIT","5","Washington Capitals","WSH","5",
"1991-02-25","Toronto Maple Leafs","TOR","4","Detroit Red Wings","DET","5",
"1991-02-25","Washington Capitals","WSH","1","New Jersey Devils","NJD","5",
"1991-02-25","Calgary Flames","CGY","2","Vancouver Canucks","VAN","4",
"1991-02-26","Pittsburgh Penguins","PIT","2","Los Angeles Kings","LAK","8",
"1991-02-26","Philadelphia Flyers","PHI","2","Minnesota North Stars","MNS","2",
"1991-02-26","Buffalo Sabres","BUF","1","New York Islanders","NYI","1",
"1991-02-26","Chicago Blackhawks","CHI","1","St. Louis Blues","STL","3",
"1991-02-26","Hartford Whalers","HAR","4","Winnipeg Jets","WIN","5",
"1991-02-27","Edmonton Oilers","EDM","2","Calgary Flames","CGY","4",
"1991-02-27","Montreal Canadiens","MTL","3","Detroit Red Wings","DET","5",
"1991-02-27","Washington Capitals","WSH","4","New York Rangers","NYR","4",
"1991-02-27","New Jersey Devils","NJD","3","Toronto Maple Leafs","TOR","7",
"1991-02-27","Pittsburgh Penguins","PIT","3","Vancouver Canucks","VAN","4",
"1991-02-28","New York Islanders","NYI","0","Boston Bruins","BOS","5",
"1991-02-28","Hartford Whalers","HAR","3","Chicago Blackhawks","CHI","6",
"1991-02-28","Winnipeg Jets","WIN","2","Los Angeles Kings","LAK","4",
"1991-02-28","Buffalo Sabres","BUF","5","Quebec Nordiques","QUE","1",
"1991-02-28","New York Rangers","NYR","4","St. Louis Blues","STL","4",
"1991-03-01","Pittsburgh Penguins","PIT","2","Calgary Flames","CGY","6",
"1991-03-01","New Jersey Devils","NJD","6","Detroit Red Wings","DET","1",
"1991-03-01","Minnesota North Stars","MNS","1","Edmonton Oilers","EDM","1",
"1991-03-01","Montreal Canadiens","MTL","7","Vancouver Canucks","VAN","1",
"1991-03-02","Buffalo Sabres","BUF","7","Boston Bruins","BOS","4",
"1991-03-02","Minnesota North Stars","MNS","1","Calgary Flames","CGY","5",
"1991-03-02","Montreal Canadiens","MTL","3","Edmonton Oilers","EDM","1",
"1991-03-02","Winnipeg Jets","WIN","3","Los Angeles Kings","LAK","6",
"1991-03-02","St. Louis Blues","STL","4","Philadelphia Flyers","PHI","4",
"1991-03-02","Hartford Whalers","HAR","3","Quebec Nordiques","QUE","3",
"1991-03-02","New York Rangers","NYR","5","Toronto Maple Leafs","TOR","2",
"1991-03-02","New York Islanders","NYI","2","Washington Capitals","WSH","3",
"1991-03-03","Vancouver Canucks","VAN","0","Chicago Blackhawks","CHI","8",
"1991-03-03","Toronto Maple Leafs","TOR","4","Hartford Whalers","HAR","4",
"1991-03-03","Boston Bruins","BOS","3","New Jersey Devils","NJD","1",
"1991-03-04","Montreal Canadiens","MTL","2","Calgary Flames","CGY","3",
"1991-03-04","Philadelphia Flyers","PHI","2","New York Rangers","NYR","6",
"1991-03-05","Quebec Nordiques","QUE","3","Detroit Red Wings","DET","6",
"1991-03-05","St. Louis Blues","STL","4","Hartford Whalers","HAR","1",
"1991-03-05","New Jersey Devils","NJD","3","New York Islanders","NYI","4",
"1991-03-05","Vancouver Canucks","VAN","1","Pittsburgh Penguins","PIT","4",
"1991-03-05","Boston Bruins","BOS","3","Toronto Maple Leafs","TOR","6",
"1991-03-05","Edmonton Oilers","EDM","5","Winnipeg Jets","WIN","4",
"1991-03-05","Los Angeles Kings","LAK","3","Washington Capitals","WSH","3",
"1991-03-06","New Jersey Devils","NJD","3","Buffalo Sabres","BUF","3",
"1991-03-06","Montreal Canadiens","MTL","5","Chicago Blackhawks","CHI","3",
"1991-03-06","Edmonton Oilers","EDM","1","Minnesota North Stars","MNS","5",
"1991-03-07","St. Louis Blues","STL","5","Boston Bruins","BOS","5",
"1991-03-07","Philadelphia Flyers","PHI","2","Calgary Flames","CGY","4",
"1991-03-07","New York Islanders","NYI","0","Detroit Red Wings","DET","2",
"1991-03-07","Los Angeles Kings","LAK","2","Pittsburgh Penguins","PIT","3",
"1991-03-07","New York Rangers","NYR","2","Quebec Nordiques","QUE","4",
"1991-03-07","Vancouver Canucks","VAN","3","Toronto Maple Leafs","TOR","3",
"1991-03-08","Chicago Blackhawks","CHI","5","Buffalo Sabres","BUF","3",
"1991-03-08","Philadelphia Flyers","PHI","4","Edmonton Oilers","EDM","5",
"1991-03-08","Washington Capitals","WSH","2","Winnipeg Jets","WIN","1",
"1991-03-09","Toronto Maple Leafs","TOR","0","Boston Bruins","BOS","2",
"1991-03-09","Pittsburgh Penguins","PIT","5","Hartford Whalers","HAR","2",
"1991-03-09","Detroit Red Wings","DET","2","Minnesota North Stars","MNS","6",
"1991-03-09","Vancouver Canucks","VAN","2","Montreal Canadiens","MTL","4",
"1991-03-09","New York Rangers","NYR","4","New York Islanders","NYI","6",
"1991-03-09","Los Angeles Kings","LAK","3","Quebec Nordiques","QUE","0",
"1991-03-09","Calgary Flames","CGY","8","St. Louis Blues","STL","4",
"1991-03-10","Vancouver Canucks","VAN","7","Buffalo Sabres","BUF","5",
"1991-03-10","New York Rangers","NYR","2","Chicago Blackhawks","CHI","5",
"1991-03-10","Washington Capitals","WSH","5","Edmonton Oilers","EDM","3",
"1991-03-10","Quebec Nordiques","QUE","2","Hartford Whalers","HAR","1",
"1991-03-10","Calgary Flames","CGY","3","Minnesota North Stars","MNS","7",
"1991-03-10","Los Angeles Kings","LAK","4","Montreal Canadiens","MTL","4",
"1991-03-10","Pittsburgh Penguins","PIT","4","New York Islanders","NYI","3",
"1991-03-10","Detroit Red Wings","DET","4","St. Louis Blues","STL","1",
"1991-03-10","New Jersey Devils","NJD","3","Winnipeg Jets","WIN","4",
"1991-03-12","Winnipeg Jets","WIN","3","Calgary Flames","CGY","5",
"1991-03-12","Philadelphia Flyers","PHI","0","Los Angeles Kings","LAK","6",
"1991-03-12","Buffalo Sabres","BUF","2","Minnesota North Stars","MNS","5",
"1991-03-12","Montreal Canadiens","MTL","4","Pittsburgh Penguins","PIT","4",
"1991-03-12","Toronto Maple Leafs","TOR","4","Quebec Nordiques","QUE","3",
"1991-03-12","Hartford Whalers","HAR","3","Washington Capitals","WSH","2",
"1991-03-13","New York Islanders","NYI","1","Edmonton Oilers","EDM","2",
"1991-03-13","Toronto Maple Leafs","TOR","2","New Jersey Devils","NJD","3",
"1991-03-13","Detroit Red Wings","DET","4","New York Rangers","NYR","1",
"1991-03-13","Philadelphia Flyers","PHI","5","Vancouver Canucks","VAN","4",
"1991-03-13","Buffalo Sabres","BUF","6","Winnipeg Jets","WIN","2",
"1991-03-14","Montreal Canadiens","MTL","2","Boston Bruins","BOS","3",
"1991-03-14","New York Islanders","NYI","2","Calgary Flames","CGY","4",
"1991-03-14","Detroit Red Wings","DET","2","Hartford Whalers","HAR","4",
"1991-03-14","Chicago Blackhawks","CHI","6","Los Angeles Kings","LAK","3",
"1991-03-14","Minnesota North Stars","MNS","2","St. Louis Blues","STL","2",
"1991-03-14","Quebec Nordiques","QUE","3","Washington Capitals","WSH","5",
"1991-03-15","New York Rangers","NYR","2","New Jersey Devils","NJD","5",
"1991-03-15","Edmonton Oilers","EDM","3","Winnipeg Jets","WIN","4",
"1991-03-16","Detroit Red Wings","DET","5","Boston Bruins","BOS","3",
"1991-03-16","Los Angeles Kings","LAK","4","Calgary Flames","CGY","3",
"1991-03-16","New Jersey Devils","NJD","2","Hartford Whalers","HAR","6",
"1991-03-16","Buffalo Sabres","BUF","4","Montreal Canadiens","MTL","6",
"1991-03-16","Quebec Nordiques","QUE","3","Pittsburgh Penguins","PIT","6",
"1991-03-16","Chicago Blackhawks","CHI","3","St. Louis Blues","STL","2",
"1991-03-16","Minnesota North Stars","MNS","3","Toronto Maple Leafs","TOR","4",
"1991-03-16","New York Islanders","NYI","4","Vancouver Canucks","VAN","4",
"1991-03-16","Philadelphia Flyers","PHI","0","Washington Capitals","WSH","6",
"1991-03-17","Hartford Whalers","HAR","1","Buffalo Sabres","BUF","6",
"1991-03-17","St. Louis Blues","STL","4","Chicago Blackhawks","CHI","6",
"1991-03-17","Toronto Maple Leafs","TOR","3","Minnesota North Stars","MNS","4",
"1991-03-17","Edmonton Oilers","EDM","4","Montreal Canadiens","MTL","2",
"1991-03-17","Pittsburgh Penguins","PIT","4","New York Rangers","NYR","2",
"1991-03-17","Boston Bruins","BOS","3","Philadelphia Flyers","PHI","1",
"1991-03-17","Los Angeles Kings","LAK","4","Vancouver Canucks","VAN","5",
"1991-03-18","Winnipeg Jets","WIN","3","Calgary Flames","CGY","4",
"1991-03-19","Boston Bruins","BOS","1","Hartford Whalers","HAR","1",
"1991-03-19","Pittsburgh Penguins","PIT","4","New Jersey Devils","NJD","5",
"1991-03-19","Edmonton Oilers","EDM","7","Quebec Nordiques","QUE","6",
"1991-03-19","St. Louis Blues","STL","2","Washington Capitals","WSH","1",
"1991-03-20","Montreal Canadiens","MTL","2","Buffalo Sabres","BUF","3",
"1991-03-20","Toronto Maple Leafs","TOR","4","Los Angeles Kings","LAK","4",
"1991-03-20","Calgary Flames","CGY","3","Vancouver Canucks","VAN","2",
"1991-03-21","Quebec Nordiques","QUE","3","Boston Bruins","BOS","3",
"1991-03-21","New Jersey Devils","NJD","2","Chicago Blackhawks","CHI","2",
"1991-03-21","Washington Capitals","WSH","6","New York Islanders","NYI","2",
"1991-03-21","St. Louis Blues","STL","4","Philadelphia Flyers","PHI","1",
"1991-03-21","New York Rangers","NYR","4","Pittsburgh Penguins","PIT","5",
"1991-03-22","Toronto Maple Leafs","TOR","3","Detroit Red Wings","DET","1",
"1991-03-22","Winnipeg Jets","WIN","1","Vancouver Canucks","VAN","3",
"1991-03-22","Minnesota North Stars","MNS","1","Washington Capitals","WSH","3",
"1991-03-23","Buffalo Sabres","BUF","3","Boston Bruins","BOS","6",
"1991-03-23","Winnipeg Jets","WIN","3","Edmonton Oilers","EDM","0",
"1991-03-23","Calgary Flames","CGY","4","Los Angeles Kings","LAK","8",
"1991-03-23","New Jersey Devils","NJD","3","Montreal Canadiens","MTL","3",
"1991-03-23","St. Louis Blues","STL","3","New York Islanders","NYI","2",
"1991-03-23","New York Rangers","NYR","4","Philadelphia Flyers","PHI","7",
"1991-03-23","Chicago Blackhawks","CHI","7","Pittsburgh Penguins","PIT","5",
"1991-03-23","Hartford Whalers","HAR","3","Quebec Nordiques","QUE","7",
"1991-03-23","Detroit Red Wings","DET","1","Toronto Maple Leafs","TOR","4",
"1991-03-24","Philadelphia Flyers","PHI","2","Buffalo Sabres","BUF","6",
"1991-03-24","Minnesota North Stars","MNS","4","Chicago Blackhawks","CHI","5",
"1991-03-24","Los Angeles Kings","LAK","4","Edmonton Oilers","EDM","3",
"1991-03-24","New York Islanders","NYI","1","New York Rangers","NYR","3",
"1991-03-24","Boston Bruins","BOS","3","Washington Capitals","WSH","3",
"1991-03-25","St. Louis Blues","STL","5","Minnesota North Stars","MNS","4",
"1991-03-25","Hartford Whalers","HAR","2","Montreal Canadiens","MTL","3",
"1991-03-26","Vancouver Canucks","VAN","2","Calgary Flames","CGY","7",
"1991-03-26","Edmonton Oilers","EDM","0","Los Angeles Kings","LAK","2",
"1991-03-26","New Jersey Devils","NJD","3","New York Rangers","NYR","3",
"1991-03-26","Pittsburgh Penguins","PIT","3","Philadelphia Flyers","PHI","1",
"1991-03-26","Boston Bruins","BOS","7","Quebec Nordiques","QUE","4",
"1991-03-26","Chicago Blackhawks","CHI","2","Toronto Maple Leafs","TOR","2",
"1991-03-26","Buffalo Sabres","BUF","4","Washington Capitals","WSH","2",
"1991-03-27","Pittsburgh Penguins","PIT","7","Detroit Red Wings","DET","4",
"1991-03-27","Hartford Whalers","HAR","3","New Jersey Devils","NJD","4",
"1991-03-28","Quebec Nordiques","QUE","4","Buffalo Sabres","BUF","4",
"1991-03-28","Edmonton Oilers","EDM","4","Calgary Flames","CGY","4",
"1991-03-28","Toronto Maple Leafs","TOR","3","Chicago Blackhawks","CHI","5",
"1991-03-28","Minnesota North Stars","MNS","5","Los Angeles Kings","LAK","6",
"1991-03-28","Washington Capitals","WSH","3","Philadelphia Flyers","PHI","0",
"1991-03-28","New York Islanders","NYI","0","St. Louis Blues","STL","3",
"1991-03-28","Winnipeg Jets","WIN","2","Vancouver Canucks","VAN","3",
"1991-03-29","Calgary Flames","CGY","5","Edmonton Oilers","EDM","6",
"1991-03-30","New York Rangers","NYR","5","Detroit Red Wings","DET","6",
"1991-03-30","Buffalo Sabres","BUF","5","Hartford Whalers","HAR","5",
"1991-03-30","Chicago Blackhawks","CHI","1","Minnesota North Stars","MNS","2",
"1991-03-30","Quebec Nordiques","QUE","3","Montreal Canadiens","MTL","4",
"1991-03-30","Boston Bruins","BOS","3","New York Islanders","NYI","5",
"1991-03-30","Philadelphia Flyers","PHI","4","Pittsburgh Penguins","PIT","4",
"1991-03-30","Toronto Maple Leafs","TOR","2","St. Louis Blues","STL","5",
"1991-03-30","New Jersey Devils","NJD","0","Washington Capitals","WSH","4",
"1991-03-31","Hartford Whalers","HAR","3","Boston Bruins","BOS","7",
"1991-03-31","Washington Capitals","WSH","2","Buffalo Sabres","BUF","5",
"1991-03-31","Los Angeles Kings","LAK","3","Calgary Flames","CGY","5",
"1991-03-31","Detroit Red Wings","DET","1","Chicago Blackhawks","CHI","5",
"1991-03-31","Winnipeg Jets","WIN","3","Edmonton Oilers","EDM","6",
"1991-03-31","New York Islanders","NYI","3","New Jersey Devils","NJD","2",
"1991-03-31","Pittsburgh Penguins","PIT","3","New York Rangers","NYR","6",
"1991-03-31","Montreal Canadiens","MTL","1","Quebec Nordiques","QUE","4",
"1991-03-31","Minnesota North Stars","MNS","1","St. Louis Blues","STL","2",
