date,vistor,vistorAbrv,vistorGoals,home,homeAbrv,homeGoals,notes
"1969-10-11","Toronto Maple Leafs","TOR","2","Detroit Red Wings","DET","3",
"1969-10-11","Philadelphia Flyers","PHI","0","Minnesota North Stars","MNS","4",
"1969-10-11","Los Angeles Kings","LAK","1","Montreal Canadiens","MTL","5",
"1969-10-11","Oakland Seals","OAK","2","Pittsburgh Penguins","PIT","2",
"1969-10-11","Chicago Black Hawks","CBH","2","St. Louis Blues","STL","7",
"1969-10-12","New York Rangers","NYR","1","Boston Bruins","BOS","2",
"1969-10-12","Oakland Seals","OAK","2","Chicago Black Hawks","CBH","1",
"1969-10-15","Oakland Seals","OAK","0","Boston Bruins","BOS","6",
"1969-10-15","Detroit Red Wings","DET","4","Chicago Black Hawks","CBH","1",
"1969-10-15","Minnesota North Stars","MNS","3","New York Rangers","NYR","4",
"1969-10-15","Philadelphia Flyers","PHI","3","Pittsburgh Penguins","PIT","3",
"1969-10-15","Los Angeles Kings","LAK","1","St. Louis Blues","STL","4",
"1969-10-15","Montreal Canadiens","MTL","2","Toronto Maple Leafs","TOR","2",
"1969-10-16","Minnesota North Stars","MNS","3","Detroit Red Wings","DET","2",
"1969-10-17","Los Angeles Kings","LAK","1","Oakland Seals","OAK","5",
"1969-10-18","Oakland Seals","OAK","0","Los Angeles Kings","LAK","5",
"1969-10-18","New York Rangers","NYR","3","Montreal Canadiens","MTL","7",
"1969-10-18","Boston Bruins","BOS","3","Pittsburgh Penguins","PIT","3",
"1969-10-18","Minnesota North Stars","MNS","2","St. Louis Blues","STL","4",
"1969-10-18","Chicago Black Hawks","CBH","1","Toronto Maple Leafs","TOR","4",
"1969-10-19","Pittsburgh Penguins","PIT","0","Boston Bruins","BOS","4",
"1969-10-19","Minnesota North Stars","MNS","4","Chicago Black Hawks","CBH","1",
"1969-10-19","St. Louis Blues","STL","2","Detroit Red Wings","DET","4",
"1969-10-19","Toronto Maple Leafs","TOR","0","New York Rangers","NYR","1",
"1969-10-19","Montreal Canadiens","MTL","1","Philadelphia Flyers","PHI","1",
"1969-10-21","Pittsburgh Penguins","PIT","3","Oakland Seals","OAK","4",
"1969-10-22","Pittsburgh Penguins","PIT","0","Los Angeles Kings","LAK","2",
"1969-10-22","Boston Bruins","BOS","3","Minnesota North Stars","MNS","2",
"1969-10-22","St. Louis Blues","STL","3","Montreal Canadiens","MTL","3",
"1969-10-22","Chicago Black Hawks","CBH","1","New York Rangers","NYR","1",
"1969-10-22","Philadelphia Flyers","PHI","4","Toronto Maple Leafs","TOR","3",
"1969-10-23","Detroit Red Wings","DET","2","Philadelphia Flyers","PHI","2",
"1969-10-24","Boston Bruins","BOS","4","Oakland Seals","OAK","2",
"1969-10-25","New York Rangers","NYR","4","Detroit Red Wings","DET","1",
"1969-10-25","Boston Bruins","BOS","3","Los Angeles Kings","LAK","2",
"1969-10-25","Pittsburgh Penguins","PIT","4","Minnesota North Stars","MNS","1",
"1969-10-25","Chicago Black Hawks","CBH","5","Montreal Canadiens","MTL","0",
"1969-10-25","St. Louis Blues","STL","2","Toronto Maple Leafs","TOR","4",
"1969-10-26","Montreal Canadiens","MTL","8","New York Rangers","NYR","3",
"1969-10-26","St. Louis Blues","STL","0","Philadelphia Flyers","PHI","0",
"1969-10-29","Detroit Red Wings","DET","5","Los Angeles Kings","LAK","2",
"1969-10-29","Montreal Canadiens","MTL","1","Minnesota North Stars","MNS","4",
"1969-10-29","Chicago Black Hawks","CBH","1","Oakland Seals","OAK","3",
"1969-10-29","New York Rangers","NYR","3","Pittsburgh Penguins","PIT","1",
"1969-10-29","Boston Bruins","BOS","2","Toronto Maple Leafs","TOR","4",
"1969-10-30","New York Rangers","NYR","3","Philadelphia Flyers","PHI","3",
"1969-10-30","Montreal Canadiens","MTL","2","St. Louis Blues","STL","2",
"1969-10-31","Detroit Red Wings","DET","3","Oakland Seals","OAK","1",
"1969-11-01","Chicago Black Hawks","CBH","4","Los Angeles Kings","LAK","1",
"1969-11-01","Boston Bruins","BOS","2","Montreal Canadiens","MTL","9",
"1969-11-01","Minnesota North Stars","MNS","3","Pittsburgh Penguins","PIT","6",
"1969-11-01","Philadelphia Flyers","PHI","0","St. Louis Blues","STL","8",
"1969-11-01","New York Rangers","NYR","3","Toronto Maple Leafs","TOR","2",
"1969-11-02","Toronto Maple Leafs","TOR","4","Boston Bruins","BOS","4",
"1969-11-02","Pittsburgh Penguins","PIT","3","Detroit Red Wings","DET","4",
"1969-11-02","St. Louis Blues","STL","4","New York Rangers","NYR","6",
"1969-11-02","Minnesota North Stars","MNS","2","Philadelphia Flyers","PHI","6",
"1969-11-04","Toronto Maple Leafs","TOR","5","Oakland Seals","OAK","2",
"1969-11-05","St. Louis Blues","STL","4","Boston Bruins","BOS","4",
"1969-11-05","New York Rangers","NYR","1","Chicago Black Hawks","CBH","3",
"1969-11-05","Toronto Maple Leafs","TOR","2","Los Angeles Kings","LAK","6",
"1969-11-05","Minnesota North Stars","MNS","2","Montreal Canadiens","MTL","2",
"1969-11-05","Detroit Red Wings","DET","4","Pittsburgh Penguins","PIT","2",
"1969-11-06","St. Louis Blues","STL","5","Detroit Red Wings","DET","2",
"1969-11-06","Montreal Canadiens","MTL","4","Philadelphia Flyers","PHI","1",
"1969-11-07","New York Rangers","NYR","8","Oakland Seals","OAK","1",
"1969-11-08","Boston Bruins","BOS","2","Detroit Red Wings","DET","3",
"1969-11-08","New York Rangers","NYR","4","Los Angeles Kings","LAK","1",
"1969-11-08","St. Louis Blues","STL","2","Minnesota North Stars","MNS","5",
"1969-11-08","Toronto Maple Leafs","TOR","3","Montreal Canadiens","MTL","6",
"1969-11-08","Chicago Black Hawks","CBH","4","Pittsburgh Penguins","PIT","1",
"1969-11-09","Toronto Maple Leafs","TOR","0","Chicago Black Hawks","CBH","9",
"1969-11-09","Oakland Seals","OAK","2","Philadelphia Flyers","PHI","2",
"1969-11-10","Oakland Seals","OAK","3","Boston Bruins","BOS","8",
"1969-11-10","Montreal Canadiens","MTL","6","Los Angeles Kings","LAK","3",
"1969-11-12","Philadelphia Flyers","PHI","2","Minnesota North Stars","MNS","4",
"1969-11-12","Detroit Red Wings","DET","2","New York Rangers","NYR","4",
"1969-11-12","Montreal Canadiens","MTL","5","Oakland Seals","OAK","0",
"1969-11-12","Pittsburgh Penguins","PIT","3","Toronto Maple Leafs","TOR","0",
"1969-11-13","Detroit Red Wings","DET","1","Boston Bruins","BOS","3",
"1969-11-13","Pittsburgh Penguins","PIT","0","St. Louis Blues","STL","4",
"1969-11-15","New York Rangers","NYR","6","Boston Bruins","BOS","5",
"1969-11-15","Oakland Seals","OAK","2","Chicago Black Hawks","CBH","3",
"1969-11-15","Detroit Red Wings","DET","2","Minnesota North Stars","MNS","2",
"1969-11-15","Los Angeles Kings","LAK","1","Pittsburgh Penguins","PIT","3",
"1969-11-15","Montreal Canadiens","MTL","3","St. Louis Blues","STL","2",
"1969-11-15","Philadelphia Flyers","PHI","2","Toronto Maple Leafs","TOR","4",
"1969-11-16","Los Angeles Kings","LAK","4","Boston Bruins","BOS","7",
"1969-11-16","Montreal Canadiens","MTL","0","Chicago Black Hawks","CBH","1",
"1969-11-16","St. Louis Blues","STL","2","New York Rangers","NYR","4",
"1969-11-19","New York Rangers","NYR","1","Chicago Black Hawks","CBH","1",
"1969-11-19","Oakland Seals","OAK","4","Minnesota North Stars","MNS","2",
"1969-11-19","Detroit Red Wings","DET","5","Montreal Canadiens","MTL","5",
"1969-11-19","St. Louis Blues","STL","4","Pittsburgh Penguins","PIT","0",
"1969-11-19","Los Angeles Kings","LAK","4","Toronto Maple Leafs","TOR","4",
"1969-11-20","Los Angeles Kings","LAK","2","Philadelphia Flyers","PHI","3",
"1969-11-20","Minnesota North Stars","MNS","1","St. Louis Blues","STL","3",
"1969-11-21","Boston Bruins","BOS","2","Chicago Black Hawks","CBH","2",
"1969-11-22","Los Angeles Kings","LAK","1","Minnesota North Stars","MNS","4",
"1969-11-22","Oakland Seals","OAK","2","Montreal Canadiens","MTL","4",
"1969-11-22","Philadelphia Flyers","PHI","3","Pittsburgh Penguins","PIT","5",
"1969-11-22","New York Rangers","NYR","5","St. Louis Blues","STL","0",
"1969-11-22","Detroit Red Wings","DET","0","Toronto Maple Leafs","TOR","4",
"1969-11-23","Montreal Canadiens","MTL","2","Boston Bruins","BOS","2",
"1969-11-23","Pittsburgh Penguins","PIT","2","Chicago Black Hawks","CBH","3",
"1969-11-23","Oakland Seals","OAK","2","New York Rangers","NYR","5",
"1969-11-23","Toronto Maple Leafs","TOR","3","Philadelphia Flyers","PHI","2",
"1969-11-26","Los Angeles Kings","LAK","0","Chicago Black Hawks","CBH","6",
"1969-11-26","Pittsburgh Penguins","PIT","4","Minnesota North Stars","MNS","4",
"1969-11-26","Boston Bruins","BOS","0","New York Rangers","NYR","3",
"1969-11-26","Detroit Red Wings","DET","1","Philadelphia Flyers","PHI","1",
"1969-11-26","Oakland Seals","OAK","1","St. Louis Blues","STL","4",
"1969-11-26","Montreal Canadiens","MTL","3","Toronto Maple Leafs","TOR","1",
"1969-11-27","Philadelphia Flyers","PHI","4","Boston Bruins","BOS","6",
"1969-11-27","Los Angeles Kings","LAK","1","Detroit Red Wings","DET","5",
"1969-11-29","Chicago Black Hawks","CBH","4","Detroit Red Wings","DET","5",
"1969-11-29","Boston Bruins","BOS","2","Montreal Canadiens","MTL","2",
"1969-11-29","Philadelphia Flyers","PHI","2","New York Rangers","NYR","2",
"1969-11-29","Oakland Seals","OAK","3","Pittsburgh Penguins","PIT","5",
"1969-11-29","Los Angeles Kings","LAK","1","St. Louis Blues","STL","3",
"1969-11-29","Minnesota North Stars","MNS","2","Toronto Maple Leafs","TOR","5",
"1969-11-30","Toronto Maple Leafs","TOR","1","Boston Bruins","BOS","4",
"1969-11-30","St. Louis Blues","STL","1","Chicago Black Hawks","CBH","3",
"1969-11-30","Oakland Seals","OAK","1","Detroit Red Wings","DET","0",
"1969-11-30","Minnesota North Stars","MNS","2","New York Rangers","NYR","2",
"1969-11-30","Pittsburgh Penguins","PIT","3","Philadelphia Flyers","PHI","3",
"1969-12-02","Los Angeles Kings","LAK","4","Oakland Seals","OAK","3",
"1969-12-03","Philadelphia Flyers","PHI","7","Los Angeles Kings","LAK","1",
"1969-12-03","Toronto Maple Leafs","TOR","5","Minnesota North Stars","MNS","5",
"1969-12-03","Chicago Black Hawks","CBH","3","New York Rangers","NYR","3",
"1969-12-03","Detroit Red Wings","DET","1","Pittsburgh Penguins","PIT","2",
"1969-12-03","Oakland Seals","OAK","1","St. Louis Blues","STL","3",
"1969-12-04","Montreal Canadiens","MTL","1","Chicago Black Hawks","CBH","0",
"1969-12-04","Boston Bruins","BOS","4","Detroit Red Wings","DET","4",
"1969-12-05","Philadelphia Flyers","PHI","2","Oakland Seals","OAK","2",
"1969-12-06","Chicago Black Hawks","CBH","1","Boston Bruins","BOS","6",
"1969-12-06","Oakland Seals","OAK","3","Los Angeles Kings","LAK","5",
"1969-12-06","Minnesota North Stars","MNS","4","Montreal Canadiens","MTL","3",
"1969-12-06","Detroit Red Wings","DET","5","St. Louis Blues","STL","1",
"1969-12-06","Pittsburgh Penguins","PIT","0","Toronto Maple Leafs","TOR","5",
"1969-12-07","Minnesota North Stars","MNS","2","Boston Bruins","BOS","2",
"1969-12-07","Detroit Red Wings","DET","1","Chicago Black Hawks","CBH","5",
"1969-12-07","Montreal Canadiens","MTL","3","New York Rangers","NYR","6",
"1969-12-07","St. Louis Blues","STL","4","Philadelphia Flyers","PHI","1",
"1969-12-07","Toronto Maple Leafs","TOR","2","Pittsburgh Penguins","PIT","3",
"1969-12-10","Pittsburgh Penguins","PIT","2","Los Angeles Kings","LAK","0",
"1969-12-10","Chicago Black Hawks","CBH","5","Minnesota North Stars","MNS","8",
"1969-12-10","Toronto Maple Leafs","TOR","3","Montreal Canadiens","MTL","6",
"1969-12-10","Boston Bruins","BOS","2","New York Rangers","NYR","5",
"1969-12-10","St. Louis Blues","STL","3","Oakland Seals","OAK","3",
"1969-12-11","New York Rangers","NYR","1","Boston Bruins","BOS","2",
"1969-12-11","Minnesota North Stars","MNS","2","Detroit Red Wings","DET","2",
"1969-12-11","Toronto Maple Leafs","TOR","3","Philadelphia Flyers","PHI","6",
"1969-12-12","Pittsburgh Penguins","PIT","1","Oakland Seals","OAK","4",
"1969-12-13","St. Louis Blues","STL","8","Los Angeles Kings","LAK","1",
"1969-12-13","New York Rangers","NYR","5","Minnesota North Stars","MNS","2",
"1969-12-13","Chicago Black Hawks","CBH","1","Montreal Canadiens","MTL","4",
"1969-12-13","Boston Bruins","BOS","5","Philadelphia Flyers","PHI","3",
"1969-12-13","Detroit Red Wings","DET","3","Toronto Maple Leafs","TOR","1",
"1969-12-14","Pittsburgh Penguins","PIT","1","Boston Bruins","BOS","2",
"1969-12-14","Philadelphia Flyers","PHI","1","Chicago Black Hawks","CBH","4",
"1969-12-14","Montreal Canadiens","MTL","2","Detroit Red Wings","DET","5",
"1969-12-14","Toronto Maple Leafs","TOR","3","New York Rangers","NYR","1",
"1969-12-15","Minnesota North Stars","MNS","4","Los Angeles Kings","LAK","4",
"1969-12-16","Detroit Red Wings","DET","4","St. Louis Blues","STL","6",
"1969-12-17","Chicago Black Hawks","CBH","1","Los Angeles Kings","LAK","3",
"1969-12-17","Philadelphia Flyers","PHI","2","New York Rangers","NYR","2",
"1969-12-17","Minnesota North Stars","MNS","1","Oakland Seals","OAK","3",
"1969-12-17","Montreal Canadiens","MTL","5","Pittsburgh Penguins","PIT","2",
"1969-12-18","Boston Bruins","BOS","3","St. Louis Blues","STL","3",
"1969-12-19","Chicago Black Hawks","CBH","4","Oakland Seals","OAK","0",
"1969-12-20","Minnesota North Stars","MNS","3","Los Angeles Kings","LAK","3",
"1969-12-20","Detroit Red Wings","DET","3","Montreal Canadiens","MTL","2",
"1969-12-20","Boston Bruins","BOS","6","Pittsburgh Penguins","PIT","4",
"1969-12-20","Philadelphia Flyers","PHI","0","St. Louis Blues","STL","3",
"1969-12-20","New York Rangers","NYR","5","Toronto Maple Leafs","TOR","2",
"1969-12-21","Montreal Canadiens","MTL","5","Boston Bruins","BOS","2",
"1969-12-21","St. Louis Blues","STL","0","Chicago Black Hawks","CBH","4",
"1969-12-21","Toronto Maple Leafs","TOR","3","Detroit Red Wings","DET","0",
"1969-12-21","Oakland Seals","OAK","1","New York Rangers","NYR","3",
"1969-12-21","Pittsburgh Penguins","PIT","0","Philadelphia Flyers","PHI","4",
"1969-12-23","Minnesota North Stars","MNS","3","St. Louis Blues","STL","5",
"1969-12-24","Los Angeles Kings","LAK","1","Toronto Maple Leafs","TOR","8",
"1969-12-25","Los Angeles Kings","LAK","1","Boston Bruins","BOS","7",
"1969-12-25","Chicago Black Hawks","CBH","4","Minnesota North Stars","MNS","4",
"1969-12-25","Oakland Seals","OAK","1","Philadelphia Flyers","PHI","3",
"1969-12-26","Montreal Canadiens","MTL","3","Detroit Red Wings","DET","3",
"1969-12-26","Pittsburgh Penguins","PIT","3","New York Rangers","NYR","2",
"1969-12-26","Toronto Maple Leafs","TOR","1","St. Louis Blues","STL","3",
"1969-12-27","Oakland Seals","OAK","5","Minnesota North Stars","MNS","3",
"1969-12-27","Philadelphia Flyers","PHI","2","Montreal Canadiens","MTL","2",
"1969-12-27","Chicago Black Hawks","CBH","3","Pittsburgh Penguins","PIT","0",
"1969-12-27","St. Louis Blues","STL","1","Toronto Maple Leafs","TOR","4",
"1969-12-28","Oakland Seals","OAK","3","Detroit Red Wings","DET","5",
"1969-12-28","Los Angeles Kings","LAK","3","New York Rangers","NYR","3",
"1969-12-28","Boston Bruins","BOS","5","Philadelphia Flyers","PHI","4",
"1969-12-30","Minnesota North Stars","MNS","0","Los Angeles Kings","LAK","0",
"1969-12-30","St. Louis Blues","STL","5","Montreal Canadiens","MTL","0",
"1969-12-31","Boston Bruins","BOS","1","Detroit Red Wings","DET","5",
"1969-12-31","Chicago Black Hawks","CBH","1","New York Rangers","NYR","2",
"1969-12-31","Montreal Canadiens","MTL","2","Pittsburgh Penguins","PIT","4",
"1969-12-31","Oakland Seals","OAK","1","Toronto Maple Leafs","TOR","1",
"1970-01-01","Philadelphia Flyers","PHI","3","Los Angeles Kings","LAK","4",
"1970-01-03","Boston Bruins","BOS","6","Los Angeles Kings","LAK","2",
"1970-01-03","New York Rangers","NYR","3","Minnesota North Stars","MNS","3",
"1970-01-03","Oakland Seals","OAK","1","Montreal Canadiens","MTL","5",
"1970-01-03","Detroit Red Wings","DET","6","Philadelphia Flyers","PHI","1",
"1970-01-03","Pittsburgh Penguins","PIT","0","St. Louis Blues","STL","6",
"1970-01-03","Chicago Black Hawks","CBH","2","Toronto Maple Leafs","TOR","6",
"1970-01-04","Chicago Black Hawks","CBH","0","Detroit Red Wings","DET","4",
"1970-01-04","Oakland Seals","OAK","2","New York Rangers","NYR","5",
"1970-01-04","Minnesota North Stars","MNS","1","Philadelphia Flyers","PHI","3",
"1970-01-04","Toronto Maple Leafs","TOR","4","Pittsburgh Penguins","PIT","4",
"1970-01-06","Los Angeles Kings","LAK","3","Montreal Canadiens","MTL","4",
"1970-01-07","Detroit Red Wings","DET","0","Chicago Black Hawks","CBH","7",
"1970-01-07","Boston Bruins","BOS","6","Oakland Seals","OAK","1",
"1970-01-07","New York Rangers","NYR","5","Pittsburgh Penguins","PIT","3",
"1970-01-07","Philadelphia Flyers","PHI","2","St. Louis Blues","STL","2",
"1970-01-07","Minnesota North Stars","MNS","3","Toronto Maple Leafs","TOR","3",
"1970-01-08","Pittsburgh Penguins","PIT","1","Montreal Canadiens","MTL","3",
"1970-01-08","Los Angeles Kings","LAK","1","Philadelphia Flyers","PHI","4",
"1970-01-10","Los Angeles Kings","LAK","6","Minnesota North Stars","MNS","4",
"1970-01-10","Oakland Seals","OAK","2","Philadelphia Flyers","PHI","2",
"1970-01-10","Detroit Red Wings","DET","5","Pittsburgh Penguins","PIT","3",
"1970-01-10","Chicago Black Hawks","CBH","6","St. Louis Blues","STL","2",
"1970-01-10","Boston Bruins","BOS","3","Toronto Maple Leafs","TOR","4",
"1970-01-11","Oakland Seals","OAK","3","Boston Bruins","BOS","6",
"1970-01-11","Los Angeles Kings","LAK","1","Chicago Black Hawks","CBH","3",
"1970-01-11","New York Rangers","NYR","1","Montreal Canadiens","MTL","4",
"1970-01-13","Philadelphia Flyers","PHI","3","Oakland Seals","OAK","1",
"1970-01-14","Pittsburgh Penguins","PIT","0","Chicago Black Hawks","CBH","5",
"1970-01-14","St. Louis Blues","STL","2","Minnesota North Stars","MNS","5",
"1970-01-14","Los Angeles Kings","LAK","2","Montreal Canadiens","MTL","4",
"1970-01-14","New York Rangers","NYR","7","Toronto Maple Leafs","TOR","1",
"1970-01-15","Los Angeles Kings","LAK","3","Boston Bruins","BOS","6",
"1970-01-15","Minnesota North Stars","MNS","1","Oakland Seals","OAK","1",
"1970-01-15","New York Rangers","NYR","4","Philadelphia Flyers","PHI","4",
"1970-01-15","Toronto Maple Leafs","TOR","0","St. Louis Blues","STL","2",
"1970-01-17","Chicago Black Hawks","CBH","1","Boston Bruins","BOS","0",
"1970-01-17","Philadelphia Flyers","PHI","3","Detroit Red Wings","DET","5",
"1970-01-17","New York Rangers","NYR","3","Minnesota North Stars","MNS","1",
"1970-01-17","Oakland Seals","OAK","3","Montreal Canadiens","MTL","0",
"1970-01-17","Los Angeles Kings","LAK","1","St. Louis Blues","STL","3",
"1970-01-17","Pittsburgh Penguins","PIT","0","Toronto Maple Leafs","TOR","4",
"1970-01-18","Montreal Canadiens","MTL","3","Boston Bruins","BOS","6",
"1970-01-18","Oakland Seals","OAK","1","Chicago Black Hawks","CBH","3",
"1970-01-18","Los Angeles Kings","LAK","1","Detroit Red Wings","DET","3",
"1970-01-18","Pittsburgh Penguins","PIT","6","Philadelphia Flyers","PHI","4",
"1970-01-21","Oakland Seals","OAK","3","Pittsburgh Penguins","PIT","3",
"1970-01-22","Philadelphia Flyers","PHI","3","Boston Bruins","BOS","3",
"1970-01-22","Chicago Black Hawks","CBH","4","Detroit Red Wings","DET","3",
"1970-01-22","Toronto Maple Leafs","TOR","3","Los Angeles Kings","LAK","2",
"1970-01-22","Montreal Canadiens","MTL","4","Minnesota North Stars","MNS","2",
"1970-01-22","New York Rangers","NYR","3","St. Louis Blues","STL","4",
"1970-01-23","Toronto Maple Leafs","TOR","3","Oakland Seals","OAK","6",
"1970-01-24","Philadelphia Flyers","PHI","6","Minnesota North Stars","MNS","0",
"1970-01-24","Chicago Black Hawks","CBH","1","Montreal Canadiens","MTL","4",
"1970-01-24","Boston Bruins","BOS","1","New York Rangers","NYR","8",
"1970-01-24","Los Angeles Kings","LAK","2","Pittsburgh Penguins","PIT","4",
"1970-01-24","Detroit Red Wings","DET","5","St. Louis Blues","STL","2",
"1970-01-25","Pittsburgh Penguins","PIT","1","Boston Bruins","BOS","3",
"1970-01-25","Toronto Maple Leafs","TOR","3","Chicago Black Hawks","CBH","2",
"1970-01-25","Montreal Canadiens","MTL","4","Detroit Red Wings","DET","1",
"1970-01-25","Oakland Seals","OAK","4","Minnesota North Stars","MNS","1",
"1970-01-25","Los Angeles Kings","LAK","2","New York Rangers","NYR","3",
"1970-01-25","St. Louis Blues","STL","0","Philadelphia Flyers","PHI","2",
"1970-01-28","Philadelphia Flyers","PHI","2","Chicago Black Hawks","CBH","2",
"1970-01-28","New York Rangers","NYR","4","Los Angeles Kings","LAK","5",
"1970-01-28","Minnesota North Stars","MNS","4","Montreal Canadiens","MTL","5",
"1970-01-28","St. Louis Blues","STL","6","Oakland Seals","OAK","1",
"1970-01-28","Toronto Maple Leafs","TOR","4","Pittsburgh Penguins","PIT","4",
"1970-01-29","Minnesota North Stars","MNS","5","Boston Bruins","BOS","6",
"1970-01-29","Philadelphia Flyers","PHI","3","Detroit Red Wings","DET","4",
"1970-01-29","St. Louis Blues","STL","3","Los Angeles Kings","LAK","2",
"1970-01-30","New York Rangers","NYR","2","Oakland Seals","OAK","1",
"1970-01-31","Detroit Red Wings","DET","2","Los Angeles Kings","LAK","1",
"1970-01-31","Toronto Maple Leafs","TOR","4","Minnesota North Stars","MNS","2",
"1970-01-31","Boston Bruins","BOS","3","Montreal Canadiens","MTL","3",
"1970-01-31","Chicago Black Hawks","CBH","5","Philadelphia Flyers","PHI","0",
"1970-01-31","St. Louis Blues","STL","1","Pittsburgh Penguins","PIT","2",
"1970-02-01","Toronto Maple Leafs","TOR","6","Boston Bruins","BOS","7",
"1970-02-01","Minnesota North Stars","MNS","4","Chicago Black Hawks","CBH","7",
"1970-02-01","Pittsburgh Penguins","PIT","0","New York Rangers","NYR","6",
"1970-02-01","Detroit Red Wings","DET","3","Oakland Seals","OAK","2",
"1970-02-01","Montreal Canadiens","MTL","5","Philadelphia Flyers","PHI","2",
"1970-02-04","Boston Bruins","BOS","4","Chicago Black Hawks","CBH","8",
"1970-02-04","Pittsburgh Penguins","PIT","7","Minnesota North Stars","MNS","5",
"1970-02-04","Detroit Red Wings","DET","1","New York Rangers","NYR","5",
"1970-02-04","Montreal Canadiens","MTL","2","Oakland Seals","OAK","5",
"1970-02-04","St. Louis Blues","STL","0","Toronto Maple Leafs","TOR","1",
"1970-02-05","Philadelphia Flyers","PHI","1","Boston Bruins","BOS","5",
"1970-02-05","Toronto Maple Leafs","TOR","1","Detroit Red Wings","DET","4",
"1970-02-05","Montreal Canadiens","MTL","5","Los Angeles Kings","LAK","3",
"1970-02-06","Oakland Seals","OAK","2","St. Louis Blues","STL","1",
"1970-02-07","Detroit Red Wings","DET","2","Boston Bruins","BOS","2",
"1970-02-07","Philadelphia Flyers","PHI","4","Chicago Black Hawks","CBH","4",
"1970-02-07","Montreal Canadiens","MTL","1","Minnesota North Stars","MNS","1",
"1970-02-07","Los Angeles Kings","LAK","1","Pittsburgh Penguins","PIT","3",
"1970-02-07","Oakland Seals","OAK","1","Toronto Maple Leafs","TOR","5",
"1970-02-08","St. Louis Blues","STL","1","Boston Bruins","BOS","7",
"1970-02-08","Montreal Canadiens","MTL","3","Chicago Black Hawks","CBH","2",
"1970-02-08","Philadelphia Flyers","PHI","5","Detroit Red Wings","DET","3",
"1970-02-08","Los Angeles Kings","LAK","1","New York Rangers","NYR","5",
"1970-02-08","Minnesota North Stars","MNS","3","Pittsburgh Penguins","PIT","6",
"1970-02-11","Pittsburgh Penguins","PIT","1","Chicago Black Hawks","CBH","7",
"1970-02-11","New York Rangers","NYR","6","Los Angeles Kings","LAK","2",
"1970-02-11","Toronto Maple Leafs","TOR","3","Montreal Canadiens","MTL","3",
"1970-02-11","Minnesota North Stars","MNS","1","Oakland Seals","OAK","2",
"1970-02-11","Boston Bruins","BOS","3","St. Louis Blues","STL","2",
"1970-02-12","St. Louis Blues","STL","2","Detroit Red Wings","DET","5",
"1970-02-12","Toronto Maple Leafs","TOR","3","Philadelphia Flyers","PHI","3",
"1970-02-13","New York Rangers","NYR","2","Oakland Seals","OAK","4",
"1970-02-14","Chicago Black Hawks","CBH","5","Minnesota North Stars","MNS","2",
"1970-02-14","Detroit Red Wings","DET","5","Montreal Canadiens","MTL","2",
"1970-02-14","Boston Bruins","BOS","3","Pittsburgh Penguins","PIT","0",
"1970-02-14","Los Angeles Kings","LAK","1","St. Louis Blues","STL","2",
"1970-02-14","Philadelphia Flyers","PHI","3","Toronto Maple Leafs","TOR","4",
"1970-02-15","Toronto Maple Leafs","TOR","4","Chicago Black Hawks","CBH","6",
"1970-02-15","Pittsburgh Penguins","PIT","4","Detroit Red Wings","DET","2",
"1970-02-15","St. Louis Blues","STL","3","Minnesota North Stars","MNS","3",
"1970-02-15","Montreal Canadiens","MTL","0","New York Rangers","NYR","2",
"1970-02-15","Los Angeles Kings","LAK","1","Philadelphia Flyers","PHI","7",
"1970-02-17","Boston Bruins","BOS","3","Oakland Seals","OAK","3",
"1970-02-17","Philadelphia Flyers","PHI","2","Pittsburgh Penguins","PIT","4",
"1970-02-18","Boston Bruins","BOS","5","Los Angeles Kings","LAK","5",
"1970-02-18","Detroit Red Wings","DET","1","Minnesota North Stars","MNS","1",
"1970-02-18","Philadelphia Flyers","PHI","3","New York Rangers","NYR","3",
"1970-02-18","Chicago Black Hawks","CBH","2","St. Louis Blues","STL","5",
"1970-02-18","Montreal Canadiens","MTL","3","Toronto Maple Leafs","TOR","5",
"1970-02-19","Minnesota North Stars","MNS","2","Chicago Black Hawks","CBH","3",
"1970-02-19","New York Rangers","NYR","3","Detroit Red Wings","DET","3",
"1970-02-19","Pittsburgh Penguins","PIT","6","Los Angeles Kings","LAK","1",
"1970-02-20","St. Louis Blues","STL","3","Oakland Seals","OAK","1",
"1970-02-21","New York Rangers","NYR","2","Chicago Black Hawks","CBH","4",
"1970-02-21","St. Louis Blues","STL","4","Los Angeles Kings","LAK","2",
"1970-02-21","Boston Bruins","BOS","4","Minnesota North Stars","MNS","2",
"1970-02-21","Philadelphia Flyers","PHI","3","Montreal Canadiens","MTL","5",
"1970-02-21","Pittsburgh Penguins","PIT","3","Oakland Seals","OAK","6",
"1970-02-21","Detroit Red Wings","DET","7","Toronto Maple Leafs","TOR","5",
"1970-02-22","Boston Bruins","BOS","3","Chicago Black Hawks","CBH","6",
"1970-02-22","Montreal Canadiens","MTL","1","Detroit Red Wings","DET","0",
"1970-02-22","Toronto Maple Leafs","TOR","3","New York Rangers","NYR","5",
"1970-02-25","Los Angeles Kings","LAK","3","Minnesota North Stars","MNS","3",
"1970-02-25","Pittsburgh Penguins","PIT","2","Montreal Canadiens","MTL","3",
"1970-02-25","St. Louis Blues","STL","1","New York Rangers","NYR","2",
"1970-02-25","Oakland Seals","OAK","1","Toronto Maple Leafs","TOR","4",
"1970-02-26","New York Rangers","NYR","3","Boston Bruins","BOS","5",
"1970-02-26","Oakland Seals","OAK","1","Detroit Red Wings","DET","7",
"1970-02-26","Chicago Black Hawks","CBH","3","Philadelphia Flyers","PHI","2",
"1970-02-26","Los Angeles Kings","LAK","0","Pittsburgh Penguins","PIT","1",
"1970-02-28","Chicago Black Hawks","CBH","0","Boston Bruins","BOS","3",
"1970-02-28","New York Rangers","NYR","3","Detroit Red Wings","DET","3",
"1970-02-28","St. Louis Blues","STL","3","Montreal Canadiens","MTL","2",
"1970-02-28","Minnesota North Stars","MNS","2","Philadelphia Flyers","PHI","6",
"1970-02-28","Oakland Seals","OAK","2","Pittsburgh Penguins","PIT","3",
"1970-02-28","Los Angeles Kings","LAK","3","Toronto Maple Leafs","TOR","3",
"1970-03-01","St. Louis Blues","STL","1","Boston Bruins","BOS","3",
"1970-03-01","Toronto Maple Leafs","TOR","0","Minnesota North Stars","MNS","8",
"1970-03-01","Chicago Black Hawks","CBH","3","New York Rangers","NYR","1",
"1970-03-01","Los Angeles Kings","LAK","4","Philadelphia Flyers","PHI","4",
"1970-03-03","Chicago Black Hawks","CBH","3","Los Angeles Kings","LAK","1",
"1970-03-03","Toronto Maple Leafs","TOR","4","Oakland Seals","OAK","1",
"1970-03-04","Philadelphia Flyers","PHI","2","Minnesota North Stars","MNS","2",
"1970-03-04","Detroit Red Wings","DET","2","New York Rangers","NYR","0",
"1970-03-04","Montreal Canadiens","MTL","1","Pittsburgh Penguins","PIT","2",
"1970-03-04","Boston Bruins","BOS","1","St. Louis Blues","STL","3",
"1970-03-05","Pittsburgh Penguins","PIT","3","Detroit Red Wings","DET","5",
"1970-03-05","Toronto Maple Leafs","TOR","5","Los Angeles Kings","LAK","3",
"1970-03-06","Chicago Black Hawks","CBH","3","Oakland Seals","OAK","2",
"1970-03-06","New York Rangers","NYR","1","St. Louis Blues","STL","3",
"1970-03-07","Oakland Seals","OAK","3","Los Angeles Kings","LAK","5",
"1970-03-07","Detroit Red Wings","DET","4","Montreal Canadiens","MTL","2",
"1970-03-07","Boston Bruins","BOS","5","Philadelphia Flyers","PHI","5",
"1970-03-07","St. Louis Blues","STL","2","Pittsburgh Penguins","PIT","2",
"1970-03-07","Minnesota North Stars","MNS","8","Toronto Maple Leafs","TOR","3",
"1970-03-08","Montreal Canadiens","MTL","0","Boston Bruins","BOS","2",
"1970-03-08","Minnesota North Stars","MNS","2","Detroit Red Wings","DET","2",
"1970-03-08","Pittsburgh Penguins","PIT","0","New York Rangers","NYR","0",
"1970-03-08","Los Angeles Kings","LAK","2","Oakland Seals","OAK","2",
"1970-03-08","Chicago Black Hawks","CBH","3","Philadelphia Flyers","PHI","2",
"1970-03-11","Boston Bruins","BOS","0","Chicago Black Hawks","CBH","0",
"1970-03-11","St. Louis Blues","STL","9","Minnesota North Stars","MNS","1",
"1970-03-11","New York Rangers","NYR","3","Montreal Canadiens","MTL","5",
"1970-03-11","Pittsburgh Penguins","PIT","2","Oakland Seals","OAK","2",
"1970-03-11","Detroit Red Wings","DET","3","Toronto Maple Leafs","TOR","1",
"1970-03-12","Pittsburgh Penguins","PIT","1","Los Angeles Kings","LAK","4",
"1970-03-12","Philadelphia Flyers","PHI","2","St. Louis Blues","STL","4",
"1970-03-14","New York Rangers","NYR","4","Chicago Black Hawks","CBH","7",
"1970-03-14","Philadelphia Flyers","PHI","5","Los Angeles Kings","LAK","3",
"1970-03-14","Pittsburgh Penguins","PIT","3","Minnesota North Stars","MNS","6",
"1970-03-14","Montreal Canadiens","MTL","6","St. Louis Blues","STL","2",
"1970-03-14","Boston Bruins","BOS","1","Toronto Maple Leafs","TOR","2",
"1970-03-15","Detroit Red Wings","DET","5","Boston Bruins","BOS","5",
"1970-03-15","Los Angeles Kings","LAK","2","Chicago Black Hawks","CBH","5",
"1970-03-15","Minnesota North Stars","MNS","4","New York Rangers","NYR","2",
"1970-03-15","Philadelphia Flyers","PHI","1","Oakland Seals","OAK","2",
"1970-03-15","Montreal Canadiens","MTL","3","Toronto Maple Leafs","TOR","3",
"1970-03-17","Los Angeles Kings","LAK","2","Detroit Red Wings","DET","3",
"1970-03-17","Minnesota North Stars","MNS","5","St. Louis Blues","STL","5",
"1970-03-18","Detroit Red Wings","DET","6","Minnesota North Stars","MNS","2",
"1970-03-18","Montreal Canadiens","MTL","2","Oakland Seals","OAK","2",
"1970-03-18","New York Rangers","NYR","2","Pittsburgh Penguins","PIT","0",
"1970-03-18","Chicago Black Hawks","CBH","7","Toronto Maple Leafs","TOR","4",
"1970-03-19","Chicago Black Hawks","CBH","1","Boston Bruins","BOS","3",
"1970-03-19","Montreal Canadiens","MTL","6","Los Angeles Kings","LAK","1",
"1970-03-19","New York Rangers","NYR","2","Philadelphia Flyers","PHI","2",
"1970-03-19","Pittsburgh Penguins","PIT","1","St. Louis Blues","STL","3",
"1970-03-20","Detroit Red Wings","DET","2","Oakland Seals","OAK","3",
"1970-03-21","Detroit Red Wings","DET","4","Los Angeles Kings","LAK","1",
"1970-03-21","Boston Bruins","BOS","4","Minnesota North Stars","MNS","5",
"1970-03-21","Philadelphia Flyers","PHI","0","Montreal Canadiens","MTL","2",
"1970-03-21","Chicago Black Hawks","CBH","5","Pittsburgh Penguins","PIT","3",
"1970-03-21","Toronto Maple Leafs","TOR","2","St. Louis Blues","STL","0",
"1970-03-22","Minnesota North Stars","MNS","0","Boston Bruins","BOS","5",
"1970-03-22","St. Louis Blues","STL","0","Chicago Black Hawks","CBH","1",
"1970-03-22","Pittsburgh Penguins","PIT","4","Montreal Canadiens","MTL","5",
"1970-03-22","Toronto Maple Leafs","TOR","5","New York Rangers","NYR","2",
"1970-03-22","Oakland Seals","OAK","2","Philadelphia Flyers","PHI","3",
"1970-03-24","St. Louis Blues","STL","4","Los Angeles Kings","LAK","0",
"1970-03-24","Oakland Seals","OAK","2","Minnesota North Stars","MNS","2",
"1970-03-25","Toronto Maple Leafs","TOR","2","Montreal Canadiens","MTL","5",
"1970-03-25","Boston Bruins","BOS","3","New York Rangers","NYR","1",
"1970-03-25","Philadelphia Flyers","PHI","2","Oakland Seals","OAK","3",
"1970-03-25","Minnesota North Stars","MNS","0","Pittsburgh Penguins","PIT","2",
"1970-03-26","Chicago Black Hawks","CBH","1","Detroit Red Wings","DET","0",
"1970-03-26","Philadelphia Flyers","PHI","2","Los Angeles Kings","LAK","3",
"1970-03-27","St. Louis Blues","STL","2","Oakland Seals","OAK","3",
"1970-03-28","Detroit Red Wings","DET","5","Boston Bruins","BOS","5",
"1970-03-28","Minnesota North Stars","MNS","2","Los Angeles Kings","LAK","4",
"1970-03-28","New York Rangers","NYR","1","Montreal Canadiens","MTL","1",
"1970-03-28","Pittsburgh Penguins","PIT","2","Philadelphia Flyers","PHI","1",
"1970-03-28","Chicago Black Hawks","CBH","1","Toronto Maple Leafs","TOR","1",
"1970-03-29","Toronto Maple Leafs","TOR","0","Chicago Black Hawks","CBH","4",
"1970-03-29","Boston Bruins","BOS","2","Detroit Red Wings","DET","2",
"1970-03-29","Montreal Canadiens","MTL","1","New York Rangers","NYR","4",
"1970-03-29","Minnesota North Stars","MNS","8","Oakland Seals","OAK","3",
"1970-03-29","St. Louis Blues","STL","5","Pittsburgh Penguins","PIT","5",
"1970-03-31","Los Angeles Kings","LAK","2","Minnesota North Stars","MNS","5",
"1970-04-01","Detroit Red Wings","DET","5","Chicago Black Hawks","CBH","2",
"1970-04-01","Boston Bruins","BOS","3","Montreal Canadiens","MTL","6",
"1970-04-01","Philadelphia Flyers","PHI","1","Pittsburgh Penguins","PIT","4",
"1970-04-01","Oakland Seals","OAK","2","St. Louis Blues","STL","2",
"1970-04-01","New York Rangers","NYR","2","Toronto Maple Leafs","TOR","1",
"1970-04-02","Toronto Maple Leafs","TOR","2","Detroit Red Wings","DET","4",
"1970-04-02","St. Louis Blues","STL","1","Philadelphia Flyers","PHI","0",
"1970-04-03","Los Angeles Kings","LAK","1","Oakland Seals","OAK","4",
"1970-04-04","New York Rangers","NYR","2","Detroit Red Wings","DET","6",
"1970-04-04","Oakland Seals","OAK","1","Los Angeles Kings","LAK","4",
"1970-04-04","Chicago Black Hawks","CBH","4","Montreal Canadiens","MTL","1",
"1970-04-04","Minnesota North Stars","MNS","1","Philadelphia Flyers","PHI","0",
"1970-04-04","Pittsburgh Penguins","PIT","1","St. Louis Blues","STL","3",
"1970-04-04","Boston Bruins","BOS","4","Toronto Maple Leafs","TOR","2",
"1970-04-05","Toronto Maple Leafs","TOR","1","Boston Bruins","BOS","3",
"1970-04-05","Montreal Canadiens","MTL","2","Chicago Black Hawks","CBH","10",
"1970-04-05","Detroit Red Wings","DET","5","New York Rangers","NYR","9",
"1970-04-05","Minnesota North Stars","MNS","5","Pittsburgh Penguins","PIT","1",
