rank,teamName,teamAbrv,gamesPlayed,wins,losses,ties,points,pointsPercentage,goalsFor,goalsAgainst,simpleRatingSystem,strengthOfSchedule,totalGoalsPerGame,powerPlayGoals,powerPlayChances,powerPlayPercentage,powerPlayGoalsAgainst,powerPlayChancesAgainst,penaltyKillingPercentage,shortHandedGoals,shortHandedGoalsAgainst,shots,shootingPercentage,shotsAgainst,savePercentage,pdo
"1","New York Rangers","NYR","48","29","17","2","60",".625","177","143","0.61","-0.10","6.67","","","","","","","","","","","","",""
"2","Toronto Maple Leafs","TOR","48","27","18","3","57",".594","158","136","0.39","-0.07","6.13","","","","","","","","","","","","",""
"3","Boston Bruins","BOS","48","25","17","6","56",".583","160","118","0.75","-0.13","5.79","","","","","","","","","","","","",""
"4","Chicago Black Hawks","CBH","48","22","23","3","47",".490","145","155","-0.18","0.03","6.25","","","","","","","","","","","","",""
"5","Detroit Red Wings","DET","48","19","25","4","42",".438","140","147","-0.13","0.02","5.98","","","","","","","","","","","","",""
"6","Montreal Canadiens","MTL","48","18","27","3","39",".406","134","173","-0.70","0.12","6.40","","","","","","","","","","","","",""
"7","Brooklyn Americans","BRO","48","16","29","3","35",".365","133","175","-0.75","0.13","6.42","","","","","","","","","","","","",""
