date,vistor,vistorAbrv,vistorGoals,home,homeAbrv,homeGoals,notes
"1954-10-07","Toronto Maple Leafs","TOR","1","Detroit Red Wings","DET","2",
"1954-10-07","Chicago Black Hawks","CBH","2","Montreal Canadiens","MTL","4",
"1954-10-09","New York Rangers","NYR","0","Detroit Red Wings","DET","4",
"1954-10-09","Boston Bruins","BOS","1","Montreal Canadiens","MTL","4",
"1954-10-09","Chicago Black Hawks","CBH","3","Toronto Maple Leafs","TOR","3",
"1954-10-10","New York Rangers","NYR","2","Chicago Black Hawks","CBH","1",
"1954-10-11","Montreal Canadiens","MTL","2","Boston Bruins","BOS","2",
"1954-10-13","Detroit Red Wings","DET","3","Montreal Canadiens","MTL","2",
"1954-10-14","New York Rangers","NYR","3","Boston Bruins","BOS","5",
"1954-10-15","Montreal Canadiens","MTL","3","Chicago Black Hawks","CBH","0",
"1954-10-16","Montreal Canadiens","MTL","3","Detroit Red Wings","DET","1",
"1954-10-16","New York Rangers","NYR","4","Toronto Maple Leafs","TOR","2",
"1954-10-17","Toronto Maple Leafs","TOR","1","Boston Bruins","BOS","1",
"1954-10-17","Detroit Red Wings","DET","5","Chicago Black Hawks","CBH","2",
"1954-10-20","Boston Bruins","BOS","2","New York Rangers","NYR","6",
"1954-10-21","Boston Bruins","BOS","3","Detroit Red Wings","DET","5",
"1954-10-21","Toronto Maple Leafs","TOR","3","Montreal Canadiens","MTL","1",
"1954-10-23","Chicago Black Hawks","CBH","4","Detroit Red Wings","DET","2",
"1954-10-23","New York Rangers","NYR","1","Montreal Canadiens","MTL","7",
"1954-10-23","Boston Bruins","BOS","3","Toronto Maple Leafs","TOR","3",
"1954-10-24","Montreal Canadiens","MTL","2","New York Rangers","NYR","4",
"1954-10-27","Detroit Red Wings","DET","2","New York Rangers","NYR","5",
"1954-10-27","Montreal Canadiens","MTL","3","Toronto Maple Leafs","TOR","1",
"1954-10-30","Boston Bruins","BOS","0","Detroit Red Wings","DET","4",
"1954-10-30","Chicago Black Hawks","CBH","1","Montreal Canadiens","MTL","5",
"1954-10-30","New York Rangers","NYR","1","Toronto Maple Leafs","TOR","3",
"1954-10-31","Chicago Black Hawks","CBH","1","New York Rangers","NYR","1",
"1954-11-03","Detroit Red Wings","DET","1","Toronto Maple Leafs","TOR","1",
"1954-11-04","Detroit Red Wings","DET","3","Boston Bruins","BOS","2",
"1954-11-04","New York Rangers","NYR","1","Chicago Black Hawks","CBH","3",
"1954-11-06","Detroit Red Wings","DET","1","Montreal Canadiens","MTL","4",
"1954-11-06","Chicago Black Hawks","CBH","2","Toronto Maple Leafs","TOR","5",
"1954-11-07","Montreal Canadiens","MTL","4","Boston Bruins","BOS","3",
"1954-11-07","Toronto Maple Leafs","TOR","2","Chicago Black Hawks","CBH","1",
"1954-11-07","New York Rangers","NYR","0","Detroit Red Wings","DET","1",
"1954-11-10","Chicago Black Hawks","CBH","3","Boston Bruins","BOS","4",
"1954-11-10","Toronto Maple Leafs","TOR","2","New York Rangers","NYR","1",
"1954-11-11","Toronto Maple Leafs","TOR","1","Detroit Red Wings","DET","0",
"1954-11-11","Chicago Black Hawks","CBH","4","Montreal Canadiens","MTL","7",
"1954-11-13","Boston Bruins","BOS","1","Montreal Canadiens","MTL","2",
"1954-11-13","Chicago Black Hawks","CBH","5","New York Rangers","NYR","3",
"1954-11-13","Detroit Red Wings","DET","0","Toronto Maple Leafs","TOR","1",
"1954-11-14","Toronto Maple Leafs","TOR","3","Boston Bruins","BOS","1",
"1954-11-14","New York Rangers","NYR","5","Chicago Black Hawks","CBH","0",
"1954-11-14","Montreal Canadiens","MTL","1","Detroit Red Wings","DET","4",
"1954-11-17","Boston Bruins","BOS","2","New York Rangers","NYR","2",
"1954-11-17","Montreal Canadiens","MTL","2","Toronto Maple Leafs","TOR","5",
"1954-11-18","Boston Bruins","BOS","5","Chicago Black Hawks","CBH","1",
"1954-11-18","Toronto Maple Leafs","TOR","4","Montreal Canadiens","MTL","5",
"1954-11-20","Chicago Black Hawks","CBH","0","Detroit Red Wings","DET","5",
"1954-11-20","New York Rangers","NYR","1","Montreal Canadiens","MTL","4",
"1954-11-20","Boston Bruins","BOS","1","Toronto Maple Leafs","TOR","0",
"1954-11-21","Montreal Canadiens","MTL","0","Boston Bruins","BOS","2",
"1954-11-21","Detroit Red Wings","DET","1","Chicago Black Hawks","CBH","0",
"1954-11-21","Toronto Maple Leafs","TOR","2","New York Rangers","NYR","2",
"1954-11-23","Montreal Canadiens","MTL","4","Chicago Black Hawks","CBH","4","at St. Louis, MO"
"1954-11-24","Boston Bruins","BOS","1","New York Rangers","NYR","3",
"1954-11-25","New York Rangers","NYR","2","Boston Bruins","BOS","2",
"1954-11-25","Montreal Canadiens","MTL","3","Chicago Black Hawks","CBH","2",
"1954-11-25","Toronto Maple Leafs","TOR","0","Detroit Red Wings","DET","2",
"1954-11-27","Detroit Red Wings","DET","1","Montreal Canadiens","MTL","4",
"1954-11-27","New York Rangers","NYR","1","Toronto Maple Leafs","TOR","3",
"1954-11-28","Detroit Red Wings","DET","2","Boston Bruins","BOS","6",
"1954-11-28","Toronto Maple Leafs","TOR","1","Chicago Black Hawks","CBH","1",
"1954-11-28","Montreal Canadiens","MTL","1","New York Rangers","NYR","4",
"1954-11-30","Montreal Canadiens","MTL","3","Chicago Black Hawks","CBH","3","at Omaha, NE"
"1954-12-01","Detroit Red Wings","DET","6","New York Rangers","NYR","1",
"1954-12-01","Boston Bruins","BOS","0","Toronto Maple Leafs","TOR","6",
"1954-12-02","Boston Bruins","BOS","3","Chicago Black Hawks","CBH","2",
"1954-12-02","Montreal Canadiens","MTL","4","Detroit Red Wings","DET","1",
"1954-12-04","New York Rangers","NYR","3","Boston Bruins","BOS","6",
"1954-12-04","Detroit Red Wings","DET","0","Toronto Maple Leafs","TOR","1",
"1954-12-05","Toronto Maple Leafs","TOR","4","Boston Bruins","BOS","2",
"1954-12-05","Chicago Black Hawks","CBH","1","Detroit Red Wings","DET","4",
"1954-12-05","Montreal Canadiens","MTL","3","New York Rangers","NYR","3",
"1954-12-08","Chicago Black Hawks","CBH","2","New York Rangers","NYR","1",
"1954-12-08","Montreal Canadiens","MTL","1","Toronto Maple Leafs","TOR","3",
"1954-12-09","Chicago Black Hawks","CBH","1","Boston Bruins","BOS","2",
"1954-12-09","New York Rangers","NYR","2","Detroit Red Wings","DET","3",
"1954-12-09","Toronto Maple Leafs","TOR","0","Montreal Canadiens","MTL","2",
"1954-12-11","New York Rangers","NYR","1","Detroit Red Wings","DET","4",
"1954-12-11","Boston Bruins","BOS","3","Montreal Canadiens","MTL","0",
"1954-12-11","Chicago Black Hawks","CBH","2","Toronto Maple Leafs","TOR","1",
"1954-12-12","Montreal Canadiens","MTL","2","Boston Bruins","BOS","2",
"1954-12-12","Detroit Red Wings","DET","4","Chicago Black Hawks","CBH","3",
"1954-12-12","Toronto Maple Leafs","TOR","1","New York Rangers","NYR","1",
"1954-12-15","Toronto Maple Leafs","TOR","8","Chicago Black Hawks","CBH","3","at St. Louis, MO"
"1954-12-15","Detroit Red Wings","DET","3","New York Rangers","NYR","3",
"1954-12-16","Detroit Red Wings","DET","4","Boston Bruins","BOS","2",
"1954-12-16","New York Rangers","NYR","1","Montreal Canadiens","MTL","5",
"1954-12-18","Montreal Canadiens","MTL","4","Chicago Black Hawks","CBH","2",
"1954-12-18","Boston Bruins","BOS","1","Detroit Red Wings","DET","4",
"1954-12-18","New York Rangers","NYR","1","Toronto Maple Leafs","TOR","3",
"1954-12-19","Boston Bruins","BOS","1","Chicago Black Hawks","CBH","6",
"1954-12-19","Montreal Canadiens","MTL","5","Detroit Red Wings","DET","0",
"1954-12-19","Toronto Maple Leafs","TOR","3","New York Rangers","NYR","3",
"1954-12-22","Detroit Red Wings","DET","2","New York Rangers","NYR","2",
"1954-12-25","Chicago Black Hawks","CBH","3","Boston Bruins","BOS","3",
"1954-12-25","New York Rangers","NYR","1","Montreal Canadiens","MTL","4",
"1954-12-25","Detroit Red Wings","DET","3","Toronto Maple Leafs","TOR","2",
"1954-12-26","Toronto Maple Leafs","TOR","1","Detroit Red Wings","DET","1",
"1954-12-26","Chicago Black Hawks","CBH","4","New York Rangers","NYR","4",
"1954-12-29","Montreal Canadiens","MTL","1","Toronto Maple Leafs","TOR","1",
"1954-12-30","Toronto Maple Leafs","TOR","1","Detroit Red Wings","DET","4",
"1954-12-30","Chicago Black Hawks","CBH","4","Montreal Canadiens","MTL","7",
"1954-12-30","Boston Bruins","BOS","1","New York Rangers","NYR","6",
"1955-01-01","New York Rangers","NYR","0","Boston Bruins","BOS","4",
"1955-01-01","Detroit Red Wings","DET","1","Montreal Canadiens","MTL","4",
"1955-01-01","Chicago Black Hawks","CBH","2","Toronto Maple Leafs","TOR","2",
"1955-01-02","Toronto Maple Leafs","TOR","2","Chicago Black Hawks","CBH","3","at St. Louis, MO"
"1955-01-02","Montreal Canadiens","MTL","2","Detroit Red Wings","DET","3",
"1955-01-02","Boston Bruins","BOS","3","New York Rangers","NYR","3",
"1955-01-05","Chicago Black Hawks","CBH","3","New York Rangers","NYR","2",
"1955-01-05","Boston Bruins","BOS","2","Toronto Maple Leafs","TOR","1",
"1955-01-06","Boston Bruins","BOS","3","Detroit Red Wings","DET","3",
"1955-01-06","Chicago Black Hawks","CBH","0","Montreal Canadiens","MTL","6",
"1955-01-08","Chicago Black Hawks","CBH","0","Detroit Red Wings","DET","1",
"1955-01-08","Boston Bruins","BOS","1","Montreal Canadiens","MTL","1",
"1955-01-08","New York Rangers","NYR","0","Toronto Maple Leafs","TOR","5",
"1955-01-09","Toronto Maple Leafs","TOR","1","Boston Bruins","BOS","1",
"1955-01-09","Detroit Red Wings","DET","6","Chicago Black Hawks","CBH","2","at St. Louis, MO"
"1955-01-09","Montreal Canadiens","MTL","7","New York Rangers","NYR","1",
"1955-01-12","Boston Bruins","BOS","1","Chicago Black Hawks","CBH","1",
"1955-01-12","Toronto Maple Leafs","TOR","0","New York Rangers","NYR","0",
"1955-01-13","Boston Bruins","BOS","0","Detroit Red Wings","DET","4",
"1955-01-14","New York Rangers","NYR","6","Chicago Black Hawks","CBH","2",
"1955-01-15","Detroit Red Wings","DET","4","Montreal Canadiens","MTL","3",
"1955-01-15","Boston Bruins","BOS","2","Toronto Maple Leafs","TOR","4",
"1955-01-16","Montreal Canadiens","MTL","0","Boston Bruins","BOS","6",
"1955-01-16","Toronto Maple Leafs","TOR","4","Chicago Black Hawks","CBH","2",
"1955-01-16","New York Rangers","NYR","0","Detroit Red Wings","DET","3",
"1955-01-19","Detroit Red Wings","DET","0","New York Rangers","NYR","2",
"1955-01-19","Chicago Black Hawks","CBH","3","Toronto Maple Leafs","TOR","3",
"1955-01-20","Detroit Red Wings","DET","2","Boston Bruins","BOS","3",
"1955-01-20","Toronto Maple Leafs","TOR","2","Montreal Canadiens","MTL","6",
"1955-01-22","New York Rangers","NYR","1","Boston Bruins","BOS","3",
"1955-01-22","Chicago Black Hawks","CBH","3","Montreal Canadiens","MTL","5",
"1955-01-22","Detroit Red Wings","DET","1","Toronto Maple Leafs","TOR","3",
"1955-01-23","New York Rangers","NYR","2","Boston Bruins","BOS","0",
"1955-01-23","Montreal Canadiens","MTL","5","Chicago Black Hawks","CBH","3",
"1955-01-23","Toronto Maple Leafs","TOR","0","Detroit Red Wings","DET","4",
"1955-01-26","Montreal Canadiens","MTL","1","Toronto Maple Leafs","TOR","1",
"1955-01-27","Chicago Black Hawks","CBH","2","Boston Bruins","BOS","5",
"1955-01-27","New York Rangers","NYR","3","Detroit Red Wings","DET","3",
"1955-01-29","Detroit Red Wings","DET","2","Chicago Black Hawks","CBH","2","at St. Louis, MO"
"1955-01-29","Boston Bruins","BOS","0","Montreal Canadiens","MTL","4",
"1955-01-29","New York Rangers","NYR","3","Toronto Maple Leafs","TOR","1",
"1955-01-30","Toronto Maple Leafs","TOR","0","Boston Bruins","BOS","3",
"1955-01-30","New York Rangers","NYR","2","Chicago Black Hawks","CBH","4",
"1955-01-30","Montreal Canadiens","MTL","1","Detroit Red Wings","DET","7",
"1955-02-02","Boston Bruins","BOS","3","Chicago Black Hawks","CBH","2",
"1955-02-03","Boston Bruins","BOS","1","Detroit Red Wings","DET","1",
"1955-02-03","Toronto Maple Leafs","TOR","2","Montreal Canadiens","MTL","3",
"1955-02-05","Detroit Red Wings","DET","4","Boston Bruins","BOS","8",
"1955-02-05","New York Rangers","NYR","1","Montreal Canadiens","MTL","3",
"1955-02-05","Chicago Black Hawks","CBH","2","Toronto Maple Leafs","TOR","2",
"1955-02-06","Detroit Red Wings","DET","2","Boston Bruins","BOS","2",
"1955-02-06","Toronto Maple Leafs","TOR","4","Chicago Black Hawks","CBH","2",
"1955-02-06","Montreal Canadiens","MTL","7","New York Rangers","NYR","3",
"1955-02-09","Chicago Black Hawks","CBH","2","New York Rangers","NYR","2",
"1955-02-09","Montreal Canadiens","MTL","1","Toronto Maple Leafs","TOR","3",
"1955-02-10","Chicago Black Hawks","CBH","2","Boston Bruins","BOS","4",
"1955-02-12","New York Rangers","NYR","5","Boston Bruins","BOS","5",
"1955-02-12","Detroit Red Wings","DET","2","Toronto Maple Leafs","TOR","1",
"1955-02-13","Toronto Maple Leafs","TOR","3","Boston Bruins","BOS","3",
"1955-02-13","Detroit Red Wings","DET","5","Chicago Black Hawks","CBH","1",
"1955-02-13","Montreal Canadiens","MTL","1","New York Rangers","NYR","4",
"1955-02-15","Chicago Black Hawks","CBH","2","Detroit Red Wings","DET","3",
"1955-02-16","Boston Bruins","BOS","2","New York Rangers","NYR","2",
"1955-02-17","Boston Bruins","BOS","2","Chicago Black Hawks","CBH","10",
"1955-02-17","Detroit Red Wings","DET","2","Montreal Canadiens","MTL","4",
"1955-02-19","New York Rangers","NYR","2","Montreal Canadiens","MTL","10",
"1955-02-19","Boston Bruins","BOS","1","Toronto Maple Leafs","TOR","1",
"1955-02-20","Toronto Maple Leafs","TOR","1","Chicago Black Hawks","CBH","4",
"1955-02-20","Detroit Red Wings","DET","5","New York Rangers","NYR","0",
"1955-02-21","Boston Bruins","BOS","2","Detroit Red Wings","DET","2",
"1955-02-23","Boston Bruins","BOS","3","Chicago Black Hawks","CBH","3","at St. Paul, MN"
"1955-02-23","Toronto Maple Leafs","TOR","3","New York Rangers","NYR","1",
"1955-02-24","Toronto Maple Leafs","TOR","1","Montreal Canadiens","MTL","1",
"1955-02-25","New York Rangers","NYR","2","Chicago Black Hawks","CBH","2",
"1955-02-26","Boston Bruins","BOS","1","Montreal Canadiens","MTL","4",
"1955-02-26","Detroit Red Wings","DET","1","Toronto Maple Leafs","TOR","1",
"1955-02-27","Detroit Red Wings","DET","3","Chicago Black Hawks","CBH","2",
"1955-02-27","Montreal Canadiens","MTL","7","New York Rangers","NYR","1",
"1955-03-02","Boston Bruins","BOS","2","New York Rangers","NYR","1",
"1955-03-02","Montreal Canadiens","MTL","3","Toronto Maple Leafs","TOR","2",
"1955-03-03","Montreal Canadiens","MTL","4","Boston Bruins","BOS","1",
"1955-03-03","Chicago Black Hawks","CBH","1","Detroit Red Wings","DET","6",
"1955-03-05","New York Rangers","NYR","2","Detroit Red Wings","DET","6",
"1955-03-05","Chicago Black Hawks","CBH","4","Montreal Canadiens","MTL","4",
"1955-03-05","Boston Bruins","BOS","2","Toronto Maple Leafs","TOR","2",
"1955-03-06","Toronto Maple Leafs","TOR","1","Boston Bruins","BOS","3",
"1955-03-06","Montreal Canadiens","MTL","4","Chicago Black Hawks","CBH","2",
"1955-03-06","Detroit Red Wings","DET","2","New York Rangers","NYR","1",
"1955-03-10","Chicago Black Hawks","CBH","3","Boston Bruins","BOS","2",
"1955-03-10","Toronto Maple Leafs","TOR","0","Montreal Canadiens","MTL","0",
"1955-03-12","Chicago Black Hawks","CBH","2","Detroit Red Wings","DET","3",
"1955-03-12","Boston Bruins","BOS","1","Montreal Canadiens","MTL","2",
"1955-03-12","New York Rangers","NYR","2","Toronto Maple Leafs","TOR","1",
"1955-03-13","Montreal Canadiens","MTL","2","Boston Bruins","BOS","4",
"1955-03-13","Toronto Maple Leafs","TOR","1","Detroit Red Wings","DET","6",
"1955-03-13","Chicago Black Hawks","CBH","2","New York Rangers","NYR","5",
"1955-03-16","Detroit Red Wings","DET","5","Boston Bruins","BOS","4",
"1955-03-16","New York Rangers","NYR","1","Chicago Black Hawks","CBH","1","at St. Louis, MO"
"1955-03-17","Detroit Red Wings","DET","4","Montreal Canadiens","MTL","1",
"1955-03-19","New York Rangers","NYR","2","Montreal Canadiens","MTL","4",
"1955-03-19","Chicago Black Hawks","CBH","0","Toronto Maple Leafs","TOR","5",
"1955-03-20","Chicago Black Hawks","CBH","4","Boston Bruins","BOS","3",
"1955-03-20","Montreal Canadiens","MTL","0","Detroit Red Wings","DET","6",
"1955-03-20","Toronto Maple Leafs","TOR","2","New York Rangers","NYR","3",
