rank,player,age,teamName,gamesPlayed,gamesStarted,wins,losses,plusMinus,goalsAgainst,shotsAgainst,saves,savePercentage,goalsAgainstAverage,shutouts,minutes,shortHandedAssists,qualityStarts,qualityStartsPercentage,badStarts,goalsAllowedPercentage,savedAboveAverage,goals,assists,points,penaltyMinutes
"1"0,"Clint Benedict"1,"28"2,"OTS"3,"24"4,""5,"14"6,"10"7,"0"8,"75"9,""10,""11,""12,"3.08"13,"2"14,"1462"15,""16,""17,""18,""19,""20,"0"21,"0"22,"0"23,"0"
"2"0,"Jake Forbes"1,"23"2,"TRS"3,"20"4,""5,"13"6,"7"7,"0"8,"78"9,""10,""11,""12,"3.83"13,"0"14,"1221"15,""16,""17,""18,""19,""20,"0"21,"0"22,"0"23,"0"
"3"0,"Howard Lockhart"1,"25"2,"HAM"3,"24"4,""5,"6"6,"18"7,"0"8,"132"9,""10,""11,""12,"5.45"13,"1"14,"1454"15,""16,""17,""18,""19,""20,"0"21,"0"22,"0"23,"0"
"4"0,"Mike Mitchell"1,"27"2,"TRS"3,"4"4,""5,"2"6,"2"7,"0"8,"22"9,""10,""11,""12,"5.50"13,"0"14,"240"15,""16,""17,""18,""19,""20,"0"21,"0"22,"0"23,"0"
"5"0,"Georges Vezina"1,"34"2,"MTL"3,"24"4,""5,"13"6,"11"7,"0"8,"99"9,""10,""11,""12,"4.12"13,"1"14,"1441"15,""16,""17,""18,""19,""20,"0"21,"0"22,"0"23,"0"
