date,vistor,vistorAbrv,vistorGoals,home,homeAbrv,homeGoals,notes
"1995-10-06","Detroit Red Wings","DET","2","Colorado Avalanche","COL","3",
"1995-10-07","New York Islanders","NYI","4","Boston Bruins","BOS","4",
"1995-10-07","New York Rangers","NYR","0","Hartford Whalers","HAR","2",
"1995-10-07","Colorado Avalanche","COL","2","Los Angeles Kings","LAK","4",
"1995-10-07","Philadelphia Flyers","PHI","7","Montreal Canadiens","MTL","1",
"1995-10-07","Florida Panthers","FLA","0","New Jersey Devils","NJD","4",
"1995-10-07","Buffalo Sabres","BUF","3","Ottawa Senators","OTT","1",
"1995-10-07","Toronto Maple Leafs","TOR","3","Pittsburgh Penguins","PIT","8",
"1995-10-07","Chicago Blackhawks","CHI","4","San Jose Sharks","SJS","3",
"1995-10-07","Calgary Flames","CGY","3","Tampa Bay Lightning","TBL","3",
"1995-10-07","Dallas Stars","DAL","5","Winnipeg Jets","WIN","7",
"1995-10-07","St. Louis Blues","STL","1","Washington Capitals","WSH","4",
"1995-10-08","Detroit Red Wings","DET","3","Edmonton Oilers","EDM","1",
"1995-10-08","Calgary Flames","CGY","3","Florida Panthers","FLA","4",
"1995-10-09","Buffalo Sabres","BUF","3","Boston Bruins","BOS","5",
"1995-10-09","Pittsburgh Penguins","PIT","6","Colorado Avalanche","COL","6",
"1995-10-09","Detroit Red Wings","DET","5","Vancouver Canucks","VAN","3",
"1995-10-09","Mighty Ducks of Anaheim","MDA","3","Winnipeg Jets","WIN","4",
"1995-10-10","Calgary Flames","CGY","3","Dallas Stars","DAL","7",
"1995-10-10","Chicago Blackhawks","CHI","5","Los Angeles Kings","LAK","6",
"1995-10-10","Edmonton Oilers","EDM","3","St. Louis Blues","STL","5",
"1995-10-10","New York Islanders","NYI","3","Toronto Maple Leafs","TOR","7",
"1995-10-11","Boston Bruins","BOS","1","Colorado Avalanche","COL","3",
"1995-10-11","Montreal Canadiens","MTL","1","Florida Panthers","FLA","6",
"1995-10-11","Mighty Ducks of Anaheim","MDA","2","Hartford Whalers","HAR","3",
"1995-10-11","Winnipeg Jets","WIN","4","New York Rangers","NYR","6",
"1995-10-11","Washington Capitals","WSH","1","Philadelphia Flyers","PHI","2",
"1995-10-12","Pittsburgh Penguins","PIT","1","Chicago Blackhawks","CHI","5",
"1995-10-12","St. Louis Blues","STL","3","Dallas Stars","DAL","1",
"1995-10-12","Vancouver Canucks","VAN","7","Los Angeles Kings","LAK","7",
"1995-10-12","Winnipeg Jets","WIN","1","New Jersey Devils","NJD","4",
"1995-10-12","Boston Bruins","BOS","6","San Jose Sharks","SJS","6",
"1995-10-12","Montreal Canadiens","MTL","1","Tampa Bay Lightning","TBL","3",
"1995-10-13","Mighty Ducks of Anaheim","MDA","4","Buffalo Sabres","BUF","1",
"1995-10-13","Edmonton Oilers","EDM","0","Detroit Red Wings","DET","9",
"1995-10-13","Ottawa Senators","OTT","2","Florida Panthers","FLA","6",
"1995-10-13","Colorado Avalanche","COL","1","Washington Capitals","WSH","3",
"1995-10-14","Boston Bruins","BOS","5","Dallas Stars","DAL","6",
"1995-10-14","Chicago Blackhawks","CHI","2","Hartford Whalers","HAR","3",
"1995-10-14","New Jersey Devils","NJD","4","Montreal Canadiens","MTL","1",
"1995-10-14","Philadelphia Flyers","PHI","3","New York Islanders","NYI","0",
"1995-10-14","Mighty Ducks of Anaheim","MDA","2","Pittsburgh Penguins","PIT","5",
"1995-10-14","Vancouver Canucks","VAN","7","San Jose Sharks","SJS","6",
"1995-10-14","Colorado Avalanche","COL","1","St. Louis Blues","STL","4",
"1995-10-14","New York Rangers","NYR","2","Toronto Maple Leafs","TOR","0",
"1995-10-14","Tampa Bay Lightning","TBL","0","Washington Capitals","WSH","2",
"1995-10-15","New Jersey Devils","NJD","4","Buffalo Sabres","BUF","3",
"1995-10-15","Calgary Flames","CGY","1","Chicago Blackhawks","CHI","1",
"1995-10-15","New York Islanders","NYI","3","Florida Panthers","FLA","5",
"1995-10-15","Edmonton Oilers","EDM","1","Philadelphia Flyers","PHI","7",
"1995-10-15","Ottawa Senators","OTT","7","Tampa Bay Lightning","TBL","4",
"1995-10-15","Los Angeles Kings","LAK","3","Vancouver Canucks","VAN","3",
"1995-10-15","Detroit Red Wings","DET","5","Winnipeg Jets","WIN","5",
"1995-10-16","Hartford Whalers","HAR","7","New York Rangers","NYR","5",
"1995-10-17","Washington Capitals","WSH","4","Dallas Stars","DAL","3",
"1995-10-17","Calgary Flames","CGY","3","Detroit Red Wings","DET","3",
"1995-10-17","Chicago Blackhawks","CHI","6","Florida Panthers","FLA","3",
"1995-10-17","Edmonton Oilers","EDM","3","New Jersey Devils","NJD","1",
"1995-10-17","New York Rangers","NYR","5","New York Islanders","NYI","1",
"1995-10-17","Boston Bruins","BOS","7","St. Louis Blues","STL","4",
"1995-10-17","San Jose Sharks","SJS","2","Toronto Maple Leafs","TOR","7",
"1995-10-17","Tampa Bay Lightning","TBL","2","Winnipeg Jets","WIN","5",
"1995-10-18","Edmonton Oilers","EDM","1","Buffalo Sabres","BUF","4",
"1995-10-18","Washington Capitals","WSH","2","Colorado Avalanche","COL","4",
"1995-10-18","Philadelphia Flyers","PHI","1","Los Angeles Kings","LAK","1",
"1995-10-18","Vancouver Canucks","VAN","5","Mighty Ducks of Anaheim","MDA","1",
"1995-10-19","Tampa Bay Lightning","TBL","4","Chicago Blackhawks","CHI","1",
"1995-10-19","Detroit Red Wings","DET","2","New Jersey Devils","NJD","4",
"1995-10-19","Calgary Flames","CGY","2","Ottawa Senators","OTT","4",
"1995-10-19","Dallas Stars","DAL","1","St. Louis Blues","STL","1",
"1995-10-19","San Jose Sharks","SJS","3","Winnipeg Jets","WIN","3",
"1995-10-20","New York Rangers","NYR","3","Buffalo Sabres","BUF","1",
"1995-10-20","Pittsburgh Penguins","PIT","2","Hartford Whalers","HAR","2",
"1995-10-20","Philadelphia Flyers","PHI","4","Mighty Ducks of Anaheim","MDA","2",
"1995-10-20","Montreal Canadiens","MTL","0","New York Islanders","NYI","2",
"1995-10-20","Calgary Flames","CGY","3","Toronto Maple Leafs","TOR","4",
"1995-10-20","Los Angeles Kings","LAK","7","Washington Capitals","WSH","4",
"1995-10-21","Tampa Bay Lightning","TBL","3","Dallas Stars","DAL","3",
"1995-10-21","Boston Bruins","BOS","2","Detroit Red Wings","DET","4",
"1995-10-21","Vancouver Canucks","VAN","4","Edmonton Oilers","EDM","6",
"1995-10-21","Hartford Whalers","HAR","0","Florida Panthers","FLA","3",
"1995-10-21","Toronto Maple Leafs","TOR","3","Montreal Canadiens","MTL","4",
"1995-10-21","Ottawa Senators","OTT","1","New Jersey Devils","NJD","4",
"1995-10-21","Los Angeles Kings","LAK","3","Pittsburgh Penguins","PIT","2",
"1995-10-21","Chicago Blackhawks","CHI","4","St. Louis Blues","STL","1",
"1995-10-22","St. Louis Blues","STL","2","Buffalo Sabres","BUF","5",
"1995-10-22","Philadelphia Flyers","PHI","4","Chicago Blackhawks","CHI","5",
"1995-10-22","San Jose Sharks","SJS","1","Edmonton Oilers","EDM","1",
"1995-10-22","Winnipeg Jets","WIN","2","Mighty Ducks of Anaheim","MDA","6",
"1995-10-22","Ottawa Senators","OTT","4","New York Rangers","NYR","2",
"1995-10-23","Mighty Ducks of Anaheim","MDA","1","Colorado Avalanche","COL","3",
"1995-10-23","Los Angeles Kings","LAK","3","Montreal Canadiens","MTL","6",
"1995-10-24","Buffalo Sabres","BUF","0","Dallas Stars","DAL","3",
"1995-10-24","Ottawa Senators","OTT","2","Detroit Red Wings","DET","1",
"1995-10-24","Vancouver Canucks","VAN","2","New York Rangers","NYR","5",
"1995-10-24","Florida Panthers","FLA","6","Toronto Maple Leafs","TOR","1",
"1995-10-25","Colorado Avalanche","COL","3","Calgary Flames","CGY","2",
"1995-10-25","St. Louis Blues","STL","4","Hartford Whalers","HAR","2",
"1995-10-25","Florida Panthers","FLA","2","Montreal Canadiens","MTL","7",
"1995-10-25","Vancouver Canucks","VAN","4","New Jersey Devils","NJD","2",
"1995-10-25","New York Islanders","NYI","1","Philadelphia Flyers","PHI","3",
"1995-10-25","Winnipeg Jets","WIN","6","San Jose Sharks","SJS","1",
"1995-10-26","Washington Capitals","WSH","4","Boston Bruins","BOS","2",
"1995-10-26","Toronto Maple Leafs","TOR","2","Chicago Blackhawks","CHI","1",
"1995-10-26","Mighty Ducks of Anaheim","MDA","2","Dallas Stars","DAL","5",
"1995-10-26","Pittsburgh Penguins","PIT","7","New York Islanders","NYI","5",
"1995-10-26","Los Angeles Kings","LAK","4","Ottawa Senators","OTT","5",
"1995-10-26","New York Rangers","NYR","4","Tampa Bay Lightning","TBL","4",
"1995-10-27","Detroit Red Wings","DET","3","Calgary Flames","CGY","0",
"1995-10-27","Buffalo Sabres","BUF","4","Colorado Avalanche","COL","5",
"1995-10-27","Winnipeg Jets","WIN","5","Edmonton Oilers","EDM","7",
"1995-10-27","Montreal Canadiens","MTL","4","Hartford Whalers","HAR","1",
"1995-10-27","Mighty Ducks of Anaheim","MDA","2","St. Louis Blues","STL","4",
"1995-10-28","Hartford Whalers","HAR","0","Boston Bruins","BOS","3",
"1995-10-28","Chicago Blackhawks","CHI","3","Montreal Canadiens","MTL","5",
"1995-10-28","Pittsburgh Penguins","PIT","5","New Jersey Devils","NJD","3",
"1995-10-28","Philadelphia Flyers","PHI","5","New York Islanders","NYI","5",
"1995-10-28","Florida Panthers","FLA","4","Ottawa Senators","OTT","1",
"1995-10-28","Dallas Stars","DAL","4","San Jose Sharks","SJS","3",
"1995-10-28","Washington Capitals","WSH","4","Tampa Bay Lightning","TBL","2",
"1995-10-28","Los Angeles Kings","LAK","2","Toronto Maple Leafs","TOR","2",
"1995-10-28","Winnipeg Jets","WIN","4","Vancouver Canucks","VAN","1",
"1995-10-29","Buffalo Sabres","BUF","3","Chicago Blackhawks","CHI","6",
"1995-10-29","Calgary Flames","CGY","2","Mighty Ducks of Anaheim","MDA","7",
"1995-10-29","Toronto Maple Leafs","TOR","2","New York Rangers","NYR","3",
"1995-10-29","Ottawa Senators","OTT","2","Philadelphia Flyers","PHI","5",
"1995-10-29","Washington Capitals","WSH","3","St. Louis Blues","STL","1",
"1995-10-30","Colorado Avalanche","COL","6","Dallas Stars","DAL","1",
"1995-10-30","San Jose Sharks","SJS","3","Vancouver Canucks","VAN","4",
"1995-10-30","Detroit Red Wings","DET","2","Winnipeg Jets","WIN","3",
"1995-10-31","Montreal Canadiens","MTL","3","Boston Bruins","BOS","1",
"1995-10-31","New Jersey Devils","NJD","1","Edmonton Oilers","EDM","2",
"1995-10-31","New York Islanders","NYI","5","Florida Panthers","FLA","4",
"1995-10-31","Calgary Flames","CGY","2","Los Angeles Kings","LAK","1",
"1995-10-31","Tampa Bay Lightning","TBL","2","Philadelphia Flyers","PHI","2",
"1995-10-31","New York Rangers","NYR","5","San Jose Sharks","SJS","3",
"1995-11-01","Detroit Red Wings","DET","1","Buffalo Sabres","BUF","2",
"1995-11-01","Calgary Flames","CGY","1","Colorado Avalanche","COL","6",
"1995-11-01","Chicago Blackhawks","CHI","1","Dallas Stars","DAL","1",
"1995-11-01","St. Louis Blues","STL","0","Mighty Ducks of Anaheim","MDA","3",
"1995-11-01","Tampa Bay Lightning","TBL","0","Pittsburgh Penguins","PIT","10",
"1995-11-01","Edmonton Oilers","EDM","3","Vancouver Canucks","VAN","3",
"1995-11-01","Toronto Maple Leafs","TOR","4","Winnipeg Jets","WIN","2",
"1995-11-01","Montreal Canadiens","MTL","2","Washington Capitals","WSH","5",
"1995-11-02","Detroit Red Wings","DET","6","Boston Bruins","BOS","5",
"1995-11-02","Ottawa Senators","OTT","5","Hartford Whalers","HAR","0",
"1995-11-02","New York Rangers","NYR","3","Los Angeles Kings","LAK","5",
"1995-11-02","Florida Panthers","FLA","2","Philadelphia Flyers","PHI","1",
"1995-11-02","New Jersey Devils","NJD","3","San Jose Sharks","SJS","3",
"1995-11-03","Pittsburgh Penguins","PIT","3","Buffalo Sabres","BUF","3",
"1995-11-03","New York Rangers","NYR","4","Mighty Ducks of Anaheim","MDA","7",
"1995-11-03","New York Islanders","NYI","3","Tampa Bay Lightning","TBL","5",
"1995-11-03","Toronto Maple Leafs","TOR","4","Vancouver Canucks","VAN","4",
"1995-11-03","Colorado Avalanche","COL","5","Winnipeg Jets","WIN","2",
"1995-11-03","Florida Panthers","FLA","3","Washington Capitals","WSH","2",
"1995-11-04","Vancouver Canucks","VAN","4","Calgary Flames","CGY","4",
"1995-11-04","Dallas Stars","DAL","1","Detroit Red Wings","DET","5",
"1995-11-04","Toronto Maple Leafs","TOR","3","Edmonton Oilers","EDM","3",
"1995-11-04","New Jersey Devils","NJD","4","Los Angeles Kings","LAK","2",
"1995-11-04","Boston Bruins","BOS","1","Montreal Canadiens","MTL","4",
"1995-11-04","Washington Capitals","WSH","3","New York Islanders","NYI","2",
"1995-11-04","Hartford Whalers","HAR","5","Ottawa Senators","OTT","4",
"1995-11-04","Philadelphia Flyers","PHI","4","Pittsburgh Penguins","PIT","7",
"1995-11-04","St. Louis Blues","STL","3","San Jose Sharks","SJS","7",
"1995-11-05","Winnipeg Jets","WIN","4","Buffalo Sabres","BUF","3",
"1995-11-05","Colorado Avalanche","COL","7","Chicago Blackhawks","CHI","3",
"1995-11-05","Tampa Bay Lightning","TBL","1","Florida Panthers","FLA","4",
"1995-11-05","New Jersey Devils","NJD","1","Mighty Ducks of Anaheim","MDA","6",
"1995-11-05","Hartford Whalers","HAR","1","Philadelphia Flyers","PHI","6",
"1995-11-06","Calgary Flames","CGY","2","New York Rangers","NYR","4",
"1995-11-07","Edmonton Oilers","EDM","2","Detroit Red Wings","DET","4",
"1995-11-07","Philadelphia Flyers","PHI","2","Florida Panthers","FLA","4",
"1995-11-07","San Jose Sharks","SJS","3","Hartford Whalers","HAR","7",
"1995-11-07","Vancouver Canucks","VAN","5","New York Islanders","NYI","2",
"1995-11-07","Los Angeles Kings","LAK","1","St. Louis Blues","STL","0",
"1995-11-07","Mighty Ducks of Anaheim","MDA","3","Toronto Maple Leafs","TOR","6",
"1995-11-07","Boston Bruins","BOS","4","Washington Capitals","WSH","3",
"1995-11-08","San Jose Sharks","SJS","2","Buffalo Sabres","BUF","7",
"1995-11-08","Los Angeles Kings","LAK","3","Dallas Stars","DAL","3",
"1995-11-08","Mighty Ducks of Anaheim","MDA","3","Montreal Canadiens","MTL","2",
"1995-11-08","Calgary Flames","CGY","2","New Jersey Devils","NJD","1",
"1995-11-08","Tampa Bay Lightning","TBL","4","New York Rangers","NYR","5",
"1995-11-08","Pittsburgh Penguins","PIT","7","Ottawa Senators","OTT","1",
"1995-11-09","Ottawa Senators","OTT","3","Boston Bruins","BOS","4",
"1995-11-09","Vancouver Canucks","VAN","2","Chicago Blackhawks","CHI","5",
"1995-11-09","Dallas Stars","DAL","1","Colorado Avalanche","COL","1",
"1995-11-09","Edmonton Oilers","EDM","1","Florida Panthers","FLA","2",
"1995-11-09","Calgary Flames","CGY","1","Philadelphia Flyers","PHI","3",
"1995-11-10","New York Islanders","NYI","1","New York Rangers","NYR","4",
"1995-11-10","Pittsburgh Penguins","PIT","9","San Jose Sharks","SJS","1",
"1995-11-10","Winnipeg Jets","WIN","2","St. Louis Blues","STL","3",
"1995-11-10","Edmonton Oilers","EDM","4","Tampa Bay Lightning","TBL","3",
"1995-11-10","Washington Capitals","WSH","1","Toronto Maple Leafs","TOR","6",
"1995-11-11","Toronto Maple Leafs","TOR","3","Boston Bruins","BOS","1",
"1995-11-11","Montreal Canadiens","MTL","4","Calgary Flames","CGY","0",
"1995-11-11","Buffalo Sabres","BUF","1","Florida Panthers","FLA","4",
"1995-11-11","New York Rangers","NYR","4","Hartford Whalers","HAR","1",
"1995-11-11","Pittsburgh Penguins","PIT","2","Los Angeles Kings","LAK","3",
"1995-11-11","Philadelphia Flyers","PHI","2","New Jersey Devils","NJD","4",
"1995-11-11","St. Louis Blues","STL","4","New York Islanders","NYI","1",
"1995-11-11","Mighty Ducks of Anaheim","MDA","3","Ottawa Senators","OTT","2",
"1995-11-11","Detroit Red Wings","DET","5","San Jose Sharks","SJS","2",
"1995-11-11","Colorado Avalanche","COL","8","Vancouver Canucks","VAN","4",
"1995-11-11","Chicago Blackhawks","CHI","4","Washington Capitals","WSH","1",
"1995-11-12","Edmonton Oilers","EDM","4","Chicago Blackhawks","CHI","4",
"1995-11-12","New Jersey Devils","NJD","3","Philadelphia Flyers","PHI","2",
"1995-11-12","Buffalo Sabres","BUF","6","Tampa Bay Lightning","TBL","4",
"1995-11-12","Montreal Canadiens","MTL","4","Vancouver Canucks","VAN","2",
"1995-11-13","Los Angeles Kings","LAK","4","Mighty Ducks of Anaheim","MDA","2",
"1995-11-14","Edmonton Oilers","EDM","2","Calgary Flames","CGY","4",
"1995-11-14","Toronto Maple Leafs","TOR","2","Florida Panthers","FLA","5",
"1995-11-14","Detroit Red Wings","DET","6","Los Angeles Kings","LAK","5",
"1995-11-14","Hartford Whalers","HAR","0","New Jersey Devils","NJD","1",
"1995-11-14","Dallas Stars","DAL","2","Pittsburgh Penguins","PIT","4",
"1995-11-14","New York Islanders","NYI","5","San Jose Sharks","SJS","3",
"1995-11-14","New York Rangers","NYR","1","St. Louis Blues","STL","1",
"1995-11-14","Boston Bruins","BOS","3","Tampa Bay Lightning","TBL","5",
"1995-11-14","Chicago Blackhawks","CHI","5","Winnipeg Jets","WIN","6",
"1995-11-14","Philadelphia Flyers","PHI","2","Washington Capitals","WSH","2",
"1995-11-15","Dallas Stars","DAL","1","Buffalo Sabres","BUF","2",
"1995-11-15","Montreal Canadiens","MTL","4","Edmonton Oilers","EDM","1",
"1995-11-15","Ottawa Senators","OTT","2","Hartford Whalers","HAR","3",
"1995-11-15","Colorado Avalanche","COL","3","Mighty Ducks of Anaheim","MDA","7",
"1995-11-16","New Jersey Devils","NJD","2","Boston Bruins","BOS","2",
"1995-11-16","New York Rangers","NYR","1","Chicago Blackhawks","CHI","3",
"1995-11-16","Vancouver Canucks","VAN","2","Florida Panthers","FLA","2",
"1995-11-16","New York Islanders","NYI","2","Los Angeles Kings","LAK","9",
"1995-11-16","Ottawa Senators","OTT","3","Philadelphia Flyers","PHI","5",
"1995-11-16","San Jose Sharks","SJS","1","St. Louis Blues","STL","3",
"1995-11-16","Toronto Maple Leafs","TOR","5","Tampa Bay Lightning","TBL","4",
"1995-11-17","Colorado Avalanche","COL","5","Calgary Flames","CGY","3",
"1995-11-17","San Jose Sharks","SJS","1","Dallas Stars","DAL","2",
"1995-11-17","Detroit Red Wings","DET","5","Edmonton Oilers","EDM","4",
"1995-11-17","New York Islanders","NYI","1","Mighty Ducks of Anaheim","MDA","2",
"1995-11-17","New York Rangers","NYR","3","Winnipeg Jets","WIN","6",
"1995-11-17","Pittsburgh Penguins","PIT","3","Washington Capitals","WSH","2",
"1995-11-18","St. Louis Blues","STL","2","Boston Bruins","BOS","5",
"1995-11-18","Calgary Flames","CGY","2","Colorado Avalanche","COL","5",
"1995-11-18","Philadelphia Flyers","PHI","4","Hartford Whalers","HAR","2",
"1995-11-18","Florida Panthers","FLA","2","Los Angeles Kings","LAK","3",
"1995-11-18","Ottawa Senators","OTT","1","Montreal Canadiens","MTL","5",
"1995-11-18","Buffalo Sabres","BUF","5","New Jersey Devils","NJD","4",
"1995-11-18","Washington Capitals","WSH","0","Pittsburgh Penguins","PIT","3",
"1995-11-18","Vancouver Canucks","VAN","4","Tampa Bay Lightning","TBL","5",
"1995-11-18","Winnipeg Jets","WIN","1","Toronto Maple Leafs","TOR","2",
"1995-11-19","Ottawa Senators","OTT","0","Buffalo Sabres","BUF","6",
"1995-11-19","San Jose Sharks","SJS","3","Chicago Blackhawks","CHI","2",
"1995-11-19","Florida Panthers","FLA","4","Mighty Ducks of Anaheim","MDA","3",
"1995-11-19","Vancouver Canucks","VAN","2","Philadelphia Flyers","PHI","3",
"1995-11-20","Colorado Avalanche","COL","3","Edmonton Oilers","EDM","3",
"1995-11-20","Hartford Whalers","HAR","3","Montreal Canadiens","MTL","4",
"1995-11-21","Winnipeg Jets","WIN","4","Boston Bruins","BOS","5",
"1995-11-21","Mighty Ducks of Anaheim","MDA","3","Calgary Flames","CGY","2",
"1995-11-21","New Jersey Devils","NJD","3","Florida Panthers","FLA","4",
"1995-11-21","Pittsburgh Penguins","PIT","4","New York Rangers","NYR","9",
"1995-11-21","Los Angeles Kings","LAK","2","Philadelphia Flyers","PHI","5",
"1995-11-21","St. Louis Blues","STL","2","Toronto Maple Leafs","TOR","5",
"1995-11-21","San Jose Sharks","SJS","2","Washington Capitals","WSH","3",
"1995-11-22","Chicago Blackhawks","CHI","2","Colorado Avalanche","COL","6",
"1995-11-22","Vancouver Canucks","VAN","3","Dallas Stars","DAL","4",
"1995-11-22","San Jose Sharks","SJS","2","Detroit Red Wings","DET","5",
"1995-11-22","Mighty Ducks of Anaheim","MDA","0","Edmonton Oilers","EDM","2",
"1995-11-22","Montreal Canadiens","MTL","2","Hartford Whalers","HAR","4",
"1995-11-22","Los Angeles Kings","LAK","2","New York Islanders","NYI","5",
"1995-11-22","Winnipeg Jets","WIN","3","Ottawa Senators","OTT","1",
"1995-11-22","New York Rangers","NYR","4","Pittsburgh Penguins","PIT","3",
"1995-11-22","New Jersey Devils","NJD","1","Tampa Bay Lightning","TBL","3",
"1995-11-23","Vancouver Canucks","VAN","3","St. Louis Blues","STL","2",
"1995-11-24","Los Angeles Kings","LAK","1","Boston Bruins","BOS","2",
"1995-11-24","New York Islanders","NYI","1","Buffalo Sabres","BUF","1",
"1995-11-24","Edmonton Oilers","EDM","5","Calgary Flames","CGY","2",
"1995-11-24","Chicago Blackhawks","CHI","5","Mighty Ducks of Anaheim","MDA","4",
"1995-11-24","Detroit Red Wings","DET","1","Philadelphia Flyers","PHI","4",
"1995-11-24","Hartford Whalers","HAR","4","Toronto Maple Leafs","TOR","0",
"1995-11-24","Tampa Bay Lightning","TBL","2","Washington Capitals","WSH","1",
"1995-11-25","New Jersey Devils","NJD","0","Dallas Stars","DAL","2",
"1995-11-25","New York Rangers","NYR","0","Detroit Red Wings","DET","2",
"1995-11-25","Washington Capitals","WSH","4","Hartford Whalers","HAR","2",
"1995-11-25","Colorado Avalanche","COL","2","Montreal Canadiens","MTL","2",
"1995-11-25","Tampa Bay Lightning","TBL","2","New York Islanders","NYI","1",
"1995-11-25","Boston Bruins","BOS","3","Ottawa Senators","OTT","3",
"1995-11-25","Buffalo Sabres","BUF","3","Pittsburgh Penguins","PIT","5",
"1995-11-25","Vancouver Canucks","VAN","2","San Jose Sharks","SJS","7",
"1995-11-25","Toronto Maple Leafs","TOR","2","St. Louis Blues","STL","2",
"1995-11-26","Chicago Blackhawks","CHI","2","Calgary Flames","CGY","2",
"1995-11-26","Los Angeles Kings","LAK","1","Florida Panthers","FLA","5",
"1995-11-26","Edmonton Oilers","EDM","0","Winnipeg Jets","WIN","4",
"1995-11-27","New Jersey Devils","NJD","1","New York Rangers","NYR","1",
"1995-11-27","Buffalo Sabres","BUF","2","St. Louis Blues","STL","0",
"1995-11-27","Los Angeles Kings","LAK","0","Tampa Bay Lightning","TBL","2",
"1995-11-28","Montreal Canadiens","MTL","2","Detroit Red Wings","DET","3",
"1995-11-28","Chicago Blackhawks","CHI","5","Edmonton Oilers","EDM","3",
"1995-11-28","Colorado Avalanche","COL","7","New York Islanders","NYI","3",
"1995-11-28","Ottawa Senators","OTT","2","Pittsburgh Penguins","PIT","7",
"1995-11-28","Toronto Maple Leafs","TOR","3","Winnipeg Jets","WIN","4",
"1995-11-29","Philadelphia Flyers","PHI","2","Florida Panthers","FLA","1",
"1995-11-29","Washington Capitals","WSH","2","Mighty Ducks of Anaheim","MDA","2",
"1995-11-29","Colorado Avalanche","COL","3","New Jersey Devils","NJD","4",
"1995-11-29","Buffalo Sabres","BUF","3","New York Rangers","NYR","5",
"1995-11-29","Calgary Flames","CGY","5","San Jose Sharks","SJS","3",
"1995-11-29","Montreal Canadiens","MTL","4","St. Louis Blues","STL","5",
"1995-11-29","Hartford Whalers","HAR","2","Tampa Bay Lightning","TBL","2",
"1995-11-29","Chicago Blackhawks","CHI","2","Vancouver Canucks","VAN","2",
"1995-11-30","Pittsburgh Penguins","PIT","9","Boston Bruins","BOS","6",
"1995-11-30","Washington Capitals","WSH","2","Los Angeles Kings","LAK","3",
"1995-11-30","New York Islanders","NYI","5","Ottawa Senators","OTT","3",
"1995-11-30","Toronto Maple Leafs","TOR","2","Philadelphia Flyers","PHI","3",
"1995-11-30","St. Louis Blues","STL","4","Winnipeg Jets","WIN","1",
"1995-12-01","Hartford Whalers","HAR","1","Buffalo Sabres","BUF","2",
"1995-12-01","Mighty Ducks of Anaheim","MDA","2","Detroit Red Wings","DET","5",
"1995-12-01","Calgary Flames","CGY","8","Edmonton Oilers","EDM","2",
"1995-12-01","Tampa Bay Lightning","TBL","1","New Jersey Devils","NJD","5",
"1995-12-01","Colorado Avalanche","COL","3","New York Rangers","NYR","5",
"1995-12-01","Florida Panthers","FLA","1","Pittsburgh Penguins","PIT","2",
"1995-12-01","San Jose Sharks","SJS","2","Vancouver Canucks","VAN","7",
"1995-12-02","Buffalo Sabres","BUF","4","Boston Bruins","BOS","6",
"1995-12-02","St. Louis Blues","STL","7","Edmonton Oilers","EDM","3",
"1995-12-02","Florida Panthers","FLA","5","Hartford Whalers","HAR","3",
"1995-12-02","Dallas Stars","DAL","2","Los Angeles Kings","LAK","2",
"1995-12-02","Detroit Red Wings","DET","11","Montreal Canadiens","MTL","1",
"1995-12-02","New Jersey Devils","NJD","1","New York Islanders","NYI","4",
"1995-12-02","New York Rangers","NYR","4","Ottawa Senators","OTT","2",
"1995-12-02","Washington Capitals","WSH","3","San Jose Sharks","SJS","5",
"1995-12-02","Mighty Ducks of Anaheim","MDA","4","Toronto Maple Leafs","TOR","4",
"1995-12-02","Chicago Blackhawks","CHI","2","Winnipeg Jets","WIN","2",
"1995-12-03","Dallas Stars","DAL","7","Colorado Avalanche","COL","6",
"1995-12-03","Boston Bruins","BOS","1","Philadelphia Flyers","PHI","6",
"1995-12-03","Pittsburgh Penguins","PIT","5","Tampa Bay Lightning","TBL","4",
"1995-12-03","Calgary Flames","CGY","2","Winnipeg Jets","WIN","5",
"1995-12-04","Mighty Ducks of Anaheim","MDA","1","New York Rangers","NYR","5",
"1995-12-05","Dallas Stars","DAL","4","Boston Bruins","BOS","6",
"1995-12-05","St. Louis Blues","STL","1","Calgary Flames","CGY","1",
"1995-12-05","San Jose Sharks","SJS","2","Colorado Avalanche","COL","12",
"1995-12-05","Philadelphia Flyers","PHI","3","Detroit Red Wings","DET","5",
"1995-12-05","Pittsburgh Penguins","PIT","6","New York Islanders","NYI","3",
"1995-12-05","Ottawa Senators","OTT","1","Toronto Maple Leafs","TOR","4",
"1995-12-05","Edmonton Oilers","EDM","2","Vancouver Canucks","VAN","6",
"1995-12-05","Florida Panthers","FLA","4","Washington Capitals","WSH","3",
"1995-12-06","New York Islanders","NYI","4","Hartford Whalers","HAR","7",
"1995-12-06","Winnipeg Jets","WIN","3","Los Angeles Kings","LAK","6",
"1995-12-06","New Jersey Devils","NJD","2","Montreal Canadiens","MTL","4",
"1995-12-06","Chicago Blackhawks","CHI","5","New York Rangers","NYR","5",
"1995-12-06","Mighty Ducks of Anaheim","MDA","1","Tampa Bay Lightning","TBL","2",
"1995-12-07","Ottawa Senators","OTT","5","Chicago Blackhawks","CHI","2",
"1995-12-07","Edmonton Oilers","EDM","5","Colorado Avalanche","COL","3",
"1995-12-07","Dallas Stars","DAL","1","Detroit Red Wings","DET","3",
"1995-12-07","Mighty Ducks of Anaheim","MDA","3","Florida Panthers","FLA","3",
"1995-12-07","Toronto Maple Leafs","TOR","2","New Jersey Devils","NJD","1",
"1995-12-07","Buffalo Sabres","BUF","3","Philadelphia Flyers","PHI","7",
"1995-12-07","Montreal Canadiens","MTL","5","Pittsburgh Penguins","PIT","7",
"1995-12-07","Winnipeg Jets","WIN","3","San Jose Sharks","SJS","5",
"1995-12-08","Washington Capitals","WSH","2","Buffalo Sabres","BUF","2",
"1995-12-08","Detroit Red Wings","DET","1","New York Rangers","NYR","2",
"1995-12-08","Boston Bruins","BOS","1","Tampa Bay Lightning","TBL","3",
"1995-12-08","St. Louis Blues","STL","6","Vancouver Canucks","VAN","3",
"1995-12-09","Vancouver Canucks","VAN","4","Calgary Flames","CGY","3",
"1995-12-09","Boston Bruins","BOS","1","Florida Panthers","FLA","3",
"1995-12-09","St. Louis Blues","STL","2","Los Angeles Kings","LAK","1",
"1995-12-09","New York Rangers","NYR","2","Montreal Canadiens","MTL","2",
"1995-12-09","New York Islanders","NYI","2","New Jersey Devils","NJD","4",
"1995-12-09","Colorado Avalanche","COL","7","Ottawa Senators","OTT","3",
"1995-12-09","Hartford Whalers","HAR","0","Pittsburgh Penguins","PIT","6",
"1995-12-09","Edmonton Oilers","EDM","4","San Jose Sharks","SJS","2",
"1995-12-09","Dallas Stars","DAL","1","Toronto Maple Leafs","TOR","3",
"1995-12-10","Hartford Whalers","HAR","1","Chicago Blackhawks","CHI","4",
"1995-12-10","Edmonton Oilers","EDM","3","Mighty Ducks of Anaheim","MDA","1",
"1995-12-10","New York Islanders","NYI","6","Philadelphia Flyers","PHI","2",
"1995-12-10","Washington Capitals","WSH","6","Winnipeg Jets","WIN","1",
"1995-12-11","Tampa Bay Lightning","TBL","6","Buffalo Sabres","BUF","1",
"1995-12-11","Los Angeles Kings","LAK","2","Calgary Flames","CGY","6",
"1995-12-11","Florida Panthers","FLA","2","New Jersey Devils","NJD","1",
"1995-12-11","Dallas Stars","DAL","2","New York Rangers","NYR","3",
"1995-12-11","Colorado Avalanche","COL","5","Toronto Maple Leafs","TOR","1",
"1995-12-12","Florida Panthers","FLA","3","New York Islanders","NYI","1",
"1995-12-12","Ottawa Senators","OTT","1","San Jose Sharks","SJS","2",
"1995-12-12","Detroit Red Wings","DET","5","St. Louis Blues","STL","2",
"1995-12-12","Montreal Canadiens","MTL","6","Winnipeg Jets","WIN","5",
"1995-12-13","Colorado Avalanche","COL","3","Buffalo Sabres","BUF","4",
"1995-12-13","Calgary Flames","CGY","8","Dallas Stars","DAL","4",
"1995-12-13","Chicago Blackhawks","CHI","1","Detroit Red Wings","DET","3",
"1995-12-13","Vancouver Canucks","VAN","2","Edmonton Oilers","EDM","2",
"1995-12-13","Tampa Bay Lightning","TBL","3","Hartford Whalers","HAR","2",
"1995-12-13","Ottawa Senators","OTT","2","Los Angeles Kings","LAK","6",
"1995-12-13","Pittsburgh Penguins","PIT","3","Mighty Ducks of Anaheim","MDA","6",
"1995-12-13","Boston Bruins","BOS","2","New York Rangers","NYR","4",
"1995-12-14","Florida Panthers","FLA","4","Boston Bruins","BOS","6",
"1995-12-14","Tampa Bay Lightning","TBL","0","Philadelphia Flyers","PHI","4",
"1995-12-14","Toronto Maple Leafs","TOR","4","San Jose Sharks","SJS","1",
"1995-12-14","Calgary Flames","CGY","3","St. Louis Blues","STL","3",
"1995-12-14","New York Islanders","NYI","3","Washington Capitals","WSH","4",
"1995-12-15","New York Rangers","NYR","4","Buffalo Sabres","BUF","5",
"1995-12-15","Montreal Canadiens","MTL","4","Chicago Blackhawks","CHI","1",
"1995-12-15","Pittsburgh Penguins","PIT","5","Dallas Stars","DAL","1",
"1995-12-15","New Jersey Devils","NJD","1","Detroit Red Wings","DET","3",
"1995-12-15","Colorado Avalanche","COL","2","Hartford Whalers","HAR","4",
"1995-12-15","Ottawa Senators","OTT","2","Mighty Ducks of Anaheim","MDA","4",
"1995-12-15","Edmonton Oilers","EDM","4","Winnipeg Jets","WIN","9",
"1995-12-16","Calgary Flames","CGY","3","Boston Bruins","BOS","6",
"1995-12-16","Toronto Maple Leafs","TOR","6","Los Angeles Kings","LAK","3",
"1995-12-16","Philadelphia Flyers","PHI","4","Montreal Canadiens","MTL","2",
"1995-12-16","Buffalo Sabres","BUF","3","New Jersey Devils","NJD","2",
"1995-12-16","Hartford Whalers","HAR","3","New York Islanders","NYI","3",
"1995-12-16","San Jose Sharks","SJS","2","St. Louis Blues","STL","3",
"1995-12-16","Florida Panthers","FLA","7","Tampa Bay Lightning","TBL","2",
"1995-12-16","New York Rangers","NYR","2","Washington Capitals","WSH","3",
"1995-12-17","Winnipeg Jets","WIN","1","Chicago Blackhawks","CHI","3",
"1995-12-17","San Jose Sharks","SJS","2","Dallas Stars","DAL","4",
"1995-12-17","Toronto Maple Leafs","TOR","3","Mighty Ducks of Anaheim","MDA","2",
"1995-12-17","Pittsburgh Penguins","PIT","5","Philadelphia Flyers","PHI","6",
"1995-12-17","Ottawa Senators","OTT","1","Vancouver Canucks","VAN","4",
"1995-12-18","Vancouver Canucks","VAN","4","Colorado Avalanche","COL","2",
"1995-12-18","Ottawa Senators","OTT","1","Edmonton Oilers","EDM","3",
"1995-12-18","Hartford Whalers","HAR","2","Montreal Canadiens","MTL","3",
"1995-12-18","Washington Capitals","WSH","0","New York Rangers","NYR","3",
"1995-12-19","San Jose Sharks","SJS","7","Mighty Ducks of Anaheim","MDA","4",
"1995-12-19","Philadelphia Flyers","PHI","4","New Jersey Devils","NJD","5",
"1995-12-19","Calgary Flames","CGY","1","Pittsburgh Penguins","PIT","7",
"1995-12-19","New York Islanders","NYI","1","St. Louis Blues","STL","4",
"1995-12-19","Winnipeg Jets","WIN","3","Tampa Bay Lightning","TBL","6",
"1995-12-20","Montreal Canadiens","MTL","1","Buffalo Sabres","BUF","2",
"1995-12-20","Colorado Avalanche","COL","4","Edmonton Oilers","EDM","1",
"1995-12-20","Calgary Flames","CGY","3","Hartford Whalers","HAR","2",
"1995-12-20","Vancouver Canucks","VAN","2","Los Angeles Kings","LAK","2",
"1995-12-20","Detroit Red Wings","DET","6","Mighty Ducks of Anaheim","MDA","1",
"1995-12-20","Chicago Blackhawks","CHI","4","Toronto Maple Leafs","TOR","2",
"1995-12-21","Toronto Maple Leafs","TOR","3","Chicago Blackhawks","CHI","3",
"1995-12-21","New York Islanders","NYI","3","Dallas Stars","DAL","3",
"1995-12-21","Winnipeg Jets","WIN","1","Florida Panthers","FLA","6",
"1995-12-21","New York Rangers","NYR","2","Philadelphia Flyers","PHI","1",
"1995-12-21","New Jersey Devils","NJD","2","Tampa Bay Lightning","TBL","2",
"1995-12-22","Boston Bruins","BOS","3","Buffalo Sabres","BUF","2",
"1995-12-22","Detroit Red Wings","DET","5","Calgary Flames","CGY","1",
"1995-12-22","St. Louis Blues","STL","1","Colorado Avalanche","COL","2",
"1995-12-22","Vancouver Canucks","VAN","6","Mighty Ducks of Anaheim","MDA","2",
"1995-12-22","Hartford Whalers","HAR","3","New York Rangers","NYR","3",
"1995-12-22","Montreal Canadiens","MTL","4","Pittsburgh Penguins","PIT","2",
"1995-12-22","Los Angeles Kings","LAK","3","San Jose Sharks","SJS","4",
"1995-12-22","Edmonton Oilers","EDM","3","Washington Capitals","WSH","6",
"1995-12-23","Tampa Bay Lightning","TBL","5","Boston Bruins","BOS","7",
"1995-12-23","Chicago Blackhawks","CHI","2","Dallas Stars","DAL","0",
"1995-12-23","New Jersey Devils","NJD","1","Florida Panthers","FLA","2",
"1995-12-23","Philadelphia Flyers","PHI","3","Hartford Whalers","HAR","3",
"1995-12-23","Colorado Avalanche","COL","2","Los Angeles Kings","LAK","2",
"1995-12-23","Pittsburgh Penguins","PIT","0","Montreal Canadiens","MTL","1",
"1995-12-23","Washington Capitals","WSH","1","New York Islanders","NYI","3",
"1995-12-23","Buffalo Sabres","BUF","4","Ottawa Senators","OTT","2",
"1995-12-23","Edmonton Oilers","EDM","1","Toronto Maple Leafs","TOR","6",
"1995-12-23","Detroit Red Wings","DET","1","Vancouver Canucks","VAN","0",
"1995-12-23","St. Louis Blues","STL","1","Winnipeg Jets","WIN","2",
"1995-12-26","Dallas Stars","DAL","3","Chicago Blackhawks","CHI","5",
"1995-12-26","St. Louis Blues","STL","2","Detroit Red Wings","DET","3",
"1995-12-26","Boston Bruins","BOS","3","New York Islanders","NYI","3",
"1995-12-26","Ottawa Senators","OTT","4","New York Rangers","NYR","6",
"1995-12-26","Buffalo Sabres","BUF","3","Pittsburgh Penguins","PIT","6",
"1995-12-26","Colorado Avalanche","COL","5","San Jose Sharks","SJS","1",
"1995-12-26","Calgary Flames","CGY","4","Vancouver Canucks","VAN","2",
"1995-12-26","Montreal Canadiens","MTL","0","Washington Capitals","WSH","4",
"1995-12-27","Ottawa Senators","OTT","4","Buffalo Sabres","BUF","3",
"1995-12-27","Toronto Maple Leafs","TOR","0","Calgary Flames","CGY","4",
"1995-12-27","Philadelphia Flyers","PHI","2","Edmonton Oilers","EDM","3",
"1995-12-27","Mighty Ducks of Anaheim","MDA","1","Los Angeles Kings","LAK","7",
"1995-12-27","New York Islanders","NYI","3","New Jersey Devils","NJD","5",
"1995-12-28","Winnipeg Jets","WIN","3","Chicago Blackhawks","CHI","4",
"1995-12-28","Washington Capitals","WSH","5","Florida Panthers","FLA","4",
"1995-12-28","Hartford Whalers","HAR","4","Pittsburgh Penguins","PIT","9",
"1995-12-28","Dallas Stars","DAL","1","St. Louis Blues","STL","4",
"1995-12-28","Montreal Canadiens","MTL","1","Tampa Bay Lightning","TBL","3",
"1995-12-28","New York Rangers","NYR","3","Vancouver Canucks","VAN","2",
"1995-12-29","Chicago Blackhawks","CHI","5","Buffalo Sabres","BUF","2",
"1995-12-29","Philadelphia Flyers","PHI","3","Calgary Flames","CGY","2",
"1995-12-29","Toronto Maple Leafs","TOR","2","Colorado Avalanche","COL","3",
"1995-12-29","Detroit Red Wings","DET","2","Dallas Stars","DAL","1",
"1995-12-29","Los Angeles Kings","LAK","4","Edmonton Oilers","EDM","5",
"1995-12-29","San Jose Sharks","SJS","2","Mighty Ducks of Anaheim","MDA","4",
"1995-12-29","New Jersey Devils","NJD","3","Winnipeg Jets","WIN","5",
"1995-12-30","New York Rangers","NYR","8","Edmonton Oilers","EDM","3",
"1995-12-30","Montreal Canadiens","MTL","4","Ottawa Senators","OTT","1",
"1995-12-30","Florida Panthers","FLA","5","Pittsburgh Penguins","PIT","6",
"1995-12-30","Toronto Maple Leafs","TOR","4","St. Louis Blues","STL","3",
"1995-12-30","Hartford Whalers","HAR","0","Washington Capitals","WSH","3",
"1995-12-31","New York Islanders","NYI","5","Buffalo Sabres","BUF","2",
"1995-12-31","New York Rangers","NYR","1","Calgary Flames","CGY","3",
"1995-12-31","New Jersey Devils","NJD","0","Chicago Blackhawks","CHI","5",
"1995-12-31","Hartford Whalers","HAR","2","Detroit Red Wings","DET","3",
"1995-12-31","Los Angeles Kings","LAK","2","Mighty Ducks of Anaheim","MDA","2",
"1995-12-31","Tampa Bay Lightning","TBL","3","Ottawa Senators","OTT","0",
"1995-12-31","Philadelphia Flyers","PHI","5","Vancouver Canucks","VAN","5",
"1995-12-31","Boston Bruins","BOS","5","Winnipeg Jets","WIN","3",
"1996-01-01","Toronto Maple Leafs","TOR","1","Dallas Stars","DAL","0",
"1996-01-01","Pittsburgh Penguins","PIT","2","Washington Capitals","WSH","4",
"1996-01-02","Chicago Blackhawks","CHI","5","Boston Bruins","BOS","2",
"1996-01-02","Tampa Bay Lightning","TBL","0","Calgary Flames","CGY","10",
"1996-01-03","New Jersey Devils","NJD","1","Colorado Avalanche","COL","0",
"1996-01-03","Dallas Stars","DAL","3","Detroit Red Wings","DET","3",
"1996-01-03","Tampa Bay Lightning","TBL","5","Edmonton Oilers","EDM","0",
"1996-01-03","Washington Capitals","WSH","0","Hartford Whalers","HAR","2",
"1996-01-03","Winnipeg Jets","WIN","5","Los Angeles Kings","LAK","4",
"1996-01-03","Montreal Canadiens","MTL","4","New York Rangers","NYR","7",
"1996-01-03","Ottawa Senators","OTT","1","Pittsburgh Penguins","PIT","4",
"1996-01-03","Philadelphia Flyers","PHI","3","San Jose Sharks","SJS","1",
"1996-01-03","Boston Bruins","BOS","4","Toronto Maple Leafs","TOR","4",
"1996-01-03","Florida Panthers","FLA","2","Vancouver Canucks","VAN","7",
"1996-01-04","St. Louis Blues","STL","3","Chicago Blackhawks","CHI","1",
"1996-01-04","Philadelphia Flyers","PHI","2","Colorado Avalanche","COL","2",
"1996-01-04","Montreal Canadiens","MTL","2","New York Islanders","NYI","2",
"1996-01-05","Toronto Maple Leafs","TOR","1","Buffalo Sabres","BUF","3",
"1996-01-05","Mighty Ducks of Anaheim","MDA","3","Calgary Flames","CGY","1",
"1996-01-05","Winnipeg Jets","WIN","4","Dallas Stars","DAL","5",
"1996-01-05","Florida Panthers","FLA","3","Edmonton Oilers","EDM","2",
"1996-01-05","Ottawa Senators","OTT","2","Hartford Whalers","HAR","4",
"1996-01-05","Detroit Red Wings","DET","2","Pittsburgh Penguins","PIT","5",
"1996-01-05","Los Angeles Kings","LAK","5","San Jose Sharks","SJS","2",
"1996-01-05","New York Rangers","NYR","4","Washington Capitals","WSH","4",
"1996-01-06","Hartford Whalers","HAR","2","Boston Bruins","BOS","5",
"1996-01-06","Florida Panthers","FLA","0","Calgary Flames","CGY","2",
"1996-01-06","Chicago Blackhawks","CHI","0","Detroit Red Wings","DET","3",
"1996-01-06","San Jose Sharks","SJS","5","Los Angeles Kings","LAK","7",
"1996-01-06","Buffalo Sabres","BUF","7","Montreal Canadiens","MTL","6",
"1996-01-06","Washington Capitals","WSH","1","New Jersey Devils","NJD","3",
"1996-01-06","Ottawa Senators","OTT","4","New York Islanders","NYI","5",
"1996-01-06","Pittsburgh Penguins","PIT","2","St. Louis Blues","STL","3",
"1996-01-06","Colorado Avalanche","COL","2","Toronto Maple Leafs","TOR","5",
"1996-01-06","Tampa Bay Lightning","TBL","2","Vancouver Canucks","VAN","9",
"1996-01-07","Dallas Stars","DAL","2","Chicago Blackhawks","CHI","5",
"1996-01-07","Mighty Ducks of Anaheim","MDA","1","Edmonton Oilers","EDM","3",
"1996-01-08","Los Angeles Kings","LAK","4","Dallas Stars","DAL","4",
"1996-01-08","Winnipeg Jets","WIN","6","Detroit Red Wings","DET","4",
"1996-01-08","Tampa Bay Lightning","TBL","3","Montreal Canadiens","MTL","3",
"1996-01-08","Vancouver Canucks","VAN","5","Pittsburgh Penguins","PIT","8",
"1996-01-08","Florida Panthers","FLA","5","San Jose Sharks","SJS","2",
"1996-01-09","Colorado Avalanche","COL","3","Boston Bruins","BOS","0",
"1996-01-09","Hartford Whalers","HAR","5","Edmonton Oilers","EDM","1",
"1996-01-09","St. Louis Blues","STL","2","New Jersey Devils","NJD","4",
"1996-01-09","Chicago Blackhawks","CHI","3","New York Islanders","NYI","3",
"1996-01-09","Mighty Ducks of Anaheim","MDA","2","Philadelphia Flyers","PHI","2",
"1996-01-10","Hartford Whalers","HAR","2","Calgary Flames","CGY","3",
"1996-01-10","Florida Panthers","FLA","4","Colorado Avalanche","COL","4",
"1996-01-10","Detroit Red Wings","DET","4","Dallas Stars","DAL","0",
"1996-01-10","Vancouver Canucks","VAN","2","Montreal Canadiens","MTL","2",
"1996-01-10","San Jose Sharks","SJS","4","New York Rangers","NYR","7",
"1996-01-10","Los Angeles Kings","LAK","4","Toronto Maple Leafs","TOR","5",
"1996-01-10","Buffalo Sabres","BUF","1","Winnipeg Jets","WIN","4",
"1996-01-11","Mighty Ducks of Anaheim","MDA","2","Boston Bruins","BOS","7",
"1996-01-11","San Jose Sharks","SJS","2","New Jersey Devils","NJD","1",
"1996-01-11","Toronto Maple Leafs","TOR","3","New York Islanders","NYI","4",
"1996-01-11","St. Louis Blues","STL","4","Philadelphia Flyers","PHI","4",
"1996-01-11","Ottawa Senators","OTT","1","Washington Capitals","WSH","6",
"1996-01-12","Buffalo Sabres","BUF","1","Calgary Flames","CGY","3",
"1996-01-12","Mighty Ducks of Anaheim","MDA","0","Chicago Blackhawks","CHI","3",
"1996-01-12","Florida Panthers","FLA","6","Dallas Stars","DAL","6",
"1996-01-12","Los Angeles Kings","LAK","2","Detroit Red Wings","DET","3",
"1996-01-12","Montreal Canadiens","MTL","6","Pittsburgh Penguins","PIT","5",
"1996-01-12","Hartford Whalers","HAR","3","Winnipeg Jets","WIN","2",
"1996-01-13","New Jersey Devils","NJD","2","Boston Bruins","BOS","3",
"1996-01-13","Buffalo Sabres","BUF","4","Edmonton Oilers","EDM","5",
"1996-01-13","St. Louis Blues","STL","3","Montreal Canadiens","MTL","3",
"1996-01-13","New York Rangers","NYR","4","Philadelphia Flyers","PHI","0",
"1996-01-13","San Jose Sharks","SJS","10","Pittsburgh Penguins","PIT","8",
"1996-01-13","Ottawa Senators","OTT","1","Tampa Bay Lightning","TBL","4",
"1996-01-13","Vancouver Canucks","VAN","5","Toronto Maple Leafs","TOR","2",
"1996-01-13","Detroit Red Wings","DET","4","Washington Capitals","WSH","2",
"1996-01-14","Los Angeles Kings","LAK","2","Chicago Blackhawks","CHI","5",
"1996-01-14","Calgary Flames","CGY","4","Colorado Avalanche","COL","4",
"1996-01-14","Dallas Stars","DAL","2","New Jersey Devils","NJD","7",
"1996-01-14","St. Louis Blues","STL","3","New York Rangers","NYR","3",
"1996-01-14","Mighty Ducks of Anaheim","MDA","6","Winnipeg Jets","WIN","4",
"1996-01-15","Vancouver Canucks","VAN","6","Boston Bruins","BOS","0",
"1996-01-15","Tampa Bay Lightning","TBL","2","New York Islanders","NYI","3",
"1996-01-15","Dallas Stars","DAL","1","Philadelphia Flyers","PHI","6",
"1996-01-16","San Jose Sharks","SJS","1","Florida Panthers","FLA","4",
"1996-01-16","Vancouver Canucks","VAN","0","Hartford Whalers","HAR","3",
"1996-01-16","Calgary Flames","CGY","5","Los Angeles Kings","LAK","5",
"1996-01-16","Boston Bruins","BOS","4","New Jersey Devils","NJD","2",
"1996-01-16","Colorado Avalanche","COL","5","Pittsburgh Penguins","PIT","2",
"1996-01-16","Edmonton Oilers","EDM","5","St. Louis Blues","STL","1",
"1996-01-16","Winnipeg Jets","WIN","1","Washington Capitals","WSH","1",
"1996-01-17","Pittsburgh Penguins","PIT","1","Buffalo Sabres","BUF","0",
"1996-01-17","Washington Capitals","WSH","3","Chicago Blackhawks","CHI","2",
"1996-01-17","Edmonton Oilers","EDM","4","Dallas Stars","DAL","3",
"1996-01-17","Colorado Avalanche","COL","2","Detroit Red Wings","DET","3",
"1996-01-17","Calgary Flames","CGY","4","Mighty Ducks of Anaheim","MDA","1",
"1996-01-17","Hartford Whalers","HAR","6","New York Islanders","NYI","3",
"1996-01-17","Montreal Canadiens","MTL","3","Ottawa Senators","OTT","0",
"1996-01-17","San Jose Sharks","SJS","4","Tampa Bay Lightning","TBL","6",
"1996-01-17","Winnipeg Jets","WIN","4","Toronto Maple Leafs","TOR","2",
"1996-01-22","New York Islanders","NYI","3","Colorado Avalanche","COL","4",
"1996-01-22","Tampa Bay Lightning","TBL","4","Montreal Canadiens","MTL","1",
"1996-01-22","Los Angeles Kings","LAK","1","New York Rangers","NYR","3",
"1996-01-22","Chicago Blackhawks","CHI","7","Ottawa Senators","OTT","3",
"1996-01-22","Florida Panthers","FLA","1","Philadelphia Flyers","PHI","1",
"1996-01-22","Boston Bruins","BOS","6","Pittsburgh Penguins","PIT","7",
"1996-01-22","Dallas Stars","DAL","6","Vancouver Canucks","VAN","4",
"1996-01-23","Los Angeles Kings","LAK","1","New Jersey Devils","NJD","3",
"1996-01-23","Florida Panthers","FLA","5","Washington Capitals","WSH","4",
"1996-01-24","Hartford Whalers","HAR","2","Buffalo Sabres","BUF","4",
"1996-01-24","New York Islanders","NYI","1","Calgary Flames","CGY","4",
"1996-01-24","San Jose Sharks","SJS","2","Detroit Red Wings","DET","4",
"1996-01-24","Dallas Stars","DAL","5","Edmonton Oilers","EDM","3",
"1996-01-24","Philadelphia Flyers","PHI","4","New York Rangers","NYR","4",
"1996-01-24","Pittsburgh Penguins","PIT","4","Ottawa Senators","OTT","3",
"1996-01-24","Chicago Blackhawks","CHI","2","Toronto Maple Leafs","TOR","2",
"1996-01-24","Mighty Ducks of Anaheim","MDA","2","Vancouver Canucks","VAN","1",
"1996-01-24","St. Louis Blues","STL","6","Winnipeg Jets","WIN","5",
"1996-01-25","Tampa Bay Lightning","TBL","3","Boston Bruins","BOS","4",
"1996-01-25","San Jose Sharks","SJS","1","Chicago Blackhawks","CHI","2",
"1996-01-25","Vancouver Canucks","VAN","2","Colorado Avalanche","COL","2",
"1996-01-25","Montreal Canadiens","MTL","6","Florida Panthers","FLA","2",
"1996-01-25","Los Angeles Kings","LAK","2","Hartford Whalers","HAR","8",
"1996-01-25","Washington Capitals","WSH","1","New Jersey Devils","NJD","3",
"1996-01-25","Detroit Red Wings","DET","4","Ottawa Senators","OTT","2",
"1996-01-26","Dallas Stars","DAL","4","Calgary Flames","CGY","2",
"1996-01-26","New York Islanders","NYI","1","Edmonton Oilers","EDM","4",
"1996-01-26","Buffalo Sabres","BUF","0","Washington Capitals","WSH","1",
"1996-01-27","New York Rangers","NYR","5","Boston Bruins","BOS","3",
"1996-01-27","Detroit Red Wings","DET","5","Chicago Blackhawks","CHI","5",
"1996-01-27","Buffalo Sabres","BUF","3","Florida Panthers","FLA","6",
"1996-01-27","New Jersey Devils","NJD","4","Hartford Whalers","HAR","4",
"1996-01-27","Mighty Ducks of Anaheim","MDA","4","Los Angeles Kings","LAK","5",
"1996-01-27","Winnipeg Jets","WIN","1","Montreal Canadiens","MTL","4",
"1996-01-27","Toronto Maple Leafs","TOR","2","Ottawa Senators","OTT","2",
"1996-01-27","Philadelphia Flyers","PHI","4","Pittsburgh Penguins","PIT","7",
"1996-01-27","Colorado Avalanche","COL","4","San Jose Sharks","SJS","3",
"1996-01-27","Tampa Bay Lightning","TBL","1","St. Louis Blues","STL","2",
"1996-01-27","New York Islanders","NYI","3","Vancouver Canucks","VAN","6",
"1996-01-28","Boston Bruins","BOS","4","Montreal Canadiens","MTL","5",
"1996-01-28","Philadelphia Flyers","PHI","2","Washington Capitals","WSH","3",
"1996-01-29","Winnipeg Jets","WIN","2","Dallas Stars","DAL","1",
"1996-01-29","Pittsburgh Penguins","PIT","1","Florida Panthers","FLA","2",
"1996-01-29","St. Louis Blues","STL","2","Ottawa Senators","OTT","4",
"1996-01-30","Edmonton Oilers","EDM","2","Calgary Flames","CGY","3",
"1996-01-30","Toronto Maple Leafs","TOR","2","Detroit Red Wings","DET","4",
"1996-01-30","Buffalo Sabres","BUF","4","New York Islanders","NYI","5",
"1996-01-30","Hartford Whalers","HAR","2","San Jose Sharks","SJS","8",
"1996-01-30","New Jersey Devils","NJD","3","Vancouver Canucks","VAN","2",
"1996-01-31","Florida Panthers","FLA","1","Buffalo Sabres","BUF","6",
"1996-01-31","New York Rangers","NYR","1","Dallas Stars","DAL","1",
"1996-01-31","Chicago Blackhawks","CHI","4","Edmonton Oilers","EDM","0",
"1996-01-31","Hartford Whalers","HAR","6","Los Angeles Kings","LAK","4",
"1996-01-31","Colorado Avalanche","COL","1","Mighty Ducks of Anaheim","MDA","2",
"1996-01-31","Washington Capitals","WSH","3","Montreal Canadiens","MTL","5",
"1996-01-31","Boston Bruins","BOS","3","Ottawa Senators","OTT","1",
"1996-01-31","Pittsburgh Penguins","PIT","1","Tampa Bay Lightning","TBL","4",
"1996-01-31","St. Louis Blues","STL","4","Toronto Maple Leafs","TOR","0",
"1996-02-01","Florida Panthers","FLA","2","Boston Bruins","BOS","2",
"1996-02-01","New Jersey Devils","NJD","1","Calgary Flames","CGY","1",
"1996-02-01","Winnipeg Jets","WIN","4","Colorado Avalanche","COL","6",
"1996-02-01","Washington Capitals","WSH","4","Ottawa Senators","OTT","2",
"1996-02-01","Montreal Canadiens","MTL","2","Philadelphia Flyers","PHI","3",
"1996-02-01","Los Angeles Kings","LAK","6","San Jose Sharks","SJS","6",
"1996-02-01","Vancouver Canucks","VAN","2","St. Louis Blues","STL","2",
"1996-02-02","Vancouver Canucks","VAN","5","Dallas Stars","DAL","4",
"1996-02-02","Hartford Whalers","HAR","4","Mighty Ducks of Anaheim","MDA","3",
"1996-02-03","Buffalo Sabres","BUF","2","Boston Bruins","BOS","4",
"1996-02-03","Los Angeles Kings","LAK","1","Calgary Flames","CGY","2",
"1996-02-03","New York Rangers","NYR","1","Colorado Avalanche","COL","7",
"1996-02-03","Pittsburgh Penguins","PIT","0","Detroit Red Wings","DET","3",
"1996-02-03","New Jersey Devils","NJD","3","Ottawa Senators","OTT","2",
"1996-02-03","Chicago Blackhawks","CHI","4","San Jose Sharks","SJS","1",
"1996-02-03","Philadelphia Flyers","PHI","7","St. Louis Blues","STL","3",
"1996-02-03","Florida Panthers","FLA","5","Tampa Bay Lightning","TBL","3",
"1996-02-03","Montreal Canadiens","MTL","4","Toronto Maple Leafs","TOR","1",
"1996-02-03","New York Islanders","NYI","5","Washington Capitals","WSH","6",
"1996-02-04","Tampa Bay Lightning","TBL","5","Buffalo Sabres","BUF","2",
"1996-02-04","Chicago Blackhawks","CHI","4","Mighty Ducks of Anaheim","MDA","1",
"1996-02-04","Dallas Stars","DAL","3","New York Islanders","NYI","5",
"1996-02-04","Vancouver Canucks","VAN","4","Winnipeg Jets","WIN","2",
"1996-02-05","Montreal Canadiens","MTL","2","Colorado Avalanche","COL","4",
"1996-02-05","Toronto Maple Leafs","TOR","4","San Jose Sharks","SJS","6",
"1996-02-06","Ottawa Senators","OTT","1","Calgary Flames","CGY","3",
"1996-02-06","Florida Panthers","FLA","2","Detroit Red Wings","DET","4",
"1996-02-06","Chicago Blackhawks","CHI","5","Los Angeles Kings","LAK","2",
"1996-02-06","New York Rangers","NYR","4","New York Islanders","NYI","2",
"1996-02-06","Boston Bruins","BOS","5","Pittsburgh Penguins","PIT","6",
"1996-02-06","Dallas Stars","DAL","5","St. Louis Blues","STL","2",
"1996-02-07","Boston Bruins","BOS","1","Buffalo Sabres","BUF","2",
"1996-02-07","Tampa Bay Lightning","TBL","4","Colorado Avalanche","COL","4",
"1996-02-07","Montreal Canadiens","MTL","4","Dallas Stars","DAL","2",
"1996-02-07","Washington Capitals","WSH","2","Edmonton Oilers","EDM","1",
"1996-02-07","Toronto Maple Leafs","TOR","2","Mighty Ducks of Anaheim","MDA","1",
"1996-02-07","Pittsburgh Penguins","PIT","1","New Jersey Devils","NJD","1",
"1996-02-07","Hartford Whalers","HAR","5","Vancouver Canucks","VAN","3",
"1996-02-08","Washington Capitals","WSH","4","Calgary Flames","CGY","4",
"1996-02-08","Detroit Red Wings","DET","1","Florida Panthers","FLA","3",
"1996-02-08","Toronto Maple Leafs","TOR","3","Los Angeles Kings","LAK","4",
"1996-02-08","New York Islanders","NYI","2","New York Rangers","NYR","6",
"1996-02-08","Buffalo Sabres","BUF","2","Philadelphia Flyers","PHI","1",
"1996-02-08","Chicago Blackhawks","CHI","6","St. Louis Blues","STL","1",
"1996-02-08","Ottawa Senators","OTT","2","Winnipeg Jets","WIN","6",
"1996-02-09","Hartford Whalers","HAR","3","Colorado Avalanche","COL","2",
"1996-02-09","Vancouver Canucks","VAN","3","Edmonton Oilers","EDM","2",
"1996-02-10","Philadelphia Flyers","PHI","6","Boston Bruins","BOS","2",
"1996-02-10","Winnipeg Jets","WIN","3","Calgary Flames","CGY","2",
"1996-02-10","St. Louis Blues","STL","6","Dallas Stars","DAL","3",
"1996-02-10","San Jose Sharks","SJS","6","Los Angeles Kings","LAK","1",
"1996-02-10","Ottawa Senators","OTT","5","Montreal Canadiens","MTL","3",
"1996-02-10","New York Rangers","NYR","0","New Jersey Devils","NJD","3",
"1996-02-10","Mighty Ducks of Anaheim","MDA","3","New York Islanders","NYI","4",
"1996-02-10","Chicago Blackhawks","CHI","3","Pittsburgh Penguins","PIT","6",
"1996-02-10","Detroit Red Wings","DET","3","Tampa Bay Lightning","TBL","2",
"1996-02-10","Buffalo Sabres","BUF","2","Toronto Maple Leafs","TOR","2",
"1996-02-10","Washington Capitals","WSH","4","Vancouver Canucks","VAN","4",
"1996-02-11","Hartford Whalers","HAR","5","Dallas Stars","DAL","3",
"1996-02-11","Calgary Flames","CGY","2","Edmonton Oilers","EDM","4",
"1996-02-11","St. Louis Blues","STL","2","Florida Panthers","FLA","2",
"1996-02-11","Mighty Ducks of Anaheim","MDA","4","New Jersey Devils","NJD","2",
"1996-02-11","Colorado Avalanche","COL","5","Philadelphia Flyers","PHI","3",
"1996-02-11","New York Rangers","NYR","6","Tampa Bay Lightning","TBL","2",
"1996-02-12","San Jose Sharks","SJS","0","Montreal Canadiens","MTL","3",
"1996-02-12","Ottawa Senators","OTT","4","New York Islanders","NYI","1",
"1996-02-12","Pittsburgh Penguins","PIT","1","Toronto Maple Leafs","TOR","4",
"1996-02-13","Los Angeles Kings","LAK","4","Detroit Red Wings","DET","9",
"1996-02-13","St. Louis Blues","STL","3","Tampa Bay Lightning","TBL","2",
"1996-02-13","Winnipeg Jets","WIN","4","Vancouver Canucks","VAN","5",
"1996-02-13","Calgary Flames","CGY","2","Washington Capitals","WSH","3",
"1996-02-14","Los Angeles Kings","LAK","2","Buffalo Sabres","BUF","2",
"1996-02-14","Mighty Ducks of Anaheim","MDA","2","Edmonton Oilers","EDM","3",
"1996-02-14","Philadelphia Flyers","PHI","4","Florida Panthers","FLA","2",
"1996-02-14","Boston Bruins","BOS","3","Hartford Whalers","HAR","0",
"1996-02-14","San Jose Sharks","SJS","3","Toronto Maple Leafs","TOR","4",
"1996-02-15","Boston Bruins","BOS","0","Chicago Blackhawks","CHI","3",
"1996-02-15","Washington Capitals","WSH","3","Detroit Red Wings","DET","4",
"1996-02-15","Calgary Flames","CGY","6","New York Islanders","NYI","3",
"1996-02-15","Montreal Canadiens","MTL","2","New York Rangers","NYR","2",
"1996-02-15","San Jose Sharks","SJS","2","Ottawa Senators","OTT","2",
"1996-02-15","Colorado Avalanche","COL","2","Tampa Bay Lightning","TBL","4",
"1996-02-15","Mighty Ducks of Anaheim","MDA","3","Vancouver Canucks","VAN","5",
"1996-02-16","New Jersey Devils","NJD","2","Buffalo Sabres","BUF","2",
"1996-02-16","Edmonton Oilers","EDM","1","Dallas Stars","DAL","6",
"1996-02-16","Colorado Avalanche","COL","5","Florida Panthers","FLA","4",
"1996-02-16","Detroit Red Wings","DET","3","St. Louis Blues","STL","4",
"1996-02-16","Pittsburgh Penguins","PIT","1","Winnipeg Jets","WIN","0",
"1996-02-16","Toronto Maple Leafs","TOR","3","Washington Capitals","WSH","4",
"1996-02-17","Buffalo Sabres","BUF","1","Hartford Whalers","HAR","2",
"1996-02-17","Mighty Ducks of Anaheim","MDA","2","Los Angeles Kings","LAK","1",
"1996-02-17","Calgary Flames","CGY","1","Montreal Canadiens","MTL","5",
"1996-02-17","San Jose Sharks","SJS","2","New York Islanders","NYI","4",
"1996-02-17","New York Rangers","NYR","2","Ottawa Senators","OTT","1",
"1996-02-17","Philadelphia Flyers","PHI","2","Tampa Bay Lightning","TBL","5",
"1996-02-17","Boston Bruins","BOS","4","Vancouver Canucks","VAN","1",
"1996-02-18","Edmonton Oilers","EDM","1","Chicago Blackhawks","CHI","4",
"1996-02-18","Dallas Stars","DAL","4","Florida Panthers","FLA","6",
"1996-02-18","Washington Capitals","WSH","0","New Jersey Devils","NJD","3",
"1996-02-18","New York Rangers","NYR","3","Pittsburgh Penguins","PIT","4",
"1996-02-18","Winnipeg Jets","WIN","0","St. Louis Blues","STL","3",
"1996-02-18","Detroit Red Wings","DET","3","Toronto Maple Leafs","TOR","2",
"1996-02-19","Edmonton Oilers","EDM","5","Colorado Avalanche","COL","7",
"1996-02-19","Vancouver Canucks","VAN","3","Detroit Red Wings","DET","4",
"1996-02-19","Boston Bruins","BOS","3","Los Angeles Kings","LAK","3",
"1996-02-19","New Jersey Devils","NJD","1","Philadelphia Flyers","PHI","4",
"1996-02-19","Dallas Stars","DAL","2","Tampa Bay Lightning","TBL","4",
"1996-02-20","San Jose Sharks","SJS","3","Calgary Flames","CGY","5",
"1996-02-20","Ottawa Senators","OTT","7","St. Louis Blues","STL","1",
"1996-02-21","Pittsburgh Penguins","PIT","3","Buffalo Sabres","BUF","6",
"1996-02-21","Los Angeles Kings","LAK","2","Edmonton Oilers","EDM","7",
"1996-02-21","Montreal Canadiens","MTL","3","Hartford Whalers","HAR","5",
"1996-02-21","Boston Bruins","BOS","3","Mighty Ducks of Anaheim","MDA","4",
"1996-02-21","Florida Panthers","FLA","4","New Jersey Devils","NJD","1",
"1996-02-21","Tampa Bay Lightning","TBL","3","Toronto Maple Leafs","TOR","2",
"1996-02-21","Vancouver Canucks","VAN","5","Winnipeg Jets","WIN","3",
"1996-02-22","St. Louis Blues","STL","4","Chicago Blackhawks","CHI","3",
"1996-02-22","Ottawa Senators","OTT","2","Dallas Stars","DAL","3",
"1996-02-22","Toronto Maple Leafs","TOR","3","Detroit Red Wings","DET","5",
"1996-02-22","New York Islanders","NYI","5","New York Rangers","NYR","3",
"1996-02-22","Washington Capitals","WSH","3","Philadelphia Flyers","PHI","5",
"1996-02-23","Philadelphia Flyers","PHI","2","Buffalo Sabres","BUF","7",
"1996-02-23","Mighty Ducks of Anaheim","MDA","2","Calgary Flames","CGY","3",
"1996-02-23","Los Angeles Kings","LAK","2","Colorado Avalanche","COL","6",
"1996-02-23","Boston Bruins","BOS","7","Edmonton Oilers","EDM","4",
"1996-02-23","Montreal Canadiens","MTL","5","New Jersey Devils","NJD","6",
"1996-02-23","Tampa Bay Lightning","TBL","3","New York Islanders","NYI","2",
"1996-02-23","Hartford Whalers","HAR","4","Pittsburgh Penguins","PIT","5",
"1996-02-23","San Jose Sharks","SJS","1","Vancouver Canucks","VAN","3",
"1996-02-23","Chicago Blackhawks","CHI","0","Winnipeg Jets","WIN","1",
"1996-02-24","Boston Bruins","BOS","2","Calgary Flames","CGY","1",
"1996-02-24","Tampa Bay Lightning","TBL","0","Detroit Red Wings","DET","2",
"1996-02-24","New York Rangers","NYR","4","Florida Panthers","FLA","0",
"1996-02-24","Pittsburgh Penguins","PIT","3","Montreal Canadiens","MTL","7",
"1996-02-24","Los Angeles Kings","LAK","2","St. Louis Blues","STL","2",
"1996-02-24","Dallas Stars","DAL","3","Toronto Maple Leafs","TOR","2",
"1996-02-24","New Jersey Devils","NJD","2","Washington Capitals","WSH","1",
"1996-02-25","Florida Panthers","FLA","1","Buffalo Sabres","BUF","6",
"1996-02-25","Ottawa Senators","OTT","2","Colorado Avalanche","COL","4",
"1996-02-25","Dallas Stars","DAL","6","Hartford Whalers","HAR","2",
"1996-02-25","San Jose Sharks","SJS","3","Mighty Ducks of Anaheim","MDA","4",
"1996-02-25","Edmonton Oilers","EDM","0","New York Islanders","NYI","2",
"1996-02-25","Chicago Blackhawks","CHI","2","Philadelphia Flyers","PHI","3",
"1996-02-26","Mighty Ducks of Anaheim","MDA","2","Colorado Avalanche","COL","3",
"1996-02-26","Montreal Canadiens","MTL","4","San Jose Sharks","SJS","7",
"1996-02-26","Los Angeles Kings","LAK","3","Winnipeg Jets","WIN","4",
"1996-02-27","Edmonton Oilers","EDM","4","Boston Bruins","BOS","3",
"1996-02-27","Detroit Red Wings","DET","6","New York Islanders","NYI","2",
"1996-02-27","Washington Capitals","WSH","5","New York Rangers","NYR","3",
"1996-02-27","Pittsburgh Penguins","PIT","7","Vancouver Canucks","VAN","4",
"1996-02-28","Philadelphia Flyers","PHI","4","Dallas Stars","DAL","4",
"1996-02-28","Edmonton Oilers","EDM","4","Hartford Whalers","HAR","4",
"1996-02-28","Tampa Bay Lightning","TBL","5","Los Angeles Kings","LAK","1",
"1996-02-28","Montreal Canadiens","MTL","2","Mighty Ducks of Anaheim","MDA","5",
"1996-02-28","Boston Bruins","BOS","3","New York Rangers","NYR","1",
"1996-02-28","Buffalo Sabres","BUF","3","Ottawa Senators","OTT","2",
"1996-02-28","Toronto Maple Leafs","TOR","3","Winnipeg Jets","WIN","4",
"1996-02-29","Pittsburgh Penguins","PIT","3","Calgary Flames","CGY","7",
"1996-02-29","Colorado Avalanche","COL","3","Chicago Blackhawks","CHI","4",
"1996-02-29","New York Islanders","NYI","1","Detroit Red Wings","DET","5",
"1996-02-29","Washington Capitals","WSH","2","Florida Panthers","FLA","2",
"1996-02-29","St. Louis Blues","STL","2","Vancouver Canucks","VAN","2",
"1996-03-01","Chicago Blackhawks","CHI","3","Colorado Avalanche","COL","5",
"1996-03-01","Pittsburgh Penguins","PIT","5","Edmonton Oilers","EDM","4",
"1996-03-01","Winnipeg Jets","WIN","5","Hartford Whalers","HAR","2",
"1996-03-01","New York Islanders","NYI","2","New Jersey Devils","NJD","6",
"1996-03-01","Buffalo Sabres","BUF","3","New York Rangers","NYR","3",
"1996-03-01","Philadelphia Flyers","PHI","3","Ottawa Senators","OTT","2",
"1996-03-01","Tampa Bay Lightning","TBL","7","San Jose Sharks","SJS","3",
"1996-03-02","Washington Capitals","WSH","2","Boston Bruins","BOS","0",
"1996-03-02","Toronto Maple Leafs","TOR","1","Dallas Stars","DAL","5",
"1996-03-02","Vancouver Canucks","VAN","3","Detroit Red Wings","DET","2",
"1996-03-02","Florida Panthers","FLA","1","Hartford Whalers","HAR","7",
"1996-03-02","Montreal Canadiens","MTL","4","Los Angeles Kings","LAK","5",
"1996-03-02","New Jersey Devils","NJD","4","Ottawa Senators","OTT","1",
"1996-03-03","Vancouver Canucks","VAN","3","Buffalo Sabres","BUF","0",
"1996-03-03","Detroit Red Wings","DET","6","Chicago Blackhawks","CHI","2",
"1996-03-03","Toronto Maple Leafs","TOR","0","Colorado Avalanche","COL","4",
"1996-03-03","St. Louis Blues","STL","4","Edmonton Oilers","EDM","3",
"1996-03-03","Tampa Bay Lightning","TBL","2","Mighty Ducks of Anaheim","MDA","2",
"1996-03-03","Winnipeg Jets","WIN","7","New York Islanders","NYI","5",
"1996-03-03","Calgary Flames","CGY","5","San Jose Sharks","SJS","1",
"1996-03-03","Philadelphia Flyers","PHI","0","Washington Capitals","WSH","3",
"1996-03-04","New Jersey Devils","NJD","2","New York Rangers","NYR","2",
"1996-03-05","San Jose Sharks","SJS","5","Colorado Avalanche","COL","3",
"1996-03-05","Dallas Stars","DAL","3","Mighty Ducks of Anaheim","MDA","1",
"1996-03-05","Boston Bruins","BOS","3","New York Islanders","NYI","5",
"1996-03-05","Winnipeg Jets","WIN","4","Pittsburgh Penguins","PIT","9",
"1996-03-05","Florida Panthers","FLA","0","St. Louis Blues","STL","2",
"1996-03-05","Chicago Blackhawks","CHI","0","Tampa Bay Lightning","TBL","2",
"1996-03-06","Detroit Red Wings","DET","4","Hartford Whalers","HAR","2",
"1996-03-06","Edmonton Oilers","EDM","2","Los Angeles Kings","LAK","3",
"1996-03-06","Dallas Stars","DAL","2","San Jose Sharks","SJS","1",
"1996-03-06","New Jersey Devils","NJD","2","Toronto Maple Leafs","TOR","2",
"1996-03-06","Buffalo Sabres","BUF","2","Vancouver Canucks","VAN","5",
"1996-03-07","New York Islanders","NYI","3","Boston Bruins","BOS","4",
"1996-03-07","Ottawa Senators","OTT","1","Pittsburgh Penguins","PIT","5",
"1996-03-07","Calgary Flames","CGY","4","St. Louis Blues","STL","2",
"1996-03-07","New York Rangers","NYR","2","Tampa Bay Lightning","TBL","5",
"1996-03-07","Florida Panthers","FLA","3","Winnipeg Jets","WIN","5",
"1996-03-08","Los Angeles Kings","LAK","4","Chicago Blackhawks","CHI","2",
"1996-03-08","Detroit Red Wings","DET","4","Colorado Avalanche","COL","2",
"1996-03-08","San Jose Sharks","SJS","2","Edmonton Oilers","EDM","4",
"1996-03-08","Toronto Maple Leafs","TOR","4","Hartford Whalers","HAR","7",
"1996-03-08","Buffalo Sabres","BUF","2","Mighty Ducks of Anaheim","MDA","3",
"1996-03-09","Philadelphia Flyers","PHI","2","Boston Bruins","BOS","3",
"1996-03-09","Ottawa Senators","OTT","2","Montreal Canadiens","MTL","3",
"1996-03-09","New Jersey Devils","NJD","4","Pittsburgh Penguins","PIT","3",
"1996-03-09","Hartford Whalers","HAR","3","St. Louis Blues","STL","6",
"1996-03-09","Calgary Flames","CGY","3","Toronto Maple Leafs","TOR","4",
"1996-03-09","Colorado Avalanche","COL","7","Vancouver Canucks","VAN","5",
"1996-03-09","New York Islanders","NYI","4","Winnipeg Jets","WIN","2",
"1996-03-09","New York Rangers","NYR","6","Washington Capitals","WSH","1",
"1996-03-10","Boston Bruins","BOS","4","Florida Panthers","FLA","1",
"1996-03-10","Los Angeles Kings","LAK","2","Mighty Ducks of Anaheim","MDA","3",
"1996-03-10","New Jersey Devils","NJD","3","Philadelphia Flyers","PHI","2",
"1996-03-10","Buffalo Sabres","BUF","4","San Jose Sharks","SJS","6",
"1996-03-10","Washington Capitals","WSH","0","Tampa Bay Lightning","TBL","1",
"1996-03-10","Detroit Red Wings","DET","5","Winnipeg Jets","WIN","2",
"1996-03-11","Florida Panthers","FLA","4","Chicago Blackhawks","CHI","8",
"1996-03-11","Dallas Stars","DAL","1","Montreal Canadiens","MTL","4",
"1996-03-12","St. Louis Blues","STL","2","Calgary Flames","CGY","4",
"1996-03-12","Winnipeg Jets","WIN","2","Detroit Red Wings","DET","5",
"1996-03-12","Vancouver Canucks","VAN","0","Washington Capitals","WSH","9",
"1996-03-13","Pittsburgh Penguins","PIT","2","Hartford Whalers","HAR","3",
"1996-03-13","Buffalo Sabres","BUF","6","Los Angeles Kings","LAK","2",
"1996-03-13","Colorado Avalanche","COL","0","Mighty Ducks of Anaheim","MDA","4",
"1996-03-13","Montreal Canadiens","MTL","1","New Jersey Devils","NJD","1",
"1996-03-13","Florida Panthers","FLA","3","New York Rangers","NYR","3",
"1996-03-13","Dallas Stars","DAL","1","Ottawa Senators","OTT","4",
"1996-03-13","Tampa Bay Lightning","TBL","1","Philadelphia Flyers","PHI","1",
"1996-03-13","Edmonton Oilers","EDM","8","San Jose Sharks","SJS","3",
"1996-03-13","Winnipeg Jets","WIN","3","Toronto Maple Leafs","TOR","3",
"1996-03-14","Pittsburgh Penguins","PIT","2","Boston Bruins","BOS","4",
"1996-03-14","Vancouver Canucks","VAN","1","Chicago Blackhawks","CHI","5",
"1996-03-15","Calgary Flames","CGY","3","Buffalo Sabres","BUF","1",
"1996-03-15","Tampa Bay Lightning","TBL","0","New Jersey Devils","NJD","5",
"1996-03-15","Vancouver Canucks","VAN","0","Ottawa Senators","OTT","2",
"1996-03-15","St. Louis Blues","STL","4","San Jose Sharks","SJS","2",
"1996-03-15","Dallas Stars","DAL","0","Toronto Maple Leafs","TOR","3",
"1996-03-15","Boston Bruins","BOS","5","Washington Capitals","WSH","2",
"1996-03-16","Buffalo Sabres","BUF","1","Hartford Whalers","HAR","2",
"1996-03-16","Edmonton Oilers","EDM","5","Los Angeles Kings","LAK","2",
"1996-03-16","New York Rangers","NYR","2","Montreal Canadiens","MTL","4",
"1996-03-16","Winnipeg Jets","WIN","0","Philadelphia Flyers","PHI","3",
"1996-03-16","New York Islanders","NYI","2","Pittsburgh Penguins","PIT","4",
"1996-03-17","New York Islanders","NYI","1","Chicago Blackhawks","CHI","5",
"1996-03-17","Edmonton Oilers","EDM","1","Colorado Avalanche","COL","8",
"1996-03-17","Calgary Flames","CGY","2","Detroit Red Wings","DET","4",
"1996-03-17","New Jersey Devils","NJD","0","Florida Panthers","FLA","3",
"1996-03-17","St. Louis Blues","STL","1","Mighty Ducks of Anaheim","MDA","5",
"1996-03-17","Tampa Bay Lightning","TBL","0","Ottawa Senators","OTT","5",
"1996-03-17","San Jose Sharks","SJS","2","Philadelphia Flyers","PHI","8",
"1996-03-17","Vancouver Canucks","VAN","2","Toronto Maple Leafs","TOR","4",
"1996-03-17","Dallas Stars","DAL","1","Washington Capitals","WSH","2",
"1996-03-18","San Jose Sharks","SJS","3","Boston Bruins","BOS","3",
"1996-03-18","Tampa Bay Lightning","TBL","3","Hartford Whalers","HAR","6",
"1996-03-18","St. Louis Blues","STL","3","Los Angeles Kings","LAK","1",
"1996-03-18","Buffalo Sabres","BUF","2","Montreal Canadiens","MTL","3",
"1996-03-19","Toronto Maple Leafs","TOR","5","Detroit Red Wings","DET","6",
"1996-03-19","Ottawa Senators","OTT","2","Florida Panthers","FLA","5",
"1996-03-19","Edmonton Oilers","EDM","4","New York Rangers","NYR","1",
"1996-03-19","New York Islanders","NYI","1","Philadelphia Flyers","PHI","4",
"1996-03-19","Colorado Avalanche","COL","4","Vancouver Canucks","VAN","3",
"1996-03-19","Mighty Ducks of Anaheim","MDA","2","Washington Capitals","WSH","1",
"1996-03-20","Calgary Flames","CGY","3","Chicago Blackhawks","CHI","2",
"1996-03-20","St. Louis Blues","STL","1","Dallas Stars","DAL","2",
"1996-03-20","Colorado Avalanche","COL","5","Los Angeles Kings","LAK","2",
"1996-03-20","Hartford Whalers","HAR","2","Montreal Canadiens","MTL","3",
"1996-03-20","Boston Bruins","BOS","2","New Jersey Devils","NJD","1",
"1996-03-20","Detroit Red Wings","DET","4","Toronto Maple Leafs","TOR","3",
"1996-03-20","San Jose Sharks","SJS","7","Winnipeg Jets","WIN","1",
"1996-03-21","Ottawa Senators","OTT","1","Boston Bruins","BOS","3",
"1996-03-21","New York Islanders","NYI","2","Florida Panthers","FLA","3",
"1996-03-21","Edmonton Oilers","EDM","4","Pittsburgh Penguins","PIT","5",
"1996-03-21","Washington Capitals","WSH","3","Tampa Bay Lightning","TBL","3",
"1996-03-22","Montreal Canadiens","MTL","4","Buffalo Sabres","BUF","1",
"1996-03-22","San Jose Sharks","SJS","2","Calgary Flames","CGY","1",
"1996-03-22","Colorado Avalanche","COL","0","Detroit Red Wings","DET","7",
"1996-03-22","Chicago Blackhawks","CHI","4","New Jersey Devils","NJD","2",
"1996-03-22","Hartford Whalers","HAR","1","Ottawa Senators","OTT","1",
"1996-03-22","Mighty Ducks of Anaheim","MDA","6","St. Louis Blues","STL","1",
"1996-03-22","Dallas Stars","DAL","2","Vancouver Canucks","VAN","5",
"1996-03-22","Philadelphia Flyers","PHI","1","Winnipeg Jets","WIN","4",
"1996-03-23","New York Rangers","NYR","5","Boston Bruins","BOS","4",
"1996-03-23","Dallas Stars","DAL","4","Los Angeles Kings","LAK","4",
"1996-03-23","Edmonton Oilers","EDM","6","Montreal Canadiens","MTL","5",
"1996-03-23","New Jersey Devils","NJD","3","New York Islanders","NYI","2",
"1996-03-23","Buffalo Sabres","BUF","7","Pittsburgh Penguins","PIT","5",
"1996-03-23","Florida Panthers","FLA","2","Tampa Bay Lightning","TBL","4",
"1996-03-23","Philadelphia Flyers","PHI","4","Toronto Maple Leafs","TOR","0",
"1996-03-23","Calgary Flames","CGY","4","Vancouver Canucks","VAN","0",
"1996-03-23","Hartford Whalers","HAR","2","Washington Capitals","WSH","2",
"1996-03-24","Mighty Ducks of Anaheim","MDA","2","Chicago Blackhawks","CHI","2",
"1996-03-24","Pittsburgh Penguins","PIT","8","New York Rangers","NYR","2",
"1996-03-24","Edmonton Oilers","EDM","3","Ottawa Senators","OTT","2",
"1996-03-24","Detroit Red Wings","DET","2","St. Louis Blues","STL","2",
"1996-03-24","Colorado Avalanche","COL","5","Winnipeg Jets","WIN","2",
"1996-03-25","Toronto Maple Leafs","TOR","4","Calgary Flames","CGY","2",
"1996-03-25","Mighty Ducks of Anaheim","MDA","1","Detroit Red Wings","DET","5",
"1996-03-25","New York Islanders","NYI","1","Montreal Canadiens","MTL","4",
"1996-03-25","Hartford Whalers","HAR","0","Philadelphia Flyers","PHI","3",
"1996-03-25","Los Angeles Kings","LAK","1","Vancouver Canucks","VAN","4",
"1996-03-26","Winnipeg Jets","WIN","8","Dallas Stars","DAL","2",
"1996-03-26","Washington Capitals","WSH","7","New York Islanders","NYI","1",
"1996-03-26","St. Louis Blues","STL","4","Pittsburgh Penguins","PIT","8",
"1996-03-26","New Jersey Devils","NJD","6","Tampa Bay Lightning","TBL","4",
"1996-03-27","Chicago Blackhawks","CHI","0","Calgary Flames","CGY","1",
"1996-03-27","Winnipeg Jets","WIN","3","Colorado Avalanche","COL","1",
"1996-03-27","Buffalo Sabres","BUF","2","Detroit Red Wings","DET","4",
"1996-03-27","Los Angeles Kings","LAK","3","Edmonton Oilers","EDM","3",
"1996-03-27","Boston Bruins","BOS","6","Hartford Whalers","HAR","5",
"1996-03-27","Washington Capitals","WSH","1","Montreal Canadiens","MTL","0",
"1996-03-27","Florida Panthers","FLA","0","New York Rangers","NYR","3",
"1996-03-27","Philadelphia Flyers","PHI","4","Ottawa Senators","OTT","2",
"1996-03-27","Toronto Maple Leafs","TOR","6","Vancouver Canucks","VAN","2",
"1996-03-28","Montreal Canadiens","MTL","4","Boston Bruins","BOS","3",
"1996-03-28","Mighty Ducks of Anaheim","MDA","1","Dallas Stars","DAL","3",
"1996-03-28","Pittsburgh Penguins","PIT","3","Florida Panthers","FLA","2",
"1996-03-28","Colorado Avalanche","COL","8","San Jose Sharks","SJS","3",
"1996-03-28","New Jersey Devils","NJD","4","St. Louis Blues","STL","4",
"1996-03-29","Philadelphia Flyers","PHI","6","Buffalo Sabres","BUF","5",
"1996-03-29","Los Angeles Kings","LAK","4","Calgary Flames","CGY","3",
"1996-03-29","Winnipeg Jets","WIN","2","Edmonton Oilers","EDM","3",
"1996-03-29","Chicago Blackhawks","CHI","2","Vancouver Canucks","VAN","4",
"1996-03-29","Ottawa Senators","OTT","0","Washington Capitals","WSH","5",
"1996-03-30","Toronto Maple Leafs","TOR","4","Edmonton Oilers","EDM","3",
"1996-03-30","Tampa Bay Lightning","TBL","2","Florida Panthers","FLA","1",
"1996-03-30","New York Islanders","NYI","1","Hartford Whalers","HAR","3",
"1996-03-30","Montreal Canadiens","MTL","3","Ottawa Senators","OTT","1",
"1996-03-30","New Jersey Devils","NJD","1","Pittsburgh Penguins","PIT","2",
"1996-03-31","Boston Bruins","BOS","6","Buffalo Sabres","BUF","5",
"1996-03-31","Winnipeg Jets","WIN","4","Calgary Flames","CGY","1",
"1996-03-31","Dallas Stars","DAL","3","Chicago Blackhawks","CHI","5",
"1996-03-31","St. Louis Blues","STL","1","Detroit Red Wings","DET","8",
"1996-03-31","New York Rangers","NYR","4","New York Islanders","NYI","1",
"1996-03-31","Pittsburgh Penguins","PIT","1","Philadelphia Flyers","PHI","4",
"1996-03-31","Mighty Ducks of Anaheim","MDA","4","San Jose Sharks","SJS","2",
"1996-03-31","Tampa Bay Lightning","TBL","1","Washington Capitals","WSH","1",
"1996-04-01","Hartford Whalers","HAR","2","Florida Panthers","FLA","3",
"1996-04-01","Buffalo Sabres","BUF","6","Montreal Canadiens","MTL","4",
"1996-04-01","Boston Bruins","BOS","1","Ottawa Senators","OTT","1",
"1996-04-01","Edmonton Oilers","EDM","6","Vancouver Canucks","VAN","2",
"1996-04-02","Philadelphia Flyers","PHI","6","New York Islanders","NYI","2",
"1996-04-02","New Jersey Devils","NJD","1","New York Rangers","NYR","3",
"1996-04-02","Detroit Red Wings","DET","3","San Jose Sharks","SJS","6",
"1996-04-03","Washington Capitals","WSH","5","Buffalo Sabres","BUF","1",
"1996-04-03","Vancouver Canucks","VAN","3","Calgary Flames","CGY","4",
"1996-04-03","St. Louis Blues","STL","6","Colorado Avalanche","COL","3",
"1996-04-03","Detroit Red Wings","DET","2","Los Angeles Kings","LAK","2",
"1996-04-03","Edmonton Oilers","EDM","0","Mighty Ducks of Anaheim","MDA","1",
"1996-04-03","Boston Bruins","BOS","4","Montreal Canadiens","MTL","1",
"1996-04-03","Florida Panthers","FLA","2","Ottawa Senators","OTT","3",
"1996-04-03","Hartford Whalers","HAR","2","Tampa Bay Lightning","TBL","4",
"1996-04-03","Chicago Blackhawks","CHI","5","Toronto Maple Leafs","TOR","2",
"1996-04-03","Dallas Stars","DAL","1","Winnipeg Jets","WIN","3",
"1996-04-04","Montreal Canadiens","MTL","3","Boston Bruins","BOS","3",
"1996-04-04","Hartford Whalers","HAR","1","New Jersey Devils","NJD","0",
"1996-04-04","New York Rangers","NYR","1","Philadelphia Flyers","PHI","4",
"1996-04-04","Washington Capitals","WSH","2","Pittsburgh Penguins","PIT","4",
"1996-04-04","Edmonton Oilers","EDM","3","San Jose Sharks","SJS","5",
"1996-04-04","Toronto Maple Leafs","TOR","3","St. Louis Blues","STL","1",
"1996-04-05","Chicago Blackhawks","CHI","3","Dallas Stars","DAL","3",
"1996-04-05","Detroit Red Wings","DET","2","Mighty Ducks of Anaheim","MDA","2",
"1996-04-05","Philadelphia Flyers","PHI","1","New York Rangers","NYR","3",
"1996-04-05","New York Islanders","NYI","2","Ottawa Senators","OTT","4",
"1996-04-05","Buffalo Sabres","BUF","4","Tampa Bay Lightning","TBL","3",
"1996-04-06","San Jose Sharks","SJS","1","Colorado Avalanche","COL","5",
"1996-04-06","New Jersey Devils","NJD","6","Hartford Whalers","HAR","3",
"1996-04-06","Vancouver Canucks","VAN","4","Los Angeles Kings","LAK","2",
"1996-04-06","Florida Panthers","FLA","1","Montreal Canadiens","MTL","2",
"1996-04-06","Buffalo Sabres","BUF","0","New York Islanders","NYI","3",
"1996-04-06","Washington Capitals","WSH","4","Ottawa Senators","OTT","3",
"1996-04-06","Tampa Bay Lightning","TBL","1","Pittsburgh Penguins","PIT","2",
"1996-04-06","St. Louis Blues","STL","1","Toronto Maple Leafs","TOR","5",
"1996-04-06","Calgary Flames","CGY","3","Winnipeg Jets","WIN","4",
"1996-04-07","Detroit Red Wings","DET","4","Chicago Blackhawks","CHI","1",
"1996-04-07","Colorado Avalanche","COL","4","Dallas Stars","DAL","1",
"1996-04-07","New York Rangers","NYR","2","New Jersey Devils","NJD","4",
"1996-04-07","Boston Bruins","BOS","4","Philadelphia Flyers","PHI","2",
"1996-04-07","Mighty Ducks of Anaheim","MDA","5","San Jose Sharks","SJS","3",
"1996-04-08","Calgary Flames","CGY","3","Edmonton Oilers","EDM","2",
"1996-04-08","Pittsburgh Penguins","PIT","4","Hartford Whalers","HAR","5",
"1996-04-08","Vancouver Canucks","VAN","0","Mighty Ducks of Anaheim","MDA","2",
"1996-04-08","Florida Panthers","FLA","5","New York Rangers","NYR","3",
"1996-04-08","Winnipeg Jets","WIN","2","St. Louis Blues","STL","2",
"1996-04-08","New York Islanders","NYI","3","Tampa Bay Lightning","TBL","4",
"1996-04-09","Dallas Stars","DAL","4","Calgary Flames","CGY","3",
"1996-04-10","Ottawa Senators","OTT","2","Buffalo Sabres","BUF","5",
"1996-04-10","Mighty Ducks of Anaheim","MDA","3","Colorado Avalanche","COL","7",
"1996-04-10","Winnipeg Jets","WIN","2","Detroit Red Wings","DET","5",
"1996-04-10","Dallas Stars","DAL","4","Edmonton Oilers","EDM","2",
"1996-04-10","Tampa Bay Lightning","TBL","2","Florida Panthers","FLA","1",
"1996-04-10","San Jose Sharks","SJS","2","Los Angeles Kings","LAK","6",
"1996-04-10","Philadelphia Flyers","PHI","5","New Jersey Devils","NJD","1",
"1996-04-10","Washington Capitals","WSH","4","New York Rangers","NYR","1",
"1996-04-10","New York Islanders","NYI","6","Pittsburgh Penguins","PIT","2",
"1996-04-11","Hartford Whalers","HAR","2","Boston Bruins","BOS","3",
"1996-04-11","Toronto Maple Leafs","TOR","2","Chicago Blackhawks","CHI","5",
"1996-04-11","Pittsburgh Penguins","PIT","5","Ottawa Senators","OTT","3",
"1996-04-11","Montreal Canadiens","MTL","2","Philadelphia Flyers","PHI","3",
"1996-04-11","Colorado Avalanche","COL","3","St. Louis Blues","STL","2",
"1996-04-11","New Jersey Devils","NJD","3","Washington Capitals","WSH","2",
"1996-04-12","Chicago Blackhawks","CHI","3","Detroit Red Wings","DET","5",
"1996-04-12","Dallas Stars","DAL","3","Mighty Ducks of Anaheim","MDA","5",
"1996-04-12","Florida Panthers","FLA","1","New York Islanders","NYI","1",
"1996-04-12","Tampa Bay Lightning","TBL","3","New York Rangers","NYR","2",
"1996-04-12","Calgary Flames","CGY","6","San Jose Sharks","SJS","0",
"1996-04-12","Los Angeles Kings","LAK","3","Winnipeg Jets","WIN","5",
"1996-04-13","Boston Bruins","BOS","0","Hartford Whalers","HAR","2",
"1996-04-13","New York Islanders","NYI","5","Montreal Canadiens","MTL","5",
"1996-04-13","Ottawa Senators","OTT","5","New Jersey Devils","NJD","2",
"1996-04-13","Edmonton Oilers","EDM","3","Toronto Maple Leafs","TOR","6",
"1996-04-13","Calgary Flames","CGY","0","Vancouver Canucks","VAN","5",
"1996-04-13","Buffalo Sabres","BUF","3","Washington Capitals","WSH","2",
"1996-04-14","Pittsburgh Penguins","PIT","5","Boston Bruins","BOS","6",
"1996-04-14","Hartford Whalers","HAR","1","Buffalo Sabres","BUF","4",
"1996-04-14","St. Louis Blues","STL","2","Chicago Blackhawks","CHI","2",
"1996-04-14","Los Angeles Kings","LAK","5","Colorado Avalanche","COL","4",
"1996-04-14","Detroit Red Wings","DET","5","Dallas Stars","DAL","1",
"1996-04-14","New York Rangers","NYR","1","Florida Panthers","FLA","5",
"1996-04-14","Winnipeg Jets","WIN","2","Mighty Ducks of Anaheim","MDA","5",
"1996-04-14","Philadelphia Flyers","PHI","3","Tampa Bay Lightning","TBL","1",
