rank,player,age,teamName,gamesPlayed,gamesStarted,wins,losses,plusMinus,goalsAgainst,shotsAgainst,saves,savePercentage,goalsAgainstAverage,shutouts,minutes,shortHandedAssists,qualityStarts,qualityStartsPercentage,badStarts,goalsAllowedPercentage,savedAboveAverage,goals,assists,points,penaltyMinutes
"1"0,"Clint Benedict"1,"26"2,"OTS"3,"18"4,""5,"12"6,"6"7,"0"8,"53"9,""10,""11,""12,"2.76"13,"2"14,"1152"15,""16,""17,""18,""19,""20,"0"21,"0"22,"0"23,"3"
"2"0,"Sprague Cleghorn"1,"28"2,"OTS"3,"1"4,""5,"0"6,"0"7,"0"8,"0"9,""10,""11,""12,"0.00"13,"0"14,"3"15,""16,""17,""18,""19,""20,"7"21,"6"22,"13"23,"27"
"3"0,"Hap Holmes"1,"30"2,"TRA"3,"2"4,""5,"0"6,"2"7,"0"8,"9"9,""10,""11,""12,"4.50"13,"0"14,"120"15,""16,""17,""18,""19,""20,"0"21,"0"22,"0"23,"0"
"4"0,"Bert Lindsay"1,"37"2,"TRA"3,"16"4,""5,"5"6,"11"7,"0"8,"83"9,""10,""11,""12,"4.99"13,"0"14,"998"15,""16,""17,""18,""19,""20,"0"21,"0"22,"0"23,"0"
"5"0,"Georges Vezina"1,"32"2,"MTL"3,"18"4,""5,"10"6,"8"7,"0"8,"78"9,""10,""11,""12,"4.19"13,"1"14,"1117"15,""16,""17,""18,""19,""20,"0"21,"0"22,"0"23,"0"
