rank,teamName,teamAbrv,gamesPlayed,wins,losses,ties,points,pointsPercentage,goalsFor,goalsAgainst,simpleRatingSystem,strengthOfSchedule,totalGoalsPerGame,powerPlayGoals,powerPlayChances,powerPlayPercentage,powerPlayGoalsAgainst,powerPlayChancesAgainst,penaltyKillingPercentage,shortHandedGoals,shortHandedGoalsAgainst,shots,shootingPercentage,shotsAgainst,savePercentage,pdo
"1","Boston Bruins","BOS","48","30","11","7","67",".698","142","89","0.97","-0.14","4.81","","","","","","","","","","","","",""
"2","New York Rangers","NYR","48","27","15","6","60",".625","149","96","0.97","-0.14","5.10","","","","","","","","","","","","",""
"3","Toronto Maple Leafs","TOR","48","24","15","9","57",".594","151","127","0.41","-0.09","5.79","","","","","","","","","","","","",""
"4","Montreal Canadiens","MTL","48","18","17","13","49",".510","123","128","-0.11","-0.01","5.23","","","","","","","","","","","","",""
"5","New York Americans","NYA","48","19","18","11","49",".510","110","111","-0.04","-0.02","4.60","","","","","","","","","","","","",""
"6","Chicago Black Hawks","CBH","48","14","25","9","37",".385","97","139","-0.73","0.15","4.92","","","","","","","","","","","","",""
"7","Detroit Red Wings","DET","48","12","25","11","35",".365","99","133","-0.58","0.12","4.83","","","","","","","","","","","","",""
"8","Montreal Maroons","MTM","48","12","30","6","30",".313","101","149","-0.88","0.12","5.21","","","","","","","","","","","","",""
