date,vistor,vistorAbrv,vistorGoals,home,homeAbrv,homeGoals,notes
"2000-10-04","Colorado Avalanche","COL","2","Dallas Stars","DAL","2",
"2000-10-05","Ottawa Senators","OTT","4","Boston Bruins","BOS","4",
"2000-10-05","Chicago Blackhawks","CHI","2","Buffalo Sabres","BUF","4",
"2000-10-05","Detroit Red Wings","DET","4","Calgary Flames","CGY","3",
"2000-10-05","Vancouver Canucks","VAN","3","Philadelphia Flyers","PHI","6",
"2000-10-05","St. Louis Blues","STL","1","Phoenix Coyotes","PHX","4",
"2000-10-06","Detroit Red Wings","DET","1","Edmonton Oilers","EDM","2",
"2000-10-06","Vancouver Canucks","VAN","4","Florida Panthers","FLA","3",
"2000-10-06","Minnesota Wild","MIN","1","Mighty Ducks of Anaheim","MDA","3",
"2000-10-06","Montreal Canadiens","MTL","4","New Jersey Devils","NJD","8",
"2000-10-07","Nashville Predators","NSH","3","Pittsburgh Penguins","PIT","1","at Tokyo, Japan"
"2000-10-06","St. Louis Blues","STL","4","San Jose Sharks","SJS","1",
"2000-10-06","New York Islanders","NYI","3","Tampa Bay Lightning","TBL","3",
"2000-10-06","Los Angeles Kings","LAK","4","Washington Capitals","WSH","1",
"2000-10-07","New York Rangers","NYR","2","Atlanta Thrashers","ATL","1",
"2000-10-07","Los Angeles Kings","LAK","3","Buffalo Sabres","BUF","5",
"2000-10-07","Washington Capitals","WSH","3","Carolina Hurricanes","CAR","3",
"2000-10-07","Chicago Blackhawks","CHI","5","Columbus Blue Jackets","CBJ","3",
"2000-10-07","Colorado Avalanche","COL","1","Edmonton Oilers","EDM","1",
"2000-10-08","Pittsburgh Penguins","PIT","3","Nashville Predators","NSH","1","at Tokyo, Japan"
"2000-10-07","Dallas Stars","DAL","1","Ottawa Senators","OTT","3",
"2000-10-07","Boston Bruins","BOS","5","Philadelphia Flyers","PHI","1",
"2000-10-07","Minnesota Wild","MIN","1","Phoenix Coyotes","PHX","4",
"2000-10-07","Montreal Canadiens","MTL","0","Toronto Maple Leafs","TOR","2",
"2000-10-08","St. Louis Blues","STL","5","Mighty Ducks of Anaheim","MDA","1",
"2000-10-08","Vancouver Canucks","VAN","5","Tampa Bay Lightning","TBL","4",
"2000-10-09","Florida Panthers","FLA","2","Boston Bruins","BOS","4",
"2000-10-09","Los Angeles Kings","LAK","7","Columbus Blue Jackets","CBJ","1",
"2000-10-09","Dallas Stars","DAL","3","Toronto Maple Leafs","TOR","1",
"2000-10-10","Dallas Stars","DAL","2","Carolina Hurricanes","CAR","5",
"2000-10-10","Colorado Avalanche","COL","3","Calgary Flames","CGY","1",
"2000-10-10","Edmonton Oilers","EDM","2","Montreal Canadiens","MTL","5",
"2000-10-11","Washington Capitals","WSH","3","Atlanta Thrashers","ATL","3",
"2000-10-11","Edmonton Oilers","EDM","4","Detroit Red Wings","DET","3",
"2000-10-11","St. Louis Blues","STL","4","Los Angeles Kings","LAK","4",
"2000-10-11","Boston Bruins","BOS","3","Mighty Ducks of Anaheim","MDA","2",
"2000-10-11","Philadelphia Flyers","PHI","3","Minnesota Wild","MIN","3",
"2000-10-11","Montreal Canadiens","MTL","1","New York Rangers","NYR","3",
"2000-10-11","New York Islanders","NYI","2","Toronto Maple Leafs","TOR","3",
"2000-10-12","Columbus Blue Jackets","CBJ","3","Calgary Flames","CGY","2",
"2000-10-12","Detroit Red Wings","DET","4","Chicago Blackhawks","CHI","0",
"2000-10-12","Philadelphia Flyers","PHI","1","Dallas Stars","DAL","4",
"2000-10-12","Phoenix Coyotes","PHX","1","San Jose Sharks","SJS","2",
"2000-10-12","Colorado Avalanche","COL","5","Vancouver Canucks","VAN","2",
"2000-10-13","Buffalo Sabres","BUF","2","Edmonton Oilers","EDM","3",
"2000-10-13","Carolina Hurricanes","CAR","2","Florida Panthers","FLA","2",
"2000-10-13","Boston Bruins","BOS","0","Los Angeles Kings","LAK","5",
"2000-10-13","Washington Capitals","WSH","1","Nashville Predators","NSH","3",
"2000-10-13","New Jersey Devils","NJD","1","Ottawa Senators","OTT","3",
"2000-10-13","Tampa Bay Lightning","TBL","2","Pittsburgh Penguins","PIT","3",
"2000-10-13","Minnesota Wild","MIN","0","St. Louis Blues","STL","2",
"2000-10-14","Columbus Blue Jackets","CBJ","1","Colorado Avalanche","COL","3",
"2000-10-14","Washington Capitals","WSH","0","Dallas Stars","DAL","3",
"2000-10-14","Chicago Blackhawks","CHI","4","Montreal Canadiens","MTL","5",
"2000-10-14","Mighty Ducks of Anaheim","MDA","2","New Jersey Devils","NJD","4",
"2000-10-14","Carolina Hurricanes","CAR","1","Nashville Predators","NSH","2",
"2000-10-14","Calgary Flames","CGY","2","New York Islanders","NYI","0",
"2000-10-14","Philadelphia Flyers","PHI","3","Phoenix Coyotes","PHX","6",
"2000-10-14","New York Rangers","NYR","6","Pittsburgh Penguins","PIT","8",
"2000-10-14","Boston Bruins","BOS","2","San Jose Sharks","SJS","5",
"2000-10-14","Ottawa Senators","OTT","4","Toronto Maple Leafs","TOR","0",
"2000-10-14","Buffalo Sabres","BUF","0","Vancouver Canucks","VAN","4",
"2000-10-15","Columbus Blue Jackets","CBJ","1","Chicago Blackhawks","CHI","2",
"2000-10-15","Calgary Flames","CGY","4","Detroit Red Wings","DET","2",
"2000-10-15","Phoenix Coyotes","PHX","6","Los Angeles Kings","LAK","5",
"2000-10-15","Edmonton Oilers","EDM","5","Minnesota Wild","MIN","3",
"2000-10-15","Atlanta Thrashers","ATL","2","Tampa Bay Lightning","TBL","5",
"2000-10-16","Mighty Ducks of Anaheim","MDA","4","New York Rangers","NYR","3",
"2000-10-16","Toronto Maple Leafs","TOR","2","Vancouver Canucks","VAN","5",
"2000-10-17","New Jersey Devils","NJD","3","Atlanta Thrashers","ATL","3",
"2000-10-17","St. Louis Blues","STL","1","Detroit Red Wings","DET","2",
"2000-10-17","Boston Bruins","BOS","1","Edmonton Oilers","EDM","6",
"2000-10-17","Buffalo Sabres","BUF","3","Montreal Canadiens","MTL","4",
"2000-10-17","Los Angeles Kings","LAK","1","Nashville Predators","NSH","1",
"2000-10-17","Mighty Ducks of Anaheim","MDA","4","New York Islanders","NYI","3",
"2000-10-17","Ottawa Senators","OTT","6","Philadelphia Flyers","PHI","1",
"2000-10-17","Colorado Avalanche","COL","4","Washington Capitals","WSH","3",
"2000-10-18","Colorado Avalanche","COL","5","Columbus Blue Jackets","CBJ","1",
"2000-10-18","New York Rangers","NYR","4","Chicago Blackhawks","CHI","2",
"2000-10-18","San Jose Sharks","SJS","1","Dallas Stars","DAL","2",
"2000-10-18","Tampa Bay Lightning","TBL","5","Minnesota Wild","MIN","6",
"2000-10-18","Florida Panthers","FLA","1","Phoenix Coyotes","PHX","2",
"2000-10-18","Carolina Hurricanes","CAR","3","Pittsburgh Penguins","PIT","2",
"2000-10-18","Calgary Flames","CGY","1","Vancouver Canucks","VAN","4",
"2000-10-19","Nashville Predators","NSH","2","Detroit Red Wings","DET","1",
"2000-10-19","Toronto Maple Leafs","TOR","4","Edmonton Oilers","EDM","1",
"2000-10-19","Pittsburgh Penguins","PIT","3","Ottawa Senators","OTT","3",
"2000-10-19","Montreal Canadiens","MTL","3","Philadelphia Flyers","PHI","3",
"2000-10-19","Los Angeles Kings","LAK","1","St. Louis Blues","STL","7",
"2000-10-19","New Jersey Devils","NJD","2","Washington Capitals","WSH","5",
"2000-10-20","New York Islanders","NYI","5","Atlanta Thrashers","ATL","3",
"2000-10-20","Mighty Ducks of Anaheim","MDA","2","Buffalo Sabres","BUF","2",
"2000-10-20","Boston Bruins","BOS","2","Calgary Flames","CGY","3",
"2000-10-20","Dallas Stars","DAL","5","Chicago Blackhawks","CHI","1",
"2000-10-20","Florida Panthers","FLA","1","Colorado Avalanche","COL","5",
"2000-10-20","San Jose Sharks","SJS","3","Minnesota Wild","MIN","1",
"2000-10-21","Toronto Maple Leafs","TOR","2","Calgary Flames","CGY","1",
"2000-10-21","Los Angeles Kings","LAK","3","Dallas Stars","DAL","4",
"2000-10-21","Buffalo Sabres","BUF","4","Detroit Red Wings","DET","5",
"2000-10-21","Carolina Hurricanes","CAR","2","Montreal Canadiens","MTL","5",
"2000-10-21","Tampa Bay Lightning","TBL","2","New Jersey Devils","NJD","7",
"2000-10-21","San Jose Sharks","SJS","5","Nashville Predators","NSH","3",
"2000-10-21","Atlanta Thrashers","ATL","6","Ottawa Senators","OTT","6",
"2000-10-21","Mighty Ducks of Anaheim","MDA","4","Philadelphia Flyers","PHI","3",
"2000-10-21","Columbus Blue Jackets","CBJ","2","Pittsburgh Penguins","PIT","5",
"2000-10-21","Chicago Blackhawks","CHI","0","St. Louis Blues","STL","1",
"2000-10-21","Phoenix Coyotes","PHX","3","Vancouver Canucks","VAN","2",
"2000-10-21","New York Islanders","NYI","4","Washington Capitals","WSH","4",
"2000-10-22","Detroit Red Wings","DET","2","Columbus Blue Jackets","CBJ","1",
"2000-10-22","Phoenix Coyotes","PHX","3","Edmonton Oilers","EDM","3",
"2000-10-22","Florida Panthers","FLA","0","Minnesota Wild","MIN","0",
"2000-10-22","Tampa Bay Lightning","TBL","4","New York Rangers","NYR","2",
"2000-10-23","Los Angeles Kings","LAK","5","Mighty Ducks of Anaheim","MDA","4",
"2000-10-24","San Jose Sharks","SJS","3","Carolina Hurricanes","CAR","2",
"2000-10-24","Phoenix Coyotes","PHX","2","Calgary Flames","CGY","2",
"2000-10-24","Minnesota Wild","MIN","2","Montreal Canadiens","MTL","2",
"2000-10-24","Vancouver Canucks","VAN","4","Nashville Predators","NSH","4",
"2000-10-24","Philadelphia Flyers","PHI","5","New York Rangers","NYR","4",
"2000-10-25","Carolina Hurricanes","CAR","1","Buffalo Sabres","BUF","4",
"2000-10-25","San Jose Sharks","SJS","3","Columbus Blue Jackets","CBJ","1",
"2000-10-25","Nashville Predators","NSH","1","Colorado Avalanche","COL","2",
"2000-10-25","Vancouver Canucks","VAN","6","Dallas Stars","DAL","2",
"2000-10-25","Tampa Bay Lightning","TBL","1","Detroit Red Wings","DET","5",
"2000-10-25","Atlanta Thrashers","ATL","3","Edmonton Oilers","EDM","1",
"2000-10-25","New Jersey Devils","NJD","2","Florida Panthers","FLA","1",
"2000-10-25","Mighty Ducks of Anaheim","MDA","2","Los Angeles Kings","LAK","6",
"2000-10-25","Ottawa Senators","OTT","3","Pittsburgh Penguins","PIT","2",
"2000-10-25","Minnesota Wild","MIN","1","Toronto Maple Leafs","TOR","6",
"2000-10-26","Washington Capitals","WSH","1","Boston Bruins","BOS","4",
"2000-10-26","Colorado Avalanche","COL","2","Chicago Blackhawks","CHI","0",
"2000-10-26","New York Rangers","NYR","0","Philadelphia Flyers","PHI","3",
"2000-10-26","Calgary Flames","CGY","3","St. Louis Blues","STL","4",
"2000-10-27","Toronto Maple Leafs","TOR","1","Buffalo Sabres","BUF","2",
"2000-10-27","New Jersey Devils","NJD","3","Carolina Hurricanes","CAR","3",
"2000-10-27","Washington Capitals","WSH","1","Columbus Blue Jackets","CBJ","3",
"2000-10-27","Phoenix Coyotes","PHX","4","Dallas Stars","DAL","2",
"2000-10-27","Edmonton Oilers","EDM","2","Mighty Ducks of Anaheim","MDA","3",
"2000-10-27","Calgary Flames","CGY","1","Minnesota Wild","MIN","3",
"2000-10-27","Florida Panthers","FLA","3","Nashville Predators","NSH","3",
"2000-10-27","Montreal Canadiens","MTL","1","New York Islanders","NYI","2",
"2000-10-27","Pittsburgh Penguins","PIT","4","New York Rangers","NYR","1",
"2000-10-27","Ottawa Senators","OTT","6","Tampa Bay Lightning","TBL","0",
"2000-10-27","Atlanta Thrashers","ATL","1","Vancouver Canucks","VAN","1",
"2000-10-28","Toronto Maple Leafs","TOR","2","Boston Bruins","BOS","1",
"2000-10-28","Buffalo Sabres","BUF","3","Chicago Blackhawks","CHI","1",
"2000-10-28","Edmonton Oilers","EDM","2","Colorado Avalanche","COL","4",
"2000-10-28","Columbus Blue Jackets","CBJ","1","Detroit Red Wings","DET","4",
"2000-10-28","Ottawa Senators","OTT","1","Florida Panthers","FLA","3",
"2000-10-28","New York Islanders","NYI","2","Montreal Canadiens","MTL","1",
"2000-10-28","Los Angeles Kings","LAK","1","Phoenix Coyotes","PHX","3",
"2000-10-28","New Jersey Devils","NJD","9","Pittsburgh Penguins","PIT","0",
"2000-10-28","Atlanta Thrashers","ATL","2","San Jose Sharks","SJS","2",
"2000-10-28","Dallas Stars","DAL","3","St. Louis Blues","STL","4",
"2000-10-29","St. Louis Blues","STL","4","Carolina Hurricanes","CAR","1",
"2000-10-29","Mighty Ducks of Anaheim","MDA","6","Calgary Flames","CGY","3",
"2000-10-29","Chicago Blackhawks","CHI","3","Minnesota Wild","MIN","2",
"2000-10-29","Boston Bruins","BOS","1","New York Rangers","NYR","5",
"2000-10-29","Washington Capitals","WSH","1","Philadelphia Flyers","PHI","1",
"2000-10-30","Phoenix Coyotes","PHX","4","Colorado Avalanche","COL","0",
"2000-10-30","Mighty Ducks of Anaheim","MDA","3","Edmonton Oilers","EDM","5",
"2000-10-30","Florida Panthers","FLA","5","New Jersey Devils","NJD","6",
"2000-10-31","Tampa Bay Lightning","TBL","5","Carolina Hurricanes","CAR","6",
"2000-10-31","Los Angeles Kings","LAK","1","Columbus Blue Jackets","CBJ","4",
"2000-10-31","St. Louis Blues","STL","4","Nashville Predators","NSH","2",
"2000-10-31","Boston Bruins","BOS","2","New York Islanders","NYI","4",
"2000-10-31","Toronto Maple Leafs","TOR","3","Ottawa Senators","OTT","4",
"2000-10-31","Detroit Red Wings","DET","2","Washington Capitals","WSH","6",
"2000-11-01","Columbus Blue Jackets","CBJ","0","Dallas Stars","DAL","4",
"2000-11-01","Calgary Flames","CGY","2","Edmonton Oilers","EDM","3",
"2000-11-01","New York Islanders","NYI","3","Florida Panthers","FLA","0",
"2000-11-01","Phoenix Coyotes","PHX","1","Mighty Ducks of Anaheim","MDA","1",
"2000-11-01","Detroit Red Wings","DET","4","Montreal Canadiens","MTL","2",
"2000-11-01","Philadelphia Flyers","PHI","1","New Jersey Devils","NJD","1",
"2000-11-01","Tampa Bay Lightning","TBL","1","New York Rangers","NYR","6",
"2000-11-01","Pittsburgh Penguins","PIT","2","San Jose Sharks","SJS","3",
"2000-11-01","Colorado Avalanche","COL","3","Vancouver Canucks","VAN","4",
"2000-11-02","Los Angeles Kings","LAK","5","Atlanta Thrashers","ATL","2",
"2000-11-02","Chicago Blackhawks","CHI","4","Boston Bruins","BOS","5",
"2000-11-02","New York Rangers","NYR","5","Ottawa Senators","OTT","6",
"2000-11-02","Nashville Predators","NSH","3","Philadelphia Flyers","PHI","1",
"2000-11-02","Washington Capitals","WSH","0","St. Louis Blues","STL","2",
"2000-11-02","New Jersey Devils","NJD","3","Toronto Maple Leafs","TOR","5",
"2000-11-03","Montreal Canadiens","MTL","4","Buffalo Sabres","BUF","5",
"2000-11-03","Carolina Hurricanes","CAR","3","Colorado Avalanche","COL","5",
"2000-11-03","Chicago Blackhawks","CHI","6","Detroit Red Wings","DET","1",
"2000-11-03","Minnesota Wild","MIN","0","Edmonton Oilers","EDM","3",
"2000-11-03","Dallas Stars","DAL","2","Phoenix Coyotes","PHX","2",
"2000-11-03","New York Islanders","NYI","3","Tampa Bay Lightning","TBL","4",
"2000-11-03","Pittsburgh Penguins","PIT","4","Vancouver Canucks","VAN","2",
"2000-11-04","Atlanta Thrashers","ATL","8","Boston Bruins","BOS","3",
"2000-11-04","Pittsburgh Penguins","PIT","1","Calgary Flames","CGY","1",
"2000-11-04","Washington Capitals","WSH","3","Florida Panthers","FLA","2",
"2000-11-04","New York Rangers","NYR","5","Montreal Canadiens","MTL","2",
"2000-11-04","Los Angeles Kings","LAK","2","New Jersey Devils","NJD","1",
"2000-11-04","Mighty Ducks of Anaheim","MDA","3","Nashville Predators","NSH","3",
"2000-11-04","Columbus Blue Jackets","CBJ","2","Ottawa Senators","OTT","2",
"2000-11-04","Buffalo Sabres","BUF","0","Philadelphia Flyers","PHI","3",
"2000-11-04","Carolina Hurricanes","CAR","1","San Jose Sharks","SJS","4",
"2000-11-04","Toronto Maple Leafs","TOR","0","St. Louis Blues","STL","0",
"2000-11-05","Edmonton Oilers","EDM","4","Columbus Blue Jackets","CBJ","2",
"2000-11-05","Minnesota Wild","MIN","3","Calgary Flames","CGY","2",
"2000-11-05","Mighty Ducks of Anaheim","MDA","2","Chicago Blackhawks","CHI","4",
"2000-11-05","Los Angeles Kings","LAK","4","New York Islanders","NYI","1",
"2000-11-05","Washington Capitals","WSH","2","Tampa Bay Lightning","TBL","5",
"2000-11-05","Boston Bruins","BOS","1","Toronto Maple Leafs","TOR","7",
"2000-11-05","San Jose Sharks","SJS","2","Vancouver Canucks","VAN","2",
"2000-11-06","Ottawa Senators","OTT","3","Atlanta Thrashers","ATL","2",
"2000-11-07","Minnesota Wild","MIN","0","Colorado Avalanche","COL","2",
"2000-11-07","Phoenix Coyotes","PHX","3","Los Angeles Kings","LAK","3",
"2000-11-07","Nashville Predators","NSH","1","New York Islanders","NYI","2",
"2000-11-07","Edmonton Oilers","EDM","3","New York Rangers","NYR","4",
"2000-11-08","San Jose Sharks","SJS","3","Chicago Blackhawks","CHI","2",
"2000-11-08","Montreal Canadiens","MTL","4","Florida Panthers","FLA","2",
"2000-11-08","Vancouver Canucks","VAN","7","Mighty Ducks of Anaheim","MDA","2",
"2000-11-08","Calgary Flames","CGY","1","Minnesota Wild","MIN","0",
"2000-11-08","Nashville Predators","NSH","4","New Jersey Devils","NJD","3",
"2000-11-08","Detroit Red Wings","DET","4","Phoenix Coyotes","PHX","2",
"2000-11-08","Philadelphia Flyers","PHI","2","Pittsburgh Penguins","PIT","5",
"2000-11-08","Carolina Hurricanes","CAR","0","Toronto Maple Leafs","TOR","5",
"2000-11-09","Ottawa Senators","OTT","1","Boston Bruins","BOS","2",
"2000-11-09","New York Islanders","NYI","0","Buffalo Sabres","BUF","3",
"2000-11-09","San Jose Sharks","SJS","2","Columbus Blue Jackets","CBJ","5",
"2000-11-09","St. Louis Blues","STL","3","Colorado Avalanche","COL","3",
"2000-11-09","Vancouver Canucks","VAN","0","Los Angeles Kings","LAK","2",
"2000-11-09","Edmonton Oilers","EDM","0","Philadelphia Flyers","PHI","2",
"2000-11-09","New York Rangers","NYR","5","Washington Capitals","WSH","3",
"2000-11-10","Toronto Maple Leafs","TOR","1","Carolina Hurricanes","CAR","3",
"2000-11-10","Minnesota Wild","MIN","5","Chicago Blackhawks","CHI","2",
"2000-11-10","Calgary Flames","CGY","3","Florida Panthers","FLA","3",
"2000-11-10","Pittsburgh Penguins","PIT","4","New Jersey Devils","NJD","2",
"2000-11-10","Montreal Canadiens","MTL","1","Tampa Bay Lightning","TBL","3",
"2000-11-11","Nashville Predators","NSH","2","Boston Bruins","BOS","2",
"2000-11-11","Phoenix Coyotes","PHX","1","Columbus Blue Jackets","CBJ","2",
"2000-11-11","Mighty Ducks of Anaheim","MDA","1","Colorado Avalanche","COL","3",
"2000-11-11","Montreal Canadiens","MTL","0","Dallas Stars","DAL","2",
"2000-11-11","Detroit Red Wings","DET","2","Los Angeles Kings","LAK","2",
"2000-11-11","Buffalo Sabres","BUF","4","New Jersey Devils","NJD","0",
"2000-11-11","San Jose Sharks","SJS","4","New York Islanders","NYI","0",
"2000-11-11","Ottawa Senators","OTT","3","Philadelphia Flyers","PHI","4",
"2000-11-11","Edmonton Oilers","EDM","2","Pittsburgh Penguins","PIT","5",
"2000-11-11","Calgary Flames","CGY","4","Tampa Bay Lightning","TBL","3",
"2000-11-11","Chicago Blackhawks","CHI","3","Toronto Maple Leafs","TOR","3",
"2000-11-11","St. Louis Blues","STL","5","Vancouver Canucks","VAN","2",
"2000-11-12","Ottawa Senators","OTT","0","Carolina Hurricanes","CAR","4",
"2000-11-12","Detroit Red Wings","DET","3","Mighty Ducks of Anaheim","MDA","2",
"2000-11-12","Edmonton Oilers","EDM","5","Minnesota Wild","MIN","4",
"2000-11-12","Phoenix Coyotes","PHX","2","New York Rangers","NYR","0",
"2000-11-12","Atlanta Thrashers","ATL","2","Washington Capitals","WSH","2",
"2000-11-13","Calgary Flames","CGY","2","Buffalo Sabres","BUF","3",
"2000-11-13","Pittsburgh Penguins","PIT","2","Colorado Avalanche","COL","3",
"2000-11-13","Atlanta Thrashers","ATL","4","Florida Panthers","FLA","1",
"2000-11-14","Dallas Stars","DAL","2","Columbus Blue Jackets","CBJ","3",
"2000-11-14","St. Louis Blues","STL","0","Edmonton Oilers","EDM","3",
"2000-11-14","Tampa Bay Lightning","TBL","1","Montreal Canadiens","MTL","0",
"2000-11-14","San Jose Sharks","SJS","3","New Jersey Devils","NJD","2",
"2000-11-14","Chicago Blackhawks","CHI","2","Vancouver Canucks","VAN","4",
"2000-11-14","Phoenix Coyotes","PHX","2","Washington Capitals","WSH","2",
"2000-11-15","Nashville Predators","NSH","0","Atlanta Thrashers","ATL","1",
"2000-11-15","Dallas Stars","DAL","2","Buffalo Sabres","BUF","2",
"2000-11-15","Florida Panthers","FLA","4","Carolina Hurricanes","CAR","1",
"2000-11-15","San Jose Sharks","SJS","1","Detroit Red Wings","DET","4",
"2000-11-15","Colorado Avalanche","COL","3","Mighty Ducks of Anaheim","MDA","0",
"2000-11-15","New York Rangers","NYR","3","Minnesota Wild","MIN","2",
"2000-11-15","Philadelphia Flyers","PHI","2","Toronto Maple Leafs","TOR","1",
"2000-11-16","New Jersey Devils","NJD","3","Boston Bruins","BOS","2",
"2000-11-16","Chicago Blackhawks","CHI","5","Calgary Flames","CGY","2",
"2000-11-16","New York Islanders","NYI","1","Los Angeles Kings","LAK","5",
"2000-11-16","Columbus Blue Jackets","CBJ","5","Nashville Predators","NSH","1",
"2000-11-16","Carolina Hurricanes","CAR","1","Ottawa Senators","OTT","0",
"2000-11-16","Colorado Avalanche","COL","3","Phoenix Coyotes","PHX","6",
"2000-11-16","Pittsburgh Penguins","PIT","3","St. Louis Blues","STL","4",
"2000-11-17","Philadelphia Flyers","PHI","3","Atlanta Thrashers","ATL","2",
"2000-11-17","Minnesota Wild","MIN","1","Buffalo Sabres","BUF","3",
"2000-11-17","Florida Panthers","FLA","3","Columbus Blue Jackets","CBJ","0",
"2000-11-17","Dallas Stars","DAL","1","Detroit Red Wings","DET","0",
"2000-11-17","Chicago Blackhawks","CHI","3","Edmonton Oilers","EDM","3",
"2000-11-17","Tampa Bay Lightning","TBL","2","Toronto Maple Leafs","TOR","2",
"2000-11-17","New York Rangers","NYR","3","Vancouver Canucks","VAN","4",
"2000-11-17","Montreal Canadiens","MTL","3","Washington Capitals","WSH","4",
"2000-11-18","Minnesota Wild","MIN","6","Boston Bruins","BOS","1",
"2000-11-18","New York Rangers","NYR","5","Calgary Flames","CGY","4",
"2000-11-18","Colorado Avalanche","COL","4","Los Angeles Kings","LAK","6",
"2000-11-18","Toronto Maple Leafs","TOR","6","Montreal Canadiens","MTL","1",
"2000-11-18","Carolina Hurricanes","CAR","2","New Jersey Devils","NJD","3",
"2000-11-18","Detroit Red Wings","DET","2","Nashville Predators","NSH","3",
"2000-11-18","Florida Panthers","FLA","2","Ottawa Senators","OTT","5",
"2000-11-18","Washington Capitals","WSH","3","Philadelphia Flyers","PHI","5",
"2000-11-18","Mighty Ducks of Anaheim","MDA","6","Phoenix Coyotes","PHX","2",
"2000-11-18","Atlanta Thrashers","ATL","1","Pittsburgh Penguins","PIT","3",
"2000-11-18","New York Islanders","NYI","3","San Jose Sharks","SJS","5",
"2000-11-18","Buffalo Sabres","BUF","1","St. Louis Blues","STL","4",
"2000-11-19","Vancouver Canucks","VAN","6","Columbus Blue Jackets","CBJ","1",
"2000-11-19","Calgary Flames","CGY","0","Edmonton Oilers","EDM","2",
"2000-11-19","New York Islanders","NYI","1","Mighty Ducks of Anaheim","MDA","2",
"2000-11-20","Tampa Bay Lightning","TBL","2","Dallas Stars","DAL","6",
"2000-11-20","Nashville Predators","NSH","3","Detroit Red Wings","DET","6",
"2000-11-21","Florida Panthers","FLA","4","Montreal Canadiens","MTL","1",
"2000-11-21","Toronto Maple Leafs","TOR","3","New York Rangers","NYR","1",
"2000-11-21","Boston Bruins","BOS","1","Ottawa Senators","OTT","2",
"2000-11-21","Chicago Blackhawks","CHI","4","Phoenix Coyotes","PHX","1",
"2000-11-21","Vancouver Canucks","VAN","4","St. Louis Blues","STL","3",
"2000-11-22","Philadelphia Flyers","PHI","3","Buffalo Sabres","BUF","1",
"2000-11-22","Columbus Blue Jackets","CBJ","2","Colorado Avalanche","COL","5",
"2000-11-22","Boston Bruins","BOS","5","Detroit Red Wings","DET","4",
"2000-11-22","New Jersey Devils","NJD","5","Mighty Ducks of Anaheim","MDA","2",
"2000-11-22","Calgary Flames","CGY","1","Minnesota Wild","MIN","1",
"2000-11-22","Dallas Stars","DAL","1","Nashville Predators","NSH","0",
"2000-11-22","New York Rangers","NYR","4","New York Islanders","NYI","3",
"2000-11-22","Carolina Hurricanes","CAR","3","Pittsburgh Penguins","PIT","1",
"2000-11-22","Chicago Blackhawks","CHI","1","San Jose Sharks","SJS","4",
"2000-11-22","Atlanta Thrashers","ATL","2","Tampa Bay Lightning","TBL","8",
"2000-11-22","Edmonton Oilers","EDM","3","Toronto Maple Leafs","TOR","4",
"2000-11-22","Vancouver Canucks","VAN","2","Washington Capitals","WSH","3",
"2000-11-23","Montreal Canadiens","MTL","6","Atlanta Thrashers","ATL","0",
"2000-11-23","New Jersey Devils","NJD","6","Los Angeles Kings","LAK","1",
"2000-11-23","Edmonton Oilers","EDM","5","Ottawa Senators","OTT","3",
"2000-11-24","Carolina Hurricanes","CAR","3","Boston Bruins","BOS","1",
"2000-11-24","New York Rangers","NYR","2","Buffalo Sabres","BUF","3",
"2000-11-24","Mighty Ducks of Anaheim","MDA","2","Calgary Flames","CGY","2",
"2000-11-24","Columbus Blue Jackets","CBJ","0","Dallas Stars","DAL","3",
"2000-11-24","Vancouver Canucks","VAN","2","Detroit Red Wings","DET","3",
"2000-11-24","Chicago Blackhawks","CHI","0","Minnesota Wild","MIN","2",
"2000-11-24","St. Louis Blues","STL","4","Nashville Predators","NSH","0",
"2000-11-24","Pittsburgh Penguins","PIT","1","Philadelphia Flyers","PHI","0",
"2000-11-24","Florida Panthers","FLA","1","Tampa Bay Lightning","TBL","2",
"2000-11-24","New York Islanders","NYI","0","Washington Capitals","WSH","1",
"2000-11-25","Washington Capitals","WSH","1","Atlanta Thrashers","ATL","2",
"2000-11-25","Dallas Stars","DAL","4","Columbus Blue Jackets","CBJ","2",
"2000-11-25","Calgary Flames","CGY","2","Colorado Avalanche","COL","3",
"2000-11-25","Mighty Ducks of Anaheim","MDA","2","Edmonton Oilers","EDM","3",
"2000-11-25","Tampa Bay Lightning","TBL","1","Florida Panthers","FLA","2",
"2000-11-25","Buffalo Sabres","BUF","5","Montreal Canadiens","MTL","3",
"2000-11-25","Detroit Red Wings","DET","4","New York Islanders","NYI","3",
"2000-11-25","Los Angeles Kings","LAK","2","Pittsburgh Penguins","PIT","2",
"2000-11-25","New Jersey Devils","NJD","3","San Jose Sharks","SJS","2",
"2000-11-25","Phoenix Coyotes","PHX","1","St. Louis Blues","STL","5",
"2000-11-25","Ottawa Senators","OTT","4","Toronto Maple Leafs","TOR","2",
"2000-11-26","Los Angeles Kings","LAK","4","Boston Bruins","BOS","4",
"2000-11-26","Nashville Predators","NSH","7","Carolina Hurricanes","CAR","4",
"2000-11-26","Vancouver Canucks","VAN","2","Minnesota Wild","MIN","4",
"2000-11-26","Ottawa Senators","OTT","2","New York Rangers","NYR","3",
"2000-11-26","Phoenix Coyotes","PHX","2","Philadelphia Flyers","PHI","1",
"2000-11-27","Chicago Blackhawks","CHI","6","Detroit Red Wings","DET","5",
"2000-11-27","Atlanta Thrashers","ATL","2","Montreal Canadiens","MTL","3",
"2000-11-27","Tampa Bay Lightning","TBL","4","New York Islanders","NYI","7",
"2000-11-28","Pittsburgh Penguins","PIT","1","Boston Bruins","BOS","3",
"2000-11-28","Calgary Flames","CGY","1","Nashville Predators","NSH","6",
"2000-11-28","Los Angeles Kings","LAK","6","New York Rangers","NYR","7",
"2000-11-28","Buffalo Sabres","BUF","1","Ottawa Senators","OTT","3",
"2000-11-28","Minnesota Wild","MIN","1","San Jose Sharks","SJS","4",
"2000-11-28","Mighty Ducks of Anaheim","MDA","1","Vancouver Canucks","VAN","4",
"2000-11-29","Detroit Red Wings","DET","6","Atlanta Thrashers","ATL","4",
"2000-11-29","Philadelphia Flyers","PHI","4","Columbus Blue Jackets","CBJ","3",
"2000-11-29","Phoenix Coyotes","PHX","1","Colorado Avalanche","COL","2",
"2000-11-29","Calgary Flames","CGY","4","Dallas Stars","DAL","3",
"2000-11-29","Montreal Canadiens","MTL","3","Edmonton Oilers","EDM","2",
"2000-11-29","Carolina Hurricanes","CAR","2","Florida Panthers","FLA","1",
"2000-11-29","New York Rangers","NYR","2","New Jersey Devils","NJD","5",
"2000-11-29","St. Louis Blues","STL","6","Toronto Maple Leafs","TOR","5",
"2000-11-29","Tampa Bay Lightning","TBL","1","Washington Capitals","WSH","4",
"2000-11-30","Philadelphia Flyers","PHI","0","Carolina Hurricanes","CAR","2",
"2000-11-30","Nashville Predators","NSH","3","Chicago Blackhawks","CHI","0",
"2000-11-30","Toronto Maple Leafs","TOR","6","New York Islanders","NYI","4",
"2000-11-30","Minnesota Wild","MIN","0","Phoenix Coyotes","PHX","2",
"2000-11-30","Mighty Ducks of Anaheim","MDA","2","San Jose Sharks","SJS","3",
"2000-11-30","Montreal Canadiens","MTL","4","Vancouver Canucks","VAN","3",
"2000-12-01","Tampa Bay Lightning","TBL","3","Atlanta Thrashers","ATL","5",
"2000-12-01","Pittsburgh Penguins","PIT","6","Buffalo Sabres","BUF","4",
"2000-12-01","Dallas Stars","DAL","2","Colorado Avalanche","COL","4",
"2000-12-01","Detroit Red Wings","DET","3","Florida Panthers","FLA","1",
"2000-12-01","New York Islanders","NYI","0","New Jersey Devils","NJD","0",
"2000-12-01","Chicago Blackhawks","CHI","2","Nashville Predators","NSH","1",
"2000-12-01","Boston Bruins","BOS","2","Washington Capitals","WSH","3",
"2000-12-02","Washington Capitals","WSH","2","Boston Bruins","BOS","0",
"2000-12-02","Atlanta Thrashers","ATL","2","Columbus Blue Jackets","CBJ","1",
"2000-12-02","Montreal Canadiens","MTL","1","Calgary Flames","CGY","1",
"2000-12-02","Minnesota Wild","MIN","2","Los Angeles Kings","LAK","3",
"2000-12-02","Philadelphia Flyers","PHI","3","Ottawa Senators","OTT","5",
"2000-12-02","Dallas Stars","DAL","5","Phoenix Coyotes","PHX","2",
"2000-12-02","Buffalo Sabres","BUF","3","Pittsburgh Penguins","PIT","2",
"2000-12-02","Florida Panthers","FLA","2","St. Louis Blues","STL","5",
"2000-12-02","Detroit Red Wings","DET","0","Tampa Bay Lightning","TBL","3",
"2000-12-02","New York Rangers","NYR","2","Toronto Maple Leafs","TOR","8",
"2000-12-02","Edmonton Oilers","EDM","2","Vancouver Canucks","VAN","5",
"2000-12-03","Ottawa Senators","OTT","2","Carolina Hurricanes","CAR","0",
"2000-12-03","Columbus Blue Jackets","CBJ","0","Chicago Blackhawks","CHI","5",
"2000-12-03","San Jose Sharks","SJS","3","Edmonton Oilers","EDM","3",
"2000-12-03","Los Angeles Kings","LAK","0","Mighty Ducks of Anaheim","MDA","4",
"2000-12-03","New Jersey Devils","NJD","1","New York Islanders","NYI","1",
"2000-12-03","Colorado Avalanche","COL","6","New York Rangers","NYR","3",
"2000-12-04","Boston Bruins","BOS","4","Atlanta Thrashers","ATL","5",
"2000-12-04","San Jose Sharks","SJS","8","Calgary Flames","CGY","0",
"2000-12-04","Florida Panthers","FLA","4","Toronto Maple Leafs","TOR","4",
"2000-12-04","Nashville Predators","NSH","3","Vancouver Canucks","VAN","6",
"2000-12-05","Buffalo Sabres","BUF","3","Montreal Canadiens","MTL","2",
"2000-12-05","Colorado Avalanche","COL","1","New Jersey Devils","NJD","6",
"2000-12-05","Pittsburgh Penguins","PIT","4","Ottawa Senators","OTT","2",
"2000-12-05","Mighty Ducks of Anaheim","MDA","0","St. Louis Blues","STL","1",
"2000-12-06","Carolina Hurricanes","CAR","5","Atlanta Thrashers","ATL","3",
"2000-12-06","Mighty Ducks of Anaheim","MDA","2","Columbus Blue Jackets","CBJ","5",
"2000-12-06","Toronto Maple Leafs","TOR","3","Detroit Red Wings","DET","0",
"2000-12-06","Nashville Predators","NSH","0","Edmonton Oilers","EDM","4",
"2000-12-06","New York Islanders","NYI","4","Florida Panthers","FLA","1",
"2000-12-06","Washington Capitals","WSH","2","New York Rangers","NYR","3",
"2000-12-06","Tampa Bay Lightning","TBL","3","Philadelphia Flyers","PHI","6",
"2000-12-06","Vancouver Canucks","VAN","1","Phoenix Coyotes","PHX","1",
"2000-12-06","Boston Bruins","BOS","3","Pittsburgh Penguins","PIT","2",
"2000-12-06","Dallas Stars","DAL","2","San Jose Sharks","SJS","2",
"2000-12-07","New Jersey Devils","NJD","2","Buffalo Sabres","BUF","5",
"2000-12-07","Nashville Predators","NSH","0","Calgary Flames","CGY","3",
"2000-12-07","Minnesota Wild","MIN","4","Chicago Blackhawks","CHI","2",
"2000-12-07","Dallas Stars","DAL","2","Los Angeles Kings","LAK","5",
"2000-12-08","Florida Panthers","FLA","3","Atlanta Thrashers","ATL","4",
"2000-12-08","Boston Bruins","BOS","2","Columbus Blue Jackets","CBJ","3",
"2000-12-08","Philadelphia Flyers","PHI","1","Detroit Red Wings","DET","5",
"2000-12-08","Mighty Ducks of Anaheim","MDA","1","Minnesota Wild","MIN","0",
"2000-12-08","Buffalo Sabres","BUF","2","New York Rangers","NYR","5",
"2000-12-08","Montreal Canadiens","MTL","0","Ottawa Senators","OTT","1",
"2000-12-08","Vancouver Canucks","VAN","6","San Jose Sharks","SJS","1",
"2000-12-08","Colorado Avalanche","COL","2","Tampa Bay Lightning","TBL","0",
"2000-12-09","New York Rangers","NYR","4","Boston Bruins","BOS","6",
"2000-12-09","Carolina Hurricanes","CAR","2","Calgary Flames","CGY","7",
"2000-12-09","Los Angeles Kings","LAK","4","Edmonton Oilers","EDM","2",
"2000-12-09","Colorado Avalanche","COL","4","Florida Panthers","FLA","2",
"2000-12-09","Ottawa Senators","OTT","4","Montreal Canadiens","MTL","2",
"2000-12-09","Washington Capitals","WSH","3","New Jersey Devils","NJD","2",
"2000-12-09","Atlanta Thrashers","ATL","5","New York Islanders","NYI","2",
"2000-12-09","Chicago Blackhawks","CHI","4","St. Louis Blues","STL","6",
"2000-12-09","Pittsburgh Penguins","PIT","1","Toronto Maple Leafs","TOR","5",
"2000-12-10","St. Louis Blues","STL","6","Chicago Blackhawks","CHI","1",
"2000-12-10","Pittsburgh Penguins","PIT","4","Detroit Red Wings","DET","3",
"2000-12-10","Dallas Stars","DAL","1","Mighty Ducks of Anaheim","MDA","0",
"2000-12-10","Nashville Predators","NSH","2","Minnesota Wild","MIN","1",
"2000-12-10","New York Islanders","NYI","2","Philadelphia Flyers","PHI","5",
"2000-12-10","Columbus Blue Jackets","CBJ","1","Phoenix Coyotes","PHX","1",
"2000-12-10","Los Angeles Kings","LAK","2","Vancouver Canucks","VAN","1",
"2000-12-11","Tampa Bay Lightning","TBL","2","Colorado Avalanche","COL","2",
"2000-12-11","Atlanta Thrashers","ATL","0","New Jersey Devils","NJD","4",
"2000-12-12","Buffalo Sabres","BUF","3","Boston Bruins","BOS","0",
"2000-12-12","Philadelphia Flyers","PHI","2","Nashville Predators","NSH","2",
"2000-12-12","Washington Capitals","WSH","3","New York Islanders","NYI","2",
"2000-12-12","New York Rangers","NYR","2","San Jose Sharks","SJS","3",
"2000-12-13","Chicago Blackhawks","CHI","1","Atlanta Thrashers","ATL","3",
"2000-12-13","Philadelphia Flyers","PHI","3","Colorado Avalanche","COL","3",
"2000-12-13","Edmonton Oilers","EDM","2","Dallas Stars","DAL","5",
"2000-12-13","Florida Panthers","FLA","3","Detroit Red Wings","DET","3",
"2000-12-13","Columbus Blue Jackets","CBJ","4","Mighty Ducks of Anaheim","MDA","5",
"2000-12-13","Carolina Hurricanes","CAR","1","Minnesota Wild","MIN","1",
"2000-12-13","Calgary Flames","CGY","3","Montreal Canadiens","MTL","1",
"2000-12-13","Toronto Maple Leafs","TOR","7","Pittsburgh Penguins","PIT","4",
"2000-12-14","New York Rangers","NYR","5","Los Angeles Kings","LAK","5",
"2000-12-14","Edmonton Oilers","EDM","6","Nashville Predators","NSH","2",
"2000-12-14","Calgary Flames","CGY","2","Ottawa Senators","OTT","4",
"2000-12-14","Tampa Bay Lightning","TBL","2","Phoenix Coyotes","PHX","3",
"2000-12-14","Columbus Blue Jackets","CBJ","1","San Jose Sharks","SJS","2",
"2000-12-14","Minnesota Wild","MIN","1","Washington Capitals","WSH","2",
"2000-12-15","St. Louis Blues","STL","6","Atlanta Thrashers","ATL","3",
"2000-12-15","Buffalo Sabres","BUF","3","Carolina Hurricanes","CAR","5",
"2000-12-15","Detroit Red Wings","DET","5","Colorado Avalanche","COL","3",
"2000-12-15","Chicago Blackhawks","CHI","1","Dallas Stars","DAL","4",
"2000-12-15","New York Rangers","NYR","4","Mighty Ducks of Anaheim","MDA","6",
"2000-12-15","Montreal Canadiens","MTL","1","New Jersey Devils","NJD","2",
"2000-12-15","Toronto Maple Leafs","TOR","2","New York Islanders","NYI","3",
"2000-12-15","Florida Panthers","FLA","4","Pittsburgh Penguins","PIT","1",
"2000-12-16","Carolina Hurricanes","CAR","1","Boston Bruins","BOS","4",
"2000-12-16","Florida Panthers","FLA","2","Buffalo Sabres","BUF","3",
"2000-12-16","Tampa Bay Lightning","TBL","4","Los Angeles Kings","LAK","3",
"2000-12-16","Pittsburgh Penguins","PIT","4","Montreal Canadiens","MTL","4",
"2000-12-16","Chicago Blackhawks","CHI","3","Nashville Predators","NSH","0",
"2000-12-16","New York Islanders","NYI","0","Ottawa Senators","OTT","6",
"2000-12-16","New Jersey Devils","NJD","3","Philadelphia Flyers","PHI","6",
"2000-12-16","San Jose Sharks","SJS","2","Phoenix Coyotes","PHX","1",
"2000-12-16","Detroit Red Wings","DET","2","St. Louis Blues","STL","2",
"2000-12-16","Calgary Flames","CGY","6","Toronto Maple Leafs","TOR","5",
"2000-12-16","Columbus Blue Jackets","CBJ","3","Vancouver Canucks","VAN","4",
"2000-12-16","Edmonton Oilers","EDM","0","Washington Capitals","WSH","4",
"2000-12-17","Tampa Bay Lightning","TBL","1","Mighty Ducks of Anaheim","MDA","3",
"2000-12-17","Dallas Stars","DAL","0","Minnesota Wild","MIN","6",
"2000-12-18","Edmonton Oilers","EDM","3","Detroit Red Wings","DET","4",
"2000-12-18","Columbus Blue Jackets","CBJ","2","Montreal Canadiens","MTL","0",
"2000-12-18","Florida Panthers","FLA","3","New York Rangers","NYR","6",
"2000-12-18","San Jose Sharks","SJS","5","Washington Capitals","WSH","3",
"2000-12-19","Philadelphia Flyers","PHI","4","Boston Bruins","BOS","4",
"2000-12-19","Calgary Flames","CGY","3","Colorado Avalanche","COL","0",
"2000-12-19","Atlanta Thrashers","ATL","7","Los Angeles Kings","LAK","6",
"2000-12-19","Carolina Hurricanes","CAR","1","New York Islanders","NYI","2",
"2000-12-20","San Jose Sharks","SJS","2","Detroit Red Wings","DET","0",
"2000-12-20","Vancouver Canucks","VAN","2","Edmonton Oilers","EDM","3",
"2000-12-20","Pittsburgh Penguins","PIT","2","Florida Panthers","FLA","2",
"2000-12-20","Atlanta Thrashers","ATL","4","Mighty Ducks of Anaheim","MDA","2",
"2000-12-20","Ottawa Senators","OTT","2","Minnesota Wild","MIN","2",
"2000-12-20","Dallas Stars","DAL","1","New Jersey Devils","NJD","4",
"2000-12-20","St. Louis Blues","STL","6","New York Rangers","NYR","3",
"2000-12-20","Calgary Flames","CGY","2","Phoenix Coyotes","PHX","4",
"2000-12-20","Nashville Predators","NSH","3","Toronto Maple Leafs","TOR","1",
"2000-12-20","Buffalo Sabres","BUF","2","Washington Capitals","WSH","2",
"2000-12-21","Toronto Maple Leafs","TOR","0","Boston Bruins","BOS","4",
"2000-12-21","Washington Capitals","WSH","3","Buffalo Sabres","BUF","1",
"2000-12-21","Ottawa Senators","OTT","3","Columbus Blue Jackets","CBJ","3",
"2000-12-21","Vancouver Canucks","VAN","4","Chicago Blackhawks","CHI","6",
"2000-12-21","Los Angeles Kings","LAK","2","Colorado Avalanche","COL","5",
"2000-12-21","Nashville Predators","NSH","2","Montreal Canadiens","MTL","4",
"2000-12-21","Dallas Stars","DAL","3","New York Islanders","NYI","1",
"2000-12-21","San Jose Sharks","SJS","3","Philadelphia Flyers","PHI","4",
"2000-12-21","Pittsburgh Penguins","PIT","1","Tampa Bay Lightning","TBL","1",
"2000-12-22","Edmonton Oilers","EDM","1","Calgary Flames","CGY","1",
"2000-12-22","Mighty Ducks of Anaheim","MDA","1","Detroit Red Wings","DET","2",
"2000-12-22","New Jersey Devils","NJD","2","Florida Panthers","FLA","0",
"2000-12-22","Los Angeles Kings","LAK","3","Minnesota Wild","MIN","4",
"2000-12-22","Atlanta Thrashers","ATL","1","Phoenix Coyotes","PHX","5",
"2000-12-23","Detroit Red Wings","DET","2","Boston Bruins","BOS","1",
"2000-12-23","San Jose Sharks","SJS","2","Buffalo Sabres","BUF","5",
"2000-12-23","Vancouver Canucks","VAN","2","Colorado Avalanche","COL","3",
"2000-12-23","Toronto Maple Leafs","TOR","5","Montreal Canadiens","MTL","2",
"2000-12-23","Columbus Blue Jackets","CBJ","7","New York Islanders","NYI","5",
"2000-12-23","Nashville Predators","NSH","3","New York Rangers","NYR","2",
"2000-12-23","Chicago Blackhawks","CHI","3","Ottawa Senators","OTT","2",
"2000-12-23","Carolina Hurricanes","CAR","1","Philadelphia Flyers","PHI","2",
"2000-12-23","Dallas Stars","DAL","8","Pittsburgh Penguins","PIT","2",
"2000-12-23","Mighty Ducks of Anaheim","MDA","2","St. Louis Blues","STL","5",
"2000-12-23","New Jersey Devils","NJD","5","Tampa Bay Lightning","TBL","1",
"2000-12-23","Florida Panthers","FLA","3","Washington Capitals","WSH","5",
"2000-12-26","Toronto Maple Leafs","TOR","3","Atlanta Thrashers","ATL","5",
"2000-12-26","Pittsburgh Penguins","PIT","5","Buffalo Sabres","BUF","3",
"2000-12-26","San Jose Sharks","SJS","2","Los Angeles Kings","LAK","1",
"2000-12-26","Colorado Avalanche","COL","2","Nashville Predators","NSH","5",
"2000-12-26","Columbus Blue Jackets","CBJ","0","St. Louis Blues","STL","5",
"2000-12-26","Carolina Hurricanes","CAR","2","Tampa Bay Lightning","TBL","3",
"2000-12-27","New York Rangers","NYR","3","Carolina Hurricanes","CAR","4",
"2000-12-27","Phoenix Coyotes","PHX","1","Chicago Blackhawks","CHI","1",
"2000-12-27","Edmonton Oilers","EDM","2","Colorado Avalanche","COL","3",
"2000-12-27","Mighty Ducks of Anaheim","MDA","1","Dallas Stars","DAL","3",
"2000-12-27","Minnesota Wild","MIN","5","Detroit Red Wings","DET","3",
"2000-12-27","Philadelphia Flyers","PHI","5","Florida Panthers","FLA","2",
"2000-12-27","Columbus Blue Jackets","CBJ","2","New Jersey Devils","NJD","2",
"2000-12-27","Boston Bruins","BOS","5","New York Islanders","NYI","2",
"2000-12-27","Washington Capitals","WSH","5","Ottawa Senators","OTT","1",
"2000-12-27","Toronto Maple Leafs","TOR","0","Pittsburgh Penguins","PIT","5",
"2000-12-27","Montreal Canadiens","MTL","2","Vancouver Canucks","VAN","3",
"2000-12-28","Mighty Ducks of Anaheim","MDA","2","Nashville Predators","NSH","2",
"2000-12-28","Atlanta Thrashers","ATL","4","New York Rangers","NYR","1",
"2000-12-28","Edmonton Oilers","EDM","2","San Jose Sharks","SJS","2",
"2000-12-28","Los Angeles Kings","LAK","5","St. Louis Blues","STL","2",
"2000-12-28","Philadelphia Flyers","PHI","3","Tampa Bay Lightning","TBL","4",
"2000-12-29","Ottawa Senators","OTT","0","Buffalo Sabres","BUF","2",
"2000-12-29","Carolina Hurricanes","CAR","1","Columbus Blue Jackets","CBJ","3",
"2000-12-29","Vancouver Canucks","VAN","0","Calgary Flames","CGY","5",
"2000-12-29","Detroit Red Wings","DET","2","Chicago Blackhawks","CHI","3",
"2000-12-29","Nashville Predators","NSH","1","Colorado Avalanche","COL","3",
"2000-12-29","Los Angeles Kings","LAK","4","Dallas Stars","DAL","1",
"2000-12-29","Boston Bruins","BOS","0","Florida Panthers","FLA","3",
"2000-12-29","Phoenix Coyotes","PHX","2","Minnesota Wild","MIN","2",
"2000-12-29","Washington Capitals","WSH","2","New Jersey Devils","NJD","4",
"2000-12-29","Atlanta Thrashers","ATL","2","New York Islanders","NYI","5",
"2000-12-30","Montreal Canadiens","MTL","2","Edmonton Oilers","EDM","3",
"2000-12-30","Toronto Maple Leafs","TOR","4","Florida Panthers","FLA","1",
"2000-12-30","Buffalo Sabres","BUF","2","New York Islanders","NYI","0",
"2000-12-30","Ottawa Senators","OTT","3","Pittsburgh Penguins","PIT","5",
"2000-12-30","Vancouver Canucks","VAN","6","San Jose Sharks","SJS","3",
"2000-12-30","Phoenix Coyotes","PHX","1","St. Louis Blues","STL","2",
"2000-12-30","Boston Bruins","BOS","1","Tampa Bay Lightning","TBL","1",
"2000-12-30","Philadelphia Flyers","PHI","3","Washington Capitals","WSH","6",
"2000-12-31","Chicago Blackhawks","CHI","1","Carolina Hurricanes","CAR","2",
"2000-12-31","New Jersey Devils","NJD","6","Columbus Blue Jackets","CBJ","3",
"2000-12-31","Montreal Canadiens","MTL","4","Calgary Flames","CGY","5",
"2000-12-31","New York Rangers","NYR","1","Dallas Stars","DAL","6",
"2000-12-31","Los Angeles Kings","LAK","1","Detroit Red Wings","DET","2",
"2000-12-31","Mighty Ducks of Anaheim","MDA","2","Minnesota Wild","MIN","3",
"2000-12-31","Toronto Maple Leafs","TOR","3","Tampa Bay Lightning","TBL","2",
"2001-01-01","Boston Bruins","BOS","4","Buffalo Sabres","BUF","3",
"2001-01-01","Vancouver Canucks","VAN","5","Nashville Predators","NSH","2",
"2001-01-01","San Jose Sharks","SJS","3","Phoenix Coyotes","PHX","2",
"2001-01-01","Edmonton Oilers","EDM","2","St. Louis Blues","STL","5",
"2001-01-01","Atlanta Thrashers","ATL","2","Washington Capitals","WSH","4",
"2001-01-02","Los Angeles Kings","LAK","2","Colorado Avalanche","COL","6",
"2001-01-02","Philadelphia Flyers","PHI","1","New Jersey Devils","NJD","1",
"2001-01-02","Montreal Canadiens","MTL","3","New York Islanders","NYI","0",
"2001-01-02","St. Louis Blues","STL","1","Ottawa Senators","OTT","3",
"2001-01-03","Tampa Bay Lightning","TBL","2","Carolina Hurricanes","CAR","3",
"2001-01-03","Edmonton Oilers","EDM","2","Columbus Blue Jackets","CBJ","5",
"2001-01-03","Vancouver Canucks","VAN","0","Chicago Blackhawks","CHI","6",
"2001-01-03","Florida Panthers","FLA","2","Mighty Ducks of Anaheim","MDA","3",
"2001-01-03","Atlanta Thrashers","ATL","1","Minnesota Wild","MIN","1",
"2001-01-03","Washington Capitals","WSH","2","Pittsburgh Penguins","PIT","3",
"2001-01-03","Calgary Flames","CGY","1","San Jose Sharks","SJS","0",
"2001-01-03","Buffalo Sabres","BUF","1","Toronto Maple Leafs","TOR","1",
"2001-01-04","San Jose Sharks","SJS","2","Colorado Avalanche","COL","2",
"2001-01-04","Dallas Stars","DAL","2","Detroit Red Wings","DET","4",
"2001-01-04","Florida Panthers","FLA","4","Los Angeles Kings","LAK","3",
"2001-01-04","New York Islanders","NYI","2","New Jersey Devils","NJD","4",
"2001-01-04","Tampa Bay Lightning","TBL","3","Ottawa Senators","OTT","8",
"2001-01-04","New York Rangers","NYR","1","Phoenix Coyotes","PHX","3",
"2001-01-04","Nashville Predators","NSH","4","St. Louis Blues","STL","2",
"2001-01-05","Philadelphia Flyers","PHI","6","Atlanta Thrashers","ATL","4",
"2001-01-05","Toronto Maple Leafs","TOR","3","Buffalo Sabres","BUF","3",
"2001-01-05","Edmonton Oilers","EDM","2","Chicago Blackhawks","CHI","1",
"2001-01-05","Calgary Flames","CGY","4","Mighty Ducks of Anaheim","MDA","4",
"2001-01-05","Detroit Red Wings","DET","2","Minnesota Wild","MIN","3",
"2001-01-05","Montreal Canadiens","MTL","4","Pittsburgh Penguins","PIT","3",
"2001-01-05","Boston Bruins","BOS","1","Washington Capitals","WSH","1",
"2001-01-06","Dallas Stars","DAL","4","Boston Bruins","BOS","0",
"2001-01-06","Colorado Avalanche","COL","2","Carolina Hurricanes","CAR","2",
"2001-01-06","Calgary Flames","CGY","0","Los Angeles Kings","LAK","5",
"2001-01-06","Buffalo Sabres","BUF","2","Nashville Predators","NSH","0",
"2001-01-06","Phoenix Coyotes","PHX","2","New York Islanders","NYI","1",
"2001-01-06","New Jersey Devils","NJD","5","New York Rangers","NYR","5",
"2001-01-06","Montreal Canadiens","MTL","3","Ottawa Senators","OTT","4",
"2001-01-06","Atlanta Thrashers","ATL","2","Philadelphia Flyers","PHI","2",
"2001-01-06","Florida Panthers","FLA","1","San Jose Sharks","SJS","3",
"2001-01-06","Minnesota Wild","MIN","1","St. Louis Blues","STL","5",
"2001-01-06","Washington Capitals","WSH","3","Toronto Maple Leafs","TOR","2",
"2001-01-06","Columbus Blue Jackets","CBJ","3","Vancouver Canucks","VAN","4",
"2001-01-07","New York Islanders","NYI","2","Carolina Hurricanes","CAR","5",
"2001-01-07","Tampa Bay Lightning","TBL","4","Chicago Blackhawks","CHI","7",
"2001-01-07","Colorado Avalanche","COL","3","Detroit Red Wings","DET","4",
"2001-01-07","Columbus Blue Jackets","CBJ","2","Edmonton Oilers","EDM","4",
"2001-01-08","Dallas Stars","DAL","2","New York Rangers","NYR","1",
"2001-01-08","Philadelphia Flyers","PHI","2","St. Louis Blues","STL","1",
"2001-01-08","Nashville Predators","NSH","1","Vancouver Canucks","VAN","2",
"2001-01-08","Pittsburgh Penguins","PIT","5","Washington Capitals","WSH","3",
"2001-01-09","Pittsburgh Penguins","PIT","2","Boston Bruins","BOS","5",
"2001-01-09","Florida Panthers","FLA","3","Carolina Hurricanes","CAR","7",
"2001-01-09","Phoenix Coyotes","PHX","2","Detroit Red Wings","DET","2",
"2001-01-09","Chicago Blackhawks","CHI","6","New York Islanders","NYI","3",
"2001-01-09","Buffalo Sabres","BUF","1","San Jose Sharks","SJS","2",
"2001-01-10","Dallas Stars","DAL","3","Atlanta Thrashers","ATL","2",
"2001-01-10","Colorado Avalanche","COL","4","Columbus Blue Jackets","CBJ","2",
"2001-01-10","Nashville Predators","NSH","5","Edmonton Oilers","EDM","2",
"2001-01-10","St. Louis Blues","STL","4","Mighty Ducks of Anaheim","MDA","2",
"2001-01-10","Washington Capitals","WSH","0","Minnesota Wild","MIN","3",
"2001-01-10","Boston Bruins","BOS","2","Montreal Canadiens","MTL","1",
"2001-01-10","Phoenix Coyotes","PHX","1","New Jersey Devils","NJD","5",
"2001-01-10","Tampa Bay Lightning","TBL","3","Toronto Maple Leafs","TOR","1",
"2001-01-10","Ottawa Senators","OTT","5","Vancouver Canucks","VAN","1",
"2001-01-11","Nashville Predators","NSH","1","Calgary Flames","CGY","2",
"2001-01-11","Buffalo Sabres","BUF","2","Los Angeles Kings","LAK","3",
"2001-01-11","St. Louis Blues","STL","3","San Jose Sharks","SJS","6",
"2001-01-12","Montreal Canadiens","MTL","3","Atlanta Thrashers","ATL","0",
"2001-01-12","Chicago Blackhawks","CHI","3","Columbus Blue Jackets","CBJ","1",
"2001-01-12","Detroit Red Wings","DET","3","Dallas Stars","DAL","2",
"2001-01-12","Vancouver Canucks","VAN","3","Edmonton Oilers","EDM","2",
"2001-01-12","Carolina Hurricanes","CAR","2","Florida Panthers","FLA","2",
"2001-01-12","Buffalo Sabres","BUF","4","Mighty Ducks of Anaheim","MDA","0",
"2001-01-12","Colorado Avalanche","COL","5","Minnesota Wild","MIN","0",
"2001-01-12","New York Islanders","NYI","3","Pittsburgh Penguins","PIT","4",
"2001-01-12","Philadelphia Flyers","PHI","3","Tampa Bay Lightning","TBL","0",
"2001-01-12","Phoenix Coyotes","PHX","2","Toronto Maple Leafs","TOR","3",
"2001-01-13","New York Rangers","NYR","1","Boston Bruins","BOS","4",
"2001-01-13","Ottawa Senators","OTT","5","Calgary Flames","CGY","2",
"2001-01-13","Philadelphia Flyers","PHI","4","Florida Panthers","FLA","1",
"2001-01-13","St. Louis Blues","STL","4","Los Angeles Kings","LAK","2",
"2001-01-13","Phoenix Coyotes","PHX","2","Montreal Canadiens","MTL","5",
"2001-01-13","Toronto Maple Leafs","TOR","4","New Jersey Devils","NJD","4",
"2001-01-13","Pittsburgh Penguins","PIT","5","New York Islanders","NYI","6",
"2001-01-13","Nashville Predators","NSH","5","San Jose Sharks","SJS","3",
"2001-01-13","Atlanta Thrashers","ATL","1","Washington Capitals","WSH","4",
"2001-01-14","Mighty Ducks of Anaheim","MDA","0","Carolina Hurricanes","CAR","4",
"2001-01-14","Colorado Avalanche","COL","2","Chicago Blackhawks","CHI","2",
"2001-01-14","Ottawa Senators","OTT","1","Edmonton Oilers","EDM","4",
"2001-01-14","Minnesota Wild","MIN","2","New York Rangers","NYR","4",
"2001-01-14","Dallas Stars","DAL","3","Tampa Bay Lightning","TBL","2",
"2001-01-14","Calgary Flames","CGY","1","Vancouver Canucks","VAN","5",
"2001-01-15","Minnesota Wild","MIN","0","Columbus Blue Jackets","CBJ","3",
"2001-01-15","Dallas Stars","DAL","0","Florida Panthers","FLA","2",
"2001-01-15","St. Louis Blues","STL","1","Phoenix Coyotes","PHX","3",
"2001-01-15","Mighty Ducks of Anaheim","MDA","2","Pittsburgh Penguins","PIT","3",
"2001-01-15","Detroit Red Wings","DET","3","San Jose Sharks","SJS","2",
"2001-01-16","Tampa Bay Lightning","TBL","1","Buffalo Sabres","BUF","3",
"2001-01-16","New York Islanders","NYI","1","Colorado Avalanche","COL","4",
"2001-01-16","Carolina Hurricanes","CAR","3","Montreal Canadiens","MTL","2",
"2001-01-16","Boston Bruins","BOS","5","New Jersey Devils","NJD","4",
"2001-01-16","Edmonton Oilers","EDM","2","Nashville Predators","NSH","1",
"2001-01-16","Philadelphia Flyers","PHI","3","New York Rangers","NYR","4",
"2001-01-16","Los Angeles Kings","LAK","7","Ottawa Senators","OTT","6",
"2001-01-16","Detroit Red Wings","DET","4","Vancouver Canucks","VAN","2",
"2001-01-17","Mighty Ducks of Anaheim","MDA","5","Atlanta Thrashers","ATL","2",
"2001-01-17","Florida Panthers","FLA","0","Chicago Blackhawks","CHI","5",
"2001-01-17","Nashville Predators","NSH","3","Dallas Stars","DAL","4",
"2001-01-17","Columbus Blue Jackets","CBJ","2","Minnesota Wild","MIN","3",
"2001-01-17","Pittsburgh Penguins","PIT","4","Phoenix Coyotes","PHX","5",
"2001-01-17","Calgary Flames","CGY","4","San Jose Sharks","SJS","4",
"2001-01-17","Los Angeles Kings","LAK","2","Toronto Maple Leafs","TOR","1",
"2001-01-18","Boston Bruins","BOS","2","Carolina Hurricanes","CAR","4",
"2001-01-18","Vancouver Canucks","VAN","3","Colorado Avalanche","COL","7",
"2001-01-18","Tampa Bay Lightning","TBL","1","Montreal Canadiens","MTL","3",
"2001-01-18","Toronto Maple Leafs","TOR","1","New York Rangers","NYR","2",
"2001-01-18","Washington Capitals","WSH","4","Ottawa Senators","OTT","5",
"2001-01-18","New Jersey Devils","NJD","7","Philadelphia Flyers","PHI","1",
"2001-01-18","Edmonton Oilers","EDM","1","St. Louis Blues","STL","4",
"2001-01-19","Florida Panthers","FLA","0","Buffalo Sabres","BUF","1",
"2001-01-19","Washington Capitals","WSH","1","Chicago Blackhawks","CHI","3",
"2001-01-19","Pittsburgh Penguins","PIT","5","Dallas Stars","DAL","6",
"2001-01-19","Phoenix Coyotes","PHX","4","Mighty Ducks of Anaheim","MDA","3",
"2001-01-19","New York Islanders","NYI","2","Minnesota Wild","MIN","3",
"2001-01-19","Boston Bruins","BOS","0","Nashville Predators","NSH","1",
"2001-01-20","Los Angeles Kings","LAK","6","Carolina Hurricanes","CAR","3",
"2001-01-20","Detroit Red Wings","DET","1","Edmonton Oilers","EDM","2",
"2001-01-20","New York Rangers","NYR","2","Montreal Canadiens","MTL","2",
"2001-01-20","Atlanta Thrashers","ATL","2","New Jersey Devils","NJD","3",
"2001-01-20","Tampa Bay Lightning","TBL","0","Ottawa Senators","OTT","3",
"2001-01-20","Florida Panthers","FLA","3","Philadelphia Flyers","PHI","5",
"2001-01-20","Colorado Avalanche","COL","2","San Jose Sharks","SJS","1",
"2001-01-20","Vancouver Canucks","VAN","0","St. Louis Blues","STL","3",
"2001-01-20","Buffalo Sabres","BUF","0","Toronto Maple Leafs","TOR","2",
"2001-01-21","New York Islanders","NYI","4","Atlanta Thrashers","ATL","4",
"2001-01-21","Tampa Bay Lightning","TBL","1","Columbus Blue Jackets","CBJ","3",
"2001-01-21","Detroit Red Wings","DET","2","Calgary Flames","CGY","4",
"2001-01-21","Pittsburgh Penguins","PIT","4","Chicago Blackhawks","CHI","0",
"2001-01-21","Colorado Avalanche","COL","4","Mighty Ducks of Anaheim","MDA","2",
"2001-01-21","New Jersey Devils","NJD","4","Minnesota Wild","MIN","2",
"2001-01-21","St. Louis Blues","STL","1","Nashville Predators","NSH","3",
"2001-01-21","Dallas Stars","DAL","2","Phoenix Coyotes","PHX","5",
"2001-01-22","Florida Panthers","FLA","3","Boston Bruins","BOS","2",
"2001-01-22","New York Rangers","NYR","5","Carolina Hurricanes","CAR","2",
"2001-01-22","Vancouver Canucks","VAN","1","Dallas Stars","DAL","2",
"2001-01-22","San Jose Sharks","SJS","2","Edmonton Oilers","EDM","2",
"2001-01-22","Los Angeles Kings","LAK","0","Philadelphia Flyers","PHI","3",
"2001-01-23","Columbus Blue Jackets","CBJ","2","Buffalo Sabres","BUF","1",
"2001-01-23","Phoenix Coyotes","PHX","4","Calgary Flames","CGY","2",
"2001-01-23","St. Louis Blues","STL","5","Montreal Canadiens","MTL","2",
"2001-01-23","Atlanta Thrashers","ATL","3","Nashville Predators","NSH","4",
"2001-01-23","Ottawa Senators","OTT","3","New York Islanders","NYI","2",
"2001-01-23","Washington Capitals","WSH","5","Tampa Bay Lightning","TBL","2",
"2001-01-24","New Jersey Devils","NJD","4","Dallas Stars","DAL","1",
"2001-01-24","Nashville Predators","NSH","3","Detroit Red Wings","DET","4",
"2001-01-24","Minnesota Wild","MIN","5","Mighty Ducks of Anaheim","MDA","0",
"2001-01-24","Carolina Hurricanes","CAR","3","New York Rangers","NYR","2",
"2001-01-24","Montreal Canadiens","MTL","1","Pittsburgh Penguins","PIT","3",
"2001-01-24","Edmonton Oilers","EDM","1","San Jose Sharks","SJS","6",
"2001-01-24","Boston Bruins","BOS","2","Toronto Maple Leafs","TOR","1",
"2001-01-24","Phoenix Coyotes","PHX","2","Vancouver Canucks","VAN","6",
"2001-01-24","Florida Panthers","FLA","1","Washington Capitals","WSH","2",
"2001-01-25","Toronto Maple Leafs","TOR","2","Atlanta Thrashers","ATL","1",
"2001-01-25","Philadelphia Flyers","PHI","5","Chicago Blackhawks","CHI","1",
"2001-01-25","Calgary Flames","CGY","3","Los Angeles Kings","LAK","0",
"2001-01-25","New Jersey Devils","NJD","3","St. Louis Blues","STL","4",
"2001-01-25","Ottawa Senators","OTT","5","Tampa Bay Lightning","TBL","2",
"2001-01-26","Boston Bruins","BOS","2","Buffalo Sabres","BUF","1",
"2001-01-26","Chicago Blackhawks","CHI","2","Colorado Avalanche","COL","5",
"2001-01-26","San Jose Sharks","SJS","2","Dallas Stars","DAL","1",
"2001-01-26","Mighty Ducks of Anaheim","MDA","2","Detroit Red Wings","DET","3",
"2001-01-26","Phoenix Coyotes","PHX","1","Edmonton Oilers","EDM","1",
"2001-01-26","Ottawa Senators","OTT","5","Florida Panthers","FLA","4",
"2001-01-26","New York Islanders","NYI","3","New York Rangers","NYR","2",
"2001-01-27","New Jersey Devils","NJD","3","Boston Bruins","BOS","4",
"2001-01-27","Philadelphia Flyers","PHI","4","Carolina Hurricanes","CAR","3",
"2001-01-27","Mighty Ducks of Anaheim","MDA","1","Columbus Blue Jackets","CBJ","2",
"2001-01-27","Vancouver Canucks","VAN","5","Calgary Flames","CGY","3",
"2001-01-27","Tampa Bay Lightning","TBL","2","Florida Panthers","FLA","3",
"2001-01-27","Minnesota Wild","MIN","4","Los Angeles Kings","LAK","1",
"2001-01-27","Washington Capitals","WSH","2","Montreal Canadiens","MTL","4",
"2001-01-27","Colorado Avalanche","COL","5","Nashville Predators","NSH","1",
"2001-01-27","Buffalo Sabres","BUF","2","New York Islanders","NYI","1",
"2001-01-27","Atlanta Thrashers","ATL","1","Pittsburgh Penguins","PIT","5",
"2001-01-27","San Jose Sharks","SJS","4","St. Louis Blues","STL","3",
"2001-01-27","New York Rangers","NYR","1","Toronto Maple Leafs","TOR","3",
"2001-01-28","Ottawa Senators","OTT","1","Montreal Canadiens","MTL","4",
"2001-01-28","Chicago Blackhawks","CHI","6","Vancouver Canucks","VAN","2",
"2001-01-28","Philadelphia Flyers","PHI","2","Washington Capitals","WSH","4",
"2001-01-29","Tampa Bay Lightning","TBL","2","Carolina Hurricanes","CAR","5",
"2001-01-29","Atlanta Thrashers","ATL","7","New York Rangers","NYR","2",
"2001-01-29","Nashville Predators","NSH","5","Phoenix Coyotes","PHX","2",
"2001-01-29","Toronto Maple Leafs","TOR","1","St. Louis Blues","STL","2",
"2001-01-30","Pittsburgh Penguins","PIT","6","Atlanta Thrashers","ATL","3",
"2001-01-30","St. Louis Blues","STL","1","Boston Bruins","BOS","5",
"2001-01-30","Edmonton Oilers","EDM","5","Calgary Flames","CGY","3",
"2001-01-30","Dallas Stars","DAL","0","Los Angeles Kings","LAK","8",
"2001-01-30","Detroit Red Wings","DET","1","New Jersey Devils","NJD","3",
"2001-01-30","Colorado Avalanche","COL","3","San Jose Sharks","SJS","1",
"2001-01-30","Florida Panthers","FLA","3","Tampa Bay Lightning","TBL","4",
"2001-01-30","Minnesota Wild","MIN","2","Vancouver Canucks","VAN","3",
"2001-01-30","Ottawa Senators","OTT","1","Washington Capitals","WSH","1",
"2001-01-31","Toronto Maple Leafs","TOR","4","Carolina Hurricanes","CAR","3",
"2001-01-31","Detroit Red Wings","DET","3","Columbus Blue Jackets","CBJ","2",
"2001-01-31","Chicago Blackhawks","CHI","2","Edmonton Oilers","EDM","3",
"2001-01-31","Buffalo Sabres","BUF","2","Florida Panthers","FLA","5",
"2001-01-31","Nashville Predators","NSH","3","Mighty Ducks of Anaheim","MDA","0",
"2001-01-31","New Jersey Devils","NJD","2","New York Islanders","NYI","3",
"2001-01-31","Montreal Canadiens","MTL","2","New York Rangers","NYR","4",
"2001-01-31","Philadelphia Flyers","PHI","5","Pittsburgh Penguins","PIT","1",
"2001-02-01","Carolina Hurricanes","CAR","3","Atlanta Thrashers","ATL","1",
"2001-02-01","Montreal Canadiens","MTL","3","Boston Bruins","BOS","0",
"2001-02-01","Chicago Blackhawks","CHI","3","Calgary Flames","CGY","5",
"2001-02-01","Nashville Predators","NSH","6","Los Angeles Kings","LAK","4",
"2001-02-01","New York Islanders","NYI","0","Philadelphia Flyers","PHI","2",
"2001-02-01","Mighty Ducks of Anaheim","MDA","4","Phoenix Coyotes","PHX","2",
"2001-02-01","Dallas Stars","DAL","4","San Jose Sharks","SJS","2",
"2001-02-01","Columbus Blue Jackets","CBJ","2","St. Louis Blues","STL","2",
"2001-02-01","Buffalo Sabres","BUF","2","Tampa Bay Lightning","TBL","4",
"2001-02-01","Colorado Avalanche","COL","3","Vancouver Canucks","VAN","5",
"2001-02-01","Toronto Maple Leafs","TOR","4","Washington Capitals","WSH","5",
"2001-02-06","Philadelphia Flyers","PHI","3","Boston Bruins","BOS","4",
"2001-02-06","St. Louis Blues","STL","2","Columbus Blue Jackets","CBJ","2",
"2001-02-06","San Jose Sharks","SJS","1","Calgary Flames","CGY","1",
"2001-02-06","Ottawa Senators","OTT","2","Detroit Red Wings","DET","4",
"2001-02-06","Chicago Blackhawks","CHI","3","Los Angeles Kings","LAK","3",
"2001-02-06","New Jersey Devils","NJD","4","Montreal Canadiens","MTL","0",
"2001-02-06","Buffalo Sabres","BUF","6","New York Rangers","NYR","3",
"2001-02-06","Minnesota Wild","MIN","4","Tampa Bay Lightning","TBL","2",
"2001-02-07","New York Islanders","NYI","1","Buffalo Sabres","BUF","2",
"2001-02-07","Washington Capitals","WSH","3","Colorado Avalanche","COL","1",
"2001-02-07","Edmonton Oilers","EDM","2","Dallas Stars","DAL","3",
"2001-02-07","Minnesota Wild","MIN","1","Florida Panthers","FLA","2",
"2001-02-07","Chicago Blackhawks","CHI","3","Mighty Ducks of Anaheim","MDA","2",
"2001-02-07","Carolina Hurricanes","CAR","2","Phoenix Coyotes","PHX","1",
"2001-02-07","Philadelphia Flyers","PHI","4","Pittsburgh Penguins","PIT","9",
"2001-02-07","Atlanta Thrashers","ATL","1","Toronto Maple Leafs","TOR","7",
"2001-02-08","Toronto Maple Leafs","TOR","1","Detroit Red Wings","DET","2",
"2001-02-08","Carolina Hurricanes","CAR","2","Los Angeles Kings","LAK","4",
"2001-02-08","Columbus Blue Jackets","CBJ","1","Nashville Predators","NSH","3",
"2001-02-08","New Jersey Devils","NJD","4","Ottawa Senators","OTT","4",
"2001-02-08","Tampa Bay Lightning","TBL","1","St. Louis Blues","STL","4",
"2001-02-08","San Jose Sharks","SJS","0","Vancouver Canucks","VAN","0",
"2001-02-09","Boston Bruins","BOS","1","Atlanta Thrashers","ATL","5",
"2001-02-09","Calgary Flames","CGY","5","Colorado Avalanche","COL","3",
"2001-02-09","Minnesota Wild","MIN","2","Dallas Stars","DAL","1",
"2001-02-09","New York Rangers","NYR","4","Florida Panthers","FLA","2",
"2001-02-09","Washington Capitals","WSH","4","Mighty Ducks of Anaheim","MDA","3",
"2001-02-09","Philadelphia Flyers","PHI","5","New York Islanders","NYI","2",
"2001-02-09","Edmonton Oilers","EDM","0","Phoenix Coyotes","PHX","2",
"2001-02-10","Florida Panthers","FLA","7","Atlanta Thrashers","ATL","3",
"2001-02-10","Tampa Bay Lightning","TBL","2","Boston Bruins","BOS","6",
"2001-02-10","Nashville Predators","NSH","2","Columbus Blue Jackets","CBJ","3",
"2001-02-10","St. Louis Blues","STL","4","Colorado Avalanche","COL","3",
"2001-02-10","Washington Capitals","WSH","4","Los Angeles Kings","LAK","3",
"2001-02-10","New York Islanders","NYI","3","Montreal Canadiens","MTL","5",
"2001-02-10","Buffalo Sabres","BUF","2","Ottawa Senators","OTT","1",
"2001-02-10","New Jersey Devils","NJD","4","Pittsburgh Penguins","PIT","5",
"2001-02-10","Chicago Blackhawks","CHI","2","San Jose Sharks","SJS","3",
"2001-02-10","Detroit Red Wings","DET","3","Toronto Maple Leafs","TOR","3",
"2001-02-10","Calgary Flames","CGY","4","Vancouver Canucks","VAN","1",
"2001-02-11","Montreal Canadiens","MTL","4","Buffalo Sabres","BUF","3",
"2001-02-11","St. Louis Blues","STL","3","Dallas Stars","DAL","3",
"2001-02-11","Carolina Hurricanes","CAR","2","Mighty Ducks of Anaheim","MDA","2",
"2001-02-11","Pittsburgh Penguins","PIT","2","Minnesota Wild","MIN","4",
"2001-02-11","New Jersey Devils","NJD","1","New York Rangers","NYR","1",
"2001-02-11","Chicago Blackhawks","CHI","2","Phoenix Coyotes","PHX","3",
"2001-02-12","New York Rangers","NYR","4","Columbus Blue Jackets","CBJ","3",
"2001-02-12","Edmonton Oilers","EDM","6","Los Angeles Kings","LAK","3",
"2001-02-12","New York Islanders","NYI","1","Ottawa Senators","OTT","3",
"2001-02-13","Buffalo Sabres","BUF","4","Atlanta Thrashers","ATL","5",
"2001-02-13","Washington Capitals","WSH","4","Calgary Flames","CGY","4",
"2001-02-13","Colorado Avalanche","COL","3","Montreal Canadiens","MTL","2",
"2001-02-13","Dallas Stars","DAL","2","Nashville Predators","NSH","1",
"2001-02-13","Phoenix Coyotes","PHX","5","Tampa Bay Lightning","TBL","2",
"2001-02-14","San Jose Sharks","SJS","7","Chicago Blackhawks","CHI","0",
"2001-02-14","Los Angeles Kings","LAK","2","Dallas Stars","DAL","4",
"2001-02-14","Carolina Hurricanes","CAR","3","Detroit Red Wings","DET","4",
"2001-02-14","Phoenix Coyotes","PHX","3","Florida Panthers","FLA","4",
"2001-02-14","Edmonton Oilers","EDM","3","Mighty Ducks of Anaheim","MDA","3",
"2001-02-14","Ottawa Senators","OTT","3","New Jersey Devils","NJD","2",
"2001-02-14","Philadelphia Flyers","PHI","3","New York Islanders","NYI","1",
"2001-02-14","Minnesota Wild","MIN","1","Pittsburgh Penguins","PIT","2",
"2001-02-14","Columbus Blue Jackets","CBJ","2","Toronto Maple Leafs","TOR","2",
"2001-02-14","Washington Capitals","WSH","4","Vancouver Canucks","VAN","3",
"2001-02-15","Atlanta Thrashers","ATL","1","Buffalo Sabres","BUF","3",
"2001-02-15","Colorado Avalanche","COL","1","Ottawa Senators","OTT","4",
"2001-02-15","Toronto Maple Leafs","TOR","2","Philadelphia Flyers","PHI","5",
"2001-02-15","Calgary Flames","CGY","1","St. Louis Blues","STL","4",
"2001-02-15","Boston Bruins","BOS","6","Tampa Bay Lightning","TBL","3",
"2001-02-16","Phoenix Coyotes","PHX","2","Carolina Hurricanes","CAR","0",
"2001-02-16","St. Louis Blues","STL","2","Chicago Blackhawks","CHI","6",
"2001-02-16","Mighty Ducks of Anaheim","MDA","2","Dallas Stars","DAL","3",
"2001-02-16","Columbus Blue Jackets","CBJ","2","Detroit Red Wings","DET","4",
"2001-02-16","New York Islanders","NYI","4","Edmonton Oilers","EDM","2",
"2001-02-16","Boston Bruins","BOS","1","Florida Panthers","FLA","2",
"2001-02-16","Los Angeles Kings","LAK","4","Minnesota Wild","MIN","0",
"2001-02-16","Pittsburgh Penguins","PIT","4","New Jersey Devils","NJD","4",
"2001-02-16","San Jose Sharks","SJS","2","Nashville Predators","NSH","0",
"2001-02-17","New Jersey Devils","NJD","1","Buffalo Sabres","BUF","5",
"2001-02-17","Pittsburgh Penguins","PIT","3","Columbus Blue Jackets","CBJ","2",
"2001-02-17","Vancouver Canucks","VAN","6","Edmonton Oilers","EDM","5",
"2001-02-17","Washington Capitals","WSH","6","Montreal Canadiens","MTL","3",
"2001-02-17","Atlanta Thrashers","ATL","1","Philadelphia Flyers","PHI","5",
"2001-02-17","New York Rangers","NYR","5","Tampa Bay Lightning","TBL","4",
"2001-02-17","Colorado Avalanche","COL","5","Toronto Maple Leafs","TOR","5",
"2001-02-18","Boston Bruins","BOS","4","Carolina Hurricanes","CAR","5",
"2001-02-18","Los Angeles Kings","LAK","0","Chicago Blackhawks","CHI","3",
"2001-02-18","Detroit Red Wings","DET","2","Dallas Stars","DAL","1",
"2001-02-18","San Jose Sharks","SJS","1","Minnesota Wild","MIN","3",
"2001-02-18","Tampa Bay Lightning","TBL","2","Nashville Predators","NSH","3",
"2001-02-18","Montreal Canadiens","MTL","0","Ottawa Senators","OTT","4",
"2001-02-18","Calgary Flames","CGY","4","Phoenix Coyotes","PHX","1",
"2001-02-18","New York Islanders","NYI","2","Vancouver Canucks","VAN","3",
"2001-02-19","Ottawa Senators","OTT","0","Buffalo Sabres","BUF","2",
"2001-02-19","St. Louis Blues","STL","0","Florida Panthers","FLA","3",
"2001-02-19","Calgary Flames","CGY","2","Mighty Ducks of Anaheim","MDA","6",
"2001-02-19","Chicago Blackhawks","CHI","2","New York Rangers","NYR","4",
"2001-02-19","Carolina Hurricanes","CAR","0","Philadelphia Flyers","PHI","4",
"2001-02-19","Colorado Avalanche","COL","5","Pittsburgh Penguins","PIT","1",
"2001-02-19","New Jersey Devils","NJD","2","Toronto Maple Leafs","TOR","0",
"2001-02-20","Los Angeles Kings","LAK","0","Edmonton Oilers","EDM","5",
"2001-02-20","Detroit Red Wings","DET","3","Nashville Predators","NSH","3",
"2001-02-20","Columbus Blue Jackets","CBJ","2","San Jose Sharks","SJS","3",
"2001-02-20","St. Louis Blues","STL","2","Tampa Bay Lightning","TBL","3",
"2001-02-21","Atlanta Thrashers","ATL","3","Carolina Hurricanes","CAR","6",
"2001-02-21","Detroit Red Wings","DET","7","Chicago Blackhawks","CHI","3",
"2001-02-21","Boston Bruins","BOS","2","Colorado Avalanche","COL","8",
"2001-02-21","Minnesota Wild","MIN","2","Dallas Stars","DAL","6",
"2001-02-21","San Jose Sharks","SJS","0","Mighty Ducks of Anaheim","MDA","1",
"2001-02-21","Vancouver Canucks","VAN","2","Montreal Canadiens","MTL","1",
"2001-02-21","Columbus Blue Jackets","CBJ","2","Phoenix Coyotes","PHX","3",
"2001-02-21","Florida Panthers","FLA","2","Pittsburgh Penguins","PIT","3",
"2001-02-21","Nashville Predators","NSH","1","Washington Capitals","WSH","2",
"2001-02-22","Los Angeles Kings","LAK","2","Calgary Flames","CGY","0",
"2001-02-22","Buffalo Sabres","BUF","1","New Jersey Devils","NJD","0",
"2001-02-22","Philadelphia Flyers","PHI","3","New York Islanders","NYI","4",
"2001-02-22","Florida Panthers","FLA","2","Ottawa Senators","OTT","4",
"2001-02-22","Vancouver Canucks","VAN","1","Toronto Maple Leafs","TOR","4",
"2001-02-23","Phoenix Coyotes","PHX","7","Buffalo Sabres","BUF","3",
"2001-02-23","New Jersey Devils","NJD","2","Carolina Hurricanes","CAR","3",
"2001-02-23","Atlanta Thrashers","ATL","0","Chicago Blackhawks","CHI","1",
"2001-02-23","Minnesota Wild","MIN","1","Colorado Avalanche","COL","4",
"2001-02-23","Boston Bruins","BOS","4","Dallas Stars","DAL","5",
"2001-02-23","St. Louis Blues","STL","2","Detroit Red Wings","DET","4",
"2001-02-23","New York Rangers","NYR","4","Pittsburgh Penguins","PIT","6",
"2001-02-23","Mighty Ducks of Anaheim","MDA","1","San Jose Sharks","SJS","3",
"2001-02-23","Montreal Canadiens","MTL","1","Washington Capitals","WSH","3",
"2001-02-24","Washington Capitals","WSH","2","Carolina Hurricanes","CAR","1",
"2001-02-24","Edmonton Oilers","EDM","3","Calgary Flames","CGY","1",
"2001-02-24","Columbus Blue Jackets","CBJ","1","Los Angeles Kings","LAK","3",
"2001-02-24","Minnesota Wild","MIN","1","Nashville Predators","NSH","2",
"2001-02-24","Florida Panthers","FLA","4","New York Islanders","NYI","5",
"2001-02-24","Vancouver Canucks","VAN","0","Ottawa Senators","OTT","3",
"2001-02-24","Tampa Bay Lightning","TBL","0","Philadelphia Flyers","PHI","0",
"2001-02-24","Boston Bruins","BOS","2","St. Louis Blues","STL","3",
"2001-02-24","Montreal Canadiens","MTL","1","Toronto Maple Leafs","TOR","5",
"2001-02-25","Tampa Bay Lightning","TBL","4","Buffalo Sabres","BUF","5",
"2001-02-25","Toronto Maple Leafs","TOR","4","Chicago Blackhawks","CHI","6",
"2001-02-25","Atlanta Thrashers","ATL","2","Colorado Avalanche","COL","5",
"2001-02-25","Phoenix Coyotes","PHX","3","Detroit Red Wings","DET","6",
"2001-02-25","Dallas Stars","DAL","2","Edmonton Oilers","EDM","3",
"2001-02-25","Columbus Blue Jackets","CBJ","5","Mighty Ducks of Anaheim","MDA","2",
"2001-02-25","New York Rangers","NYR","1","Philadelphia Flyers","PHI","2",
"2001-02-25","New York Islanders","NYI","1","Pittsburgh Penguins","PIT","6",
"2001-02-26","Dallas Stars","DAL","2","Calgary Flames","CGY","3",
"2001-02-26","Vancouver Canucks","VAN","5","Minnesota Wild","MIN","2",
"2001-02-26","Florida Panthers","FLA","3","New Jersey Devils","NJD","5",
"2001-02-26","Ottawa Senators","OTT","3","New York Rangers","NYR","2",
"2001-02-26","San Jose Sharks","SJS","2","St. Louis Blues","STL","7",
"2001-02-27","Carolina Hurricanes","CAR","1","Atlanta Thrashers","ATL","1",
"2001-02-27","Phoenix Coyotes","PHX","4","Boston Bruins","BOS","7",
"2001-02-27","Los Angeles Kings","LAK","2","Nashville Predators","NSH","1",
"2001-02-27","New Jersey Devils","NJD","4","New York Islanders","NYI","1",
"2001-02-27","Buffalo Sabres","BUF","4","Ottawa Senators","OTT","1",
"2001-02-27","Montreal Canadiens","MTL","3","Philadelphia Flyers","PHI","2",
"2001-02-27","Chicago Blackhawks","CHI","3","Washington Capitals","WSH","2",
"2001-02-28","Phoenix Coyotes","PHX","2","Columbus Blue Jackets","CBJ","5",
"2001-02-28","St. Louis Blues","STL","3","Edmonton Oilers","EDM","5",
"2001-02-28","Detroit Red Wings","DET","3","Mighty Ducks of Anaheim","MDA","1",
"2001-02-28","Pittsburgh Penguins","PIT","2","Montreal Canadiens","MTL","4",
"2001-02-28","Florida Panthers","FLA","2","New York Rangers","NYR","4",
"2001-02-28","San Jose Sharks","SJS","1","Toronto Maple Leafs","TOR","2",
"2001-02-28","Dallas Stars","DAL","4","Vancouver Canucks","VAN","5",
"2001-03-01","Tampa Bay Lightning","TBL","1","Boston Bruins","BOS","3",
"2001-03-01","Minnesota Wild","MIN","1","Calgary Flames","CGY","1",
"2001-03-01","Los Angeles Kings","LAK","2","Chicago Blackhawks","CHI","2",
"2001-03-01","Columbus Blue Jackets","CBJ","5","Nashville Predators","NSH","2",
"2001-03-01","Carolina Hurricanes","CAR","3","New York Islanders","NYI","1",
"2001-03-01","San Jose Sharks","SJS","4","Ottawa Senators","OTT","8",
"2001-03-01","Buffalo Sabres","BUF","0","Philadelphia Flyers","PHI","2",
"2001-03-01","Toronto Maple Leafs","TOR","3","Washington Capitals","WSH","2",
"2001-03-02","Minnesota Wild","MIN","1","Edmonton Oilers","EDM","3",
"2001-03-02","Atlanta Thrashers","ATL","4","Florida Panthers","FLA","3",
"2001-03-02","Dallas Stars","DAL","5","Mighty Ducks of Anaheim","MDA","2",
"2001-03-02","Carolina Hurricanes","CAR","3","New Jersey Devils","NJD","7",
"2001-03-02","Pittsburgh Penguins","PIT","7","New York Rangers","NYR","5",
"2001-03-02","Detroit Red Wings","DET","2","Phoenix Coyotes","PHX","2",
"2001-03-02","St. Louis Blues","STL","2","Vancouver Canucks","VAN","3",
"2001-03-03","Florida Panthers","FLA","2","Atlanta Thrashers","ATL","2",
"2001-03-03","San Jose Sharks","SJS","2","Boston Bruins","BOS","3",
"2001-03-03","St. Louis Blues","STL","2","Calgary Flames","CGY","3",
"2001-03-03","Buffalo Sabres","BUF","3","Colorado Avalanche","COL","2",
"2001-03-03","Detroit Red Wings","DET","3","Los Angeles Kings","LAK","6",
"2001-03-03","Philadelphia Flyers","PHI","1","Montreal Canadiens","MTL","3",
"2001-03-03","Tampa Bay Lightning","TBL","6","New York Islanders","NYI","0",
"2001-03-03","Ottawa Senators","OTT","3","Toronto Maple Leafs","TOR","2",
"2001-03-03","Pittsburgh Penguins","PIT","3","Washington Capitals","WSH","4",
"2001-03-04","Carolina Hurricanes","CAR","6","Chicago Blackhawks","CHI","3",
"2001-03-04","Buffalo Sabres","BUF","1","Dallas Stars","DAL","4",
"2001-03-04","Los Angeles Kings","LAK","0","Mighty Ducks of Anaheim","MDA","4",
"2001-03-04","Tampa Bay Lightning","TBL","0","New Jersey Devils","NJD","6",
"2001-03-04","New York Rangers","NYR","2","Nashville Predators","NSH","5",
"2001-03-04","Colorado Avalanche","COL","5","Phoenix Coyotes","PHX","0",
"2001-03-04","Minnesota Wild","MIN","4","Vancouver Canucks","VAN","3",
"2001-03-05","New York Islanders","NYI","5","New York Rangers","NYR","2",
"2001-03-05","Boston Bruins","BOS","4","Philadelphia Flyers","PHI","6",
"2001-03-06","Colorado Avalanche","COL","4","Atlanta Thrashers","ATL","2",
"2001-03-06","Buffalo Sabres","BUF","3","Boston Bruins","BOS","1",
"2001-03-06","Toronto Maple Leafs","TOR","3","Calgary Flames","CGY","1",
"2001-03-06","Montreal Canadiens","MTL","3","Los Angeles Kings","LAK","4",
"2001-03-06","St. Louis Blues","STL","3","Minnesota Wild","MIN","3",
"2001-03-06","Ottawa Senators","OTT","2","New Jersey Devils","NJD","3",
"2001-03-06","Washington Capitals","WSH","5","New York Islanders","NYI","1",
"2001-03-06","Nashville Predators","NSH","1","Phoenix Coyotes","PHX","5",
"2001-03-06","San Jose Sharks","SJS","1","Tampa Bay Lightning","TBL","2",
"2001-03-06","Detroit Red Wings","DET","4","Vancouver Canucks","VAN","3",
"2001-03-07","Columbus Blue Jackets","CBJ","1","Carolina Hurricanes","CAR","2",
"2001-03-07","Chicago Blackhawks","CHI","4","Dallas Stars","DAL","1",
"2001-03-07","Toronto Maple Leafs","TOR","0","Edmonton Oilers","EDM","4",
"2001-03-07","San Jose Sharks","SJS","3","Florida Panthers","FLA","3",
"2001-03-07","Montreal Canadiens","MTL","2","Mighty Ducks of Anaheim","MDA","4",
"2001-03-07","Washington Capitals","WSH","4","Pittsburgh Penguins","PIT","3",
"2001-03-08","Pittsburgh Penguins","PIT","5","Atlanta Thrashers","ATL","3",
"2001-03-08","Ottawa Senators","OTT","5","Boston Bruins","BOS","3",
"2001-03-08","Nashville Predators","NSH","1","Los Angeles Kings","LAK","4",
"2001-03-08","Minnesota Wild","MIN","2","New Jersey Devils","NJD","6",
"2001-03-08","Calgary Flames","CGY","2","Philadelphia Flyers","PHI","5",
"2001-03-08","Vancouver Canucks","VAN","2","Phoenix Coyotes","PHX","3",
"2001-03-08","Colorado Avalanche","COL","5","St. Louis Blues","STL","2",
"2001-03-08","Carolina Hurricanes","CAR","0","Tampa Bay Lightning","TBL","1",
"2001-03-09","Edmonton Oilers","EDM","4","Buffalo Sabres","BUF","0",
"2001-03-09","Columbus Blue Jackets","CBJ","7","Florida Panthers","FLA","6",
"2001-03-09","Chicago Blackhawks","CHI","1","Mighty Ducks of Anaheim","MDA","3",
"2001-03-09","Minnesota Wild","MIN","4","New York Islanders","NYI","1",
"2001-03-09","New York Rangers","NYR","3","Washington Capitals","WSH","5",
"2001-03-10","Atlanta Thrashers","ATL","7","Boston Bruins","BOS","5",
"2001-03-10","Colorado Avalanche","COL","2","Dallas Stars","DAL","3",
"2001-03-10","Chicago Blackhawks","CHI","2","Los Angeles Kings","LAK","2",
"2001-03-10","New York Rangers","NYR","3","Ottawa Senators","OTT","2",
"2001-03-10","New Jersey Devils","NJD","3","Philadelphia Flyers","PHI","2",
"2001-03-10","Montreal Canadiens","MTL","3","Phoenix Coyotes","PHX","3",
"2001-03-10","Calgary Flames","CGY","3","Pittsburgh Penguins","PIT","6",
"2001-03-10","Nashville Predators","NSH","3","San Jose Sharks","SJS","0",
"2001-03-10","Detroit Red Wings","DET","2","St. Louis Blues","STL","2",
"2001-03-10","Columbus Blue Jackets","CBJ","1","Tampa Bay Lightning","TBL","4",
"2001-03-10","Toronto Maple Leafs","TOR","3","Vancouver Canucks","VAN","3",
"2001-03-11","Calgary Flames","CGY","3","Atlanta Thrashers","ATL","3",
"2001-03-11","Edmonton Oilers","EDM","3","Carolina Hurricanes","CAR","2",
"2001-03-11","Dallas Stars","DAL","2","Colorado Avalanche","COL","3",
"2001-03-11","Nashville Predators","NSH","0","Mighty Ducks of Anaheim","MDA","1",
"2001-03-11","Detroit Red Wings","DET","3","Minnesota Wild","MIN","2",
"2001-03-11","Florida Panthers","FLA","4","New York Islanders","NYI","1",
"2001-03-11","Ottawa Senators","OTT","5","Washington Capitals","WSH","6",
"2001-03-12","Pittsburgh Penguins","PIT","3","New York Rangers","NYR","3",
"2001-03-12","Montreal Canadiens","MTL","0","San Jose Sharks","SJS","3",
"2001-03-13","Dallas Stars","DAL","3","Chicago Blackhawks","CHI","0",
"2001-03-13","New Jersey Devils","NJD","6","Colorado Avalanche","COL","3",
"2001-03-13","Vancouver Canucks","VAN","2","Detroit Red Wings","DET","2",
"2001-03-13","St. Louis Blues","STL","2","Philadelphia Flyers","PHI","5",
"2001-03-13","Edmonton Oilers","EDM","5","Tampa Bay Lightning","TBL","4",
"2001-03-13","Mighty Ducks of Anaheim","MDA","2","Washington Capitals","WSH","0",
"2001-03-14","New York Rangers","NYR","3","Buffalo Sabres","BUF","6",
"2001-03-14","Montreal Canadiens","MTL","6","Carolina Hurricanes","CAR","3",
"2001-03-14","Calgary Flames","CGY","0","Columbus Blue Jackets","CBJ","3",
"2001-03-14","Edmonton Oilers","EDM","2","Florida Panthers","FLA","2",
"2001-03-14","St. Louis Blues","STL","1","Minnesota Wild","MIN","0",
"2001-03-14","Atlanta Thrashers","ATL","1","Ottawa Senators","OTT","8",
"2001-03-14","New Jersey Devils","NJD","3","Phoenix Coyotes","PHX","2",
"2001-03-14","New York Islanders","NYI","3","Pittsburgh Penguins","PIT","1",
"2001-03-14","Los Angeles Kings","LAK","4","San Jose Sharks","SJS","1",
"2001-03-14","Mighty Ducks of Anaheim","MDA","2","Toronto Maple Leafs","TOR","3",
"2001-03-15","Vancouver Canucks","VAN","2","Boston Bruins","BOS","2",
"2001-03-15","Nashville Predators","NSH","2","Chicago Blackhawks","CHI","3",
"2001-03-15","Calgary Flames","CGY","2","Detroit Red Wings","DET","5",
"2001-03-15","Minnesota Wild","MIN","0","Philadelphia Flyers","PHI","3",
"2001-03-15","Toronto Maple Leafs","TOR","2","Tampa Bay Lightning","TBL","3",
"2001-03-15","Carolina Hurricanes","CAR","3","Washington Capitals","WSH","0",
"2001-03-16","Columbus Blue Jackets","CBJ","3","Atlanta Thrashers","ATL","0",
"2001-03-16","Vancouver Canucks","VAN","2","Buffalo Sabres","BUF","4",
"2001-03-16","Phoenix Coyotes","PHX","1","Dallas Stars","DAL","1",
"2001-03-16","Pittsburgh Penguins","PIT","6","Florida Panthers","FLA","3",
"2001-03-16","Mighty Ducks of Anaheim","MDA","1","Ottawa Senators","OTT","4",
"2001-03-17","New York Islanders","NYI","3","Columbus Blue Jackets","CBJ","3",
"2001-03-17","St. Louis Blues","STL","2","Calgary Flames","CGY","2",
"2001-03-17","Detroit Red Wings","DET","3","Colorado Avalanche","COL","5",
"2001-03-17","New Jersey Devils","NJD","6","Edmonton Oilers","EDM","5",
"2001-03-17","Toronto Maple Leafs","TOR","5","Florida Panthers","FLA","3",
"2001-03-17","San Jose Sharks","SJS","0","Los Angeles Kings","LAK","1",
"2001-03-17","Boston Bruins","BOS","3","Montreal Canadiens","MTL","2",
"2001-03-17","Phoenix Coyotes","PHX","1","Nashville Predators","NSH","4",
"2001-03-17","New York Rangers","NYR","1","Philadelphia Flyers","PHI","2",
"2001-03-17","Pittsburgh Penguins","PIT","1","Tampa Bay Lightning","TBL","5",
"2001-03-17","Buffalo Sabres","BUF","3","Washington Capitals","WSH","2",
"2001-03-18","Vancouver Canucks","VAN","5","Atlanta Thrashers","ATL","3",
"2001-03-18","New York Islanders","NYI","1","Carolina Hurricanes","CAR","2",
"2001-03-18","Mighty Ducks of Anaheim","MDA","4","Chicago Blackhawks","CHI","1",
"2001-03-18","Minnesota Wild","MIN","3","Colorado Avalanche","COL","4",
"2001-03-18","Ottawa Senators","OTT","1","Dallas Stars","DAL","5",
"2001-03-18","Detroit Red Wings","DET","6","San Jose Sharks","SJS","4",
"2001-03-19","Nashville Predators","NSH","2","Columbus Blue Jackets","CBJ","1",
"2001-03-19","New Jersey Devils","NJD","4","Calgary Flames","CGY","2",
"2001-03-19","Philadelphia Flyers","PHI","4","Edmonton Oilers","EDM","2",
"2001-03-19","Phoenix Coyotes","PHX","2","Los Angeles Kings","LAK","6",
"2001-03-19","Dallas Stars","DAL","4","Minnesota Wild","MIN","1",
"2001-03-19","Washington Capitals","WSH","3","New York Rangers","NYR","6",
"2001-03-20","Toronto Maple Leafs","TOR","0","Buffalo Sabres","BUF","3",
"2001-03-20","San Jose Sharks","SJS","1","Colorado Avalanche","COL","4",
"2001-03-20","Florida Panthers","FLA","3","Montreal Canadiens","MTL","3",
"2001-03-20","Boston Bruins","BOS","2","Pittsburgh Penguins","PIT","2",
"2001-03-20","New York Islanders","NYI","4","St. Louis Blues","STL","3",
"2001-03-21","Tampa Bay Lightning","TBL","4","Atlanta Thrashers","ATL","3",
"2001-03-21","Buffalo Sabres","BUF","0","Carolina Hurricanes","CAR","1",
"2001-03-21","Vancouver Canucks","VAN","1","Columbus Blue Jackets","CBJ","1",
"2001-03-21","Mighty Ducks of Anaheim","MDA","0","Dallas Stars","DAL","8",
"2001-03-21","Edmonton Oilers","EDM","7","Los Angeles Kings","LAK","0",
"2001-03-21","Nashville Predators","NSH","0","Minnesota Wild","MIN","0",
"2001-03-21","New York Rangers","NYR","0","New Jersey Devils","NJD","4",
"2001-03-21","Ottawa Senators","OTT","5","Phoenix Coyotes","PHX","2",
"2001-03-21","Florida Panthers","FLA","3","Toronto Maple Leafs","TOR","1",
"2001-03-22","Montreal Canadiens","MTL","2","Boston Bruins","BOS","3",
"2001-03-22","Philadelphia Flyers","PHI","1","Calgary Flames","CGY","3",
"2001-03-22","Nashville Predators","NSH","2","Chicago Blackhawks","CHI","1",
"2001-03-22","Minnesota Wild","MIN","2","Detroit Red Wings","DET","4",
"2001-03-22","Ottawa Senators","OTT","2","San Jose Sharks","SJS","1",
"2001-03-22","Colorado Avalanche","COL","3","St. Louis Blues","STL","1",
"2001-03-22","Atlanta Thrashers","ATL","2","Tampa Bay Lightning","TBL","0",
"2001-03-23","Pittsburgh Penguins","PIT","3","Carolina Hurricanes","CAR","5",
"2001-03-23","New York Islanders","NYI","1","Dallas Stars","DAL","2",
"2001-03-23","Washington Capitals","WSH","1","Florida Panthers","FLA","4",
"2001-03-23","Vancouver Canucks","VAN","0","New Jersey Devils","NJD","4",
"2001-03-24","Colorado Avalanche","COL","4","Boston Bruins","BOS","2",
"2001-03-24","Carolina Hurricanes","CAR","1","Buffalo Sabres","BUF","3",
"2001-03-24","Calgary Flames","CGY","4","Columbus Blue Jackets","CBJ","6",
"2001-03-24","Mighty Ducks of Anaheim","MDA","3","Los Angeles Kings","LAK","3",
"2001-03-24","Atlanta Thrashers","ATL","3","Montreal Canadiens","MTL","2",
"2001-03-24","Ottawa Senators","OTT","4","Nashville Predators","NSH","0",
"2001-03-24","Detroit Red Wings","DET","6","New York Rangers","NYR","0",
"2001-03-24","Edmonton Oilers","EDM","4","Phoenix Coyotes","PHX","7",
"2001-03-24","Chicago Blackhawks","CHI","1","St. Louis Blues","STL","5",
"2001-03-24","Washington Capitals","WSH","3","Tampa Bay Lightning","TBL","2",
"2001-03-24","Philadelphia Flyers","PHI","3","Toronto Maple Leafs","TOR","5",
"2001-03-25","Calgary Flames","CGY","3","Chicago Blackhawks","CHI","1",
"2001-03-25","St. Louis Blues","STL","1","Dallas Stars","DAL","1",
"2001-03-25","Vancouver Canucks","VAN","2","Minnesota Wild","MIN","2",
"2001-03-25","Pittsburgh Penguins","PIT","4","New Jersey Devils","NJD","2",
"2001-03-25","Boston Bruins","BOS","3","New York Rangers","NYR","2",
"2001-03-25","New York Islanders","NYI","2","Phoenix Coyotes","PHX","2",
"2001-03-26","Buffalo Sabres","BUF","4","Atlanta Thrashers","ATL","0",
"2001-03-26","Montreal Canadiens","MTL","4","Carolina Hurricanes","CAR","2",
"2001-03-26","Columbus Blue Jackets","CBJ","2","Edmonton Oilers","EDM","4",
"2001-03-26","San Jose Sharks","SJS","0","Los Angeles Kings","LAK","0",
"2001-03-26","Philadelphia Flyers","PHI","3","Ottawa Senators","OTT","3",
"2001-03-27","Columbus Blue Jackets","CBJ","0","Calgary Flames","CGY","3",
"2001-03-27","Buffalo Sabres","BUF","1","Pittsburgh Penguins","PIT","4",
"2001-03-27","Los Angeles Kings","LAK","2","San Jose Sharks","SJS","3",
"2001-03-27","New Jersey Devils","NJD","7","Tampa Bay Lightning","TBL","1",
"2001-03-28","New Jersey Devils","NJD","4","Atlanta Thrashers","ATL","2",
"2001-03-28","Ottawa Senators","OTT","5","Chicago Blackhawks","CHI","2",
"2001-03-28","St. Louis Blues","STL","2","Detroit Red Wings","DET","5",
"2001-03-28","Colorado Avalanche","COL","1","Edmonton Oilers","EDM","4",
"2001-03-28","Montreal Canadiens","MTL","2","Florida Panthers","FLA","2",
"2001-03-28","Phoenix Coyotes","PHX","2","Minnesota Wild","MIN","0",
"2001-03-28","New York Islanders","NYI","2","New York Rangers","NYR","4",
"2001-03-28","Boston Bruins","BOS","3","Toronto Maple Leafs","TOR","0",
"2001-03-28","Dallas Stars","DAL","3","Vancouver Canucks","VAN","1",
"2001-03-28","Carolina Hurricanes","CAR","0","Washington Capitals","WSH","7",
"2001-03-29","Colorado Avalanche","COL","1","Calgary Flames","CGY","0",
"2001-03-29","Columbus Blue Jackets","CBJ","0","Los Angeles Kings","LAK","3",
"2001-03-29","Phoenix Coyotes","PHX","3","Nashville Predators","NSH","4",
"2001-03-29","New York Rangers","NYR","6","New York Islanders","NYI","4",
"2001-03-29","Toronto Maple Leafs","TOR","2","Philadelphia Flyers","PHI","1",
"2001-03-29","Chicago Blackhawks","CHI","2","Pittsburgh Penguins","PIT","5",
"2001-03-29","Mighty Ducks of Anaheim","MDA","4","San Jose Sharks","SJS","7",
"2001-03-29","Montreal Canadiens","MTL","6","Tampa Bay Lightning","TBL","2",
"2001-03-30","Atlanta Thrashers","ATL","0","Buffalo Sabres","BUF","4",
"2001-03-30","Washington Capitals","WSH","3","Carolina Hurricanes","CAR","4",
"2001-03-30","Dallas Stars","DAL","5","Edmonton Oilers","EDM","4",
"2001-03-30","Tampa Bay Lightning","TBL","4","Florida Panthers","FLA","2",
"2001-03-30","Boston Bruins","BOS","4","Ottawa Senators","OTT","5",
"2001-03-30","Mighty Ducks of Anaheim","MDA","2","Vancouver Canucks","VAN","2",
"2001-03-31","New York Islanders","NYI","2","Boston Bruins","BOS","4",
"2001-03-31","Dallas Stars","DAL","2","Calgary Flames","CGY","0",
"2001-03-31","Colorado Avalanche","COL","0","Los Angeles Kings","LAK","4",
"2001-03-31","Toronto Maple Leafs","TOR","1","Montreal Canadiens","MTL","4",
"2001-03-31","New York Rangers","NYR","4","New Jersey Devils","NJD","3",
"2001-03-31","Minnesota Wild","MIN","1","Nashville Predators","NSH","4",
"2001-03-31","Detroit Red Wings","DET","0","Philadelphia Flyers","PHI","1",
"2001-03-31","San Jose Sharks","SJS","1","Phoenix Coyotes","PHX","3",
"2001-03-31","St. Louis Blues","STL","3","Pittsburgh Penguins","PIT","5",
"2001-04-01","New York Rangers","NYR","4","Atlanta Thrashers","ATL","2",
"2001-04-01","St. Louis Blues","STL","1","Columbus Blue Jackets","CBJ","2",
"2001-04-01","Edmonton Oilers","EDM","3","Chicago Blackhawks","CHI","3",
"2001-04-01","Washington Capitals","WSH","1","Detroit Red Wings","DET","2",
"2001-04-01","Vancouver Canucks","VAN","1","Mighty Ducks of Anaheim","MDA","2",
"2001-04-01","Carolina Hurricanes","CAR","3","Ottawa Senators","OTT","2",
"2001-04-01","Buffalo Sabres","BUF","4","Tampa Bay Lightning","TBL","2",
"2001-04-02","Montreal Canadiens","MTL","2","Boston Bruins","BOS","3",
"2001-04-02","Edmonton Oilers","EDM","3","Colorado Avalanche","COL","5",
"2001-04-02","Calgary Flames","CGY","4","Dallas Stars","DAL","4",
"2001-04-02","Buffalo Sabres","BUF","5","Florida Panthers","FLA","3",
"2001-04-02","Vancouver Canucks","VAN","1","Los Angeles Kings","LAK","3",
"2001-04-02","Chicago Blackhawks","CHI","3","New Jersey Devils","NJD","4",
"2001-04-02","Pittsburgh Penguins","PIT","1","New York Islanders","NYI","4",
"2001-04-02","Minnesota Wild","MIN","2","San Jose Sharks","SJS","4",
"2001-04-03","Ottawa Senators","OTT","2","Atlanta Thrashers","ATL","5",
"2001-04-03","Detroit Red Wings","DET","1","Columbus Blue Jackets","CBJ","2",
"2001-04-03","Florida Panthers","FLA","2","Philadelphia Flyers","PHI","1",
"2001-04-03","Los Angeles Kings","LAK","2","Phoenix Coyotes","PHX","2",
"2001-04-03","Carolina Hurricanes","CAR","2","St. Louis Blues","STL","2",
"2001-04-03","New Jersey Devils","NJD","6","Washington Capitals","WSH","4",
"2001-04-04","Boston Bruins","BOS","3","Buffalo Sabres","BUF","2",
"2001-04-04","Calgary Flames","CGY","5","Chicago Blackhawks","CHI","2",
"2001-04-04","Mighty Ducks of Anaheim","MDA","1","Colorado Avalanche","COL","1",
"2001-04-04","Nashville Predators","NSH","1","Dallas Stars","DAL","5",
"2001-04-04","Minnesota Wild","MIN","2","Edmonton Oilers","EDM","2",
"2001-04-04","Carolina Hurricanes","CAR","3","New York Rangers","NYR","1",
"2001-04-04","Tampa Bay Lightning","TBL","2","Pittsburgh Penguins","PIT","4",
"2001-04-04","New York Islanders","NYI","2","Toronto Maple Leafs","TOR","4",
"2001-04-05","Atlanta Thrashers","ATL","0","Detroit Red Wings","DET","4",
"2001-04-05","Philadelphia Flyers","PHI","2","Montreal Canadiens","MTL","3",
"2001-04-05","Calgary Flames","CGY","0","Nashville Predators","NSH","4",
"2001-04-05","Phoenix Coyotes","PHX","0","San Jose Sharks","SJS","3",
"2001-04-05","Columbus Blue Jackets","CBJ","1","St. Louis Blues","STL","4",
"2001-04-05","New York Rangers","NYR","4","Tampa Bay Lightning","TBL","3",
"2001-04-05","Los Angeles Kings","LAK","2","Vancouver Canucks","VAN","3",
"2001-04-05","Florida Panthers","FLA","0","Washington Capitals","WSH","3",
"2001-04-06","Washington Capitals","WSH","1","Buffalo Sabres","BUF","2",
"2001-04-06","Atlanta Thrashers","ATL","2","Carolina Hurricanes","CAR","3",
"2001-04-06","Toronto Maple Leafs","TOR","1","Chicago Blackhawks","CHI","0",
"2001-04-06","Phoenix Coyotes","PHX","5","Mighty Ducks of Anaheim","MDA","2",
"2001-04-06","Columbus Blue Jackets","CBJ","2","Minnesota Wild","MIN","3",
"2001-04-06","Boston Bruins","BOS","2","New Jersey Devils","NJD","5",
"2001-04-06","Ottawa Senators","OTT","4","New York Islanders","NYI","3",
"2001-04-07","New York Islanders","NYI","2","Boston Bruins","BOS","4",
"2001-04-07","Los Angeles Kings","LAK","3","Calgary Flames","CGY","2",
"2001-04-07","Colorado Avalanche","COL","3","Detroit Red Wings","DET","4",
"2001-04-07","New York Rangers","NYR","0","Florida Panthers","FLA","3",
"2001-04-07","New Jersey Devils","NJD","2","Montreal Canadiens","MTL","0",
"2001-04-07","Toronto Maple Leafs","TOR","3","Ottawa Senators","OTT","5",
"2001-04-07","Pittsburgh Penguins","PIT","3","Philadelphia Flyers","PHI","4",
"2001-04-07","Dallas Stars","DAL","5","San Jose Sharks","SJS","4",
"2001-04-07","Nashville Predators","NSH","0","St. Louis Blues","STL","1",
"2001-04-07","Edmonton Oilers","EDM","4","Vancouver Canucks","VAN","2",
"2001-04-08","Philadelphia Flyers","PHI","2","Buffalo Sabres","BUF","1",
"2001-04-08","Pittsburgh Penguins","PIT","6","Carolina Hurricanes","CAR","4",
"2001-04-08","Chicago Blackhawks","CHI","3","Columbus Blue Jackets","CBJ","4",
"2001-04-08","San Jose Sharks","SJS","4","Mighty Ducks of Anaheim","MDA","1",
"2001-04-08","Colorado Avalanche","COL","4","Minnesota Wild","MIN","2",
"2001-04-08","Tampa Bay Lightning","TBL","1","Washington Capitals","WSH","2",
