rank,player,age,teamName,gamesPlayed,gamesStarted,wins,losses,plusMinus,goalsAgainst,shotsAgainst,saves,savePercentage,goalsAgainstAverage,shutouts,minutes,shortHandedAssists,qualityStarts,qualityStartsPercentage,badStarts,goalsAllowedPercentage,savedAboveAverage,goals,assists,points,penaltyMinutes
"1"0,"Clint Benedict"1,"30"2,"OTS"3,"24"4,""5,"14"6,"9"7,"1"8,"54"9,""10,""11,""12,"2.18"13,"4"14,"1486"15,""16,""17,""18,""19,""20,"0"21,"0"22,"0"23,"2"
"2"0,"Jake Forbes"1,"25"2,"HAM"3,"24"4,""5,"6"6,"18"7,"0"8,"110"9,""10,""11,""12,"4.49"13,"0"14,"1470"15,""16,""17,""18,""19,""20,"0"21,"0"22,"0"23,"0"
"3"0,"John Ross Roach"1,"22"2,"TRS"3,"24"4,""5,"13"6,"10"7,"1"8,"88"9,""10,""11,""12,"3.59"13,"1"14,"1469"15,""16,""17,""18,""19,""20,"0"21,"0"22,"0"23,"0"
"4"0,"Georges Vezina"1,"36"2,"MTL"3,"24"4,""5,"13"6,"9"7,"2"8,"61"9,""10,""11,""12,"2.46"13,"2"14,"1488"15,""16,""17,""18,""19,""20,"0"21,"0"22,"0"23,"0"
